circuit,distribution,metric,bit,cnf,n_pi_active,n_vars,n_clauses,const,result,runtime_s,timed_out,error
add32,D0,ER,,add32_er.cnf,56,186,391,,5613615/33554432,1.186,False,
add32,D0,MED,0,add32_med_0.cnf_const0,0,1,2,0,0,1.037,False,
add32,D0,MED,1,add32_med_1.cnf_const0,0,1,2,0,0,0.942,False,
add32,D0,MED,10,add32_med_10.cnf_const0,0,1,2,0,0,2.266,False,
add32,D0,MED,11,add32_med_11.cnf_const0,0,1,2,0,0,0.944,False,
add32,D0,MED,12,add32_med_12.cnf,16,48,97,,15/512,0.957,False,
add32,D0,MED,13,add32_med_13.cnf_const0,0,1,2,0,0,0.638,False,
add32,D0,MED,14,add32_med_14.cnf_const0,0,1,2,0,0,0.638,False,
add32,D0,MED,15,add32_med_15.cnf_const0,0,1,2,0,0,0.622,False,
add32,D0,MED,16,add32_med_16.cnf,16,47,94,,15/512,0.9,False,
add32,D0,MED,17,add32_med_17.cnf_const0,0,1,2,0,0,0.739,False,
add32,D0,MED,18,add32_med_18.cnf_const0,0,1,2,0,0,0.699,False,
add32,D0,MED,19,add32_med_19.cnf_const0,0,1,2,0,0,1.037,False,
add32,D0,MED,2,add32_med_2.cnf_const0,0,1,2,0,0,0.679,False,
add32,D0,MED,20,add32_med_20.cnf,16,47,94,,15/512,2.298,False,
add32,D0,MED,21,add32_med_21.cnf_const0,0,1,2,0,0,0.69,False,
add32,D0,MED,22,add32_med_22.cnf_const0,0,1,2,0,0,0.773,False,
add32,D0,MED,23,add32_med_23.cnf_const0,0,1,2,0,0,0.774,False,
add32,D0,MED,24,add32_med_24.cnf,16,46,91,,15/512,0.779,False,
add32,D0,MED,25,add32_med_25.cnf_const0,0,1,2,0,0,0.792,False,
add32,D0,MED,26,add32_med_26.cnf_const0,0,1,2,0,0,1.011,False,
add32,D0,MED,27,add32_med_27.cnf_const0,0,1,2,0,0,1.254,False,
add32,D0,MED,28,add32_med_28.cnf,16,45,88,,15/512,0.621,False,
add32,D0,MED,29,add32_med_29.cnf_const0,0,1,2,0,0,0.572,False,
add32,D0,MED,3,add32_med_3.cnf_const0,0,1,2,0,0,0.784,False,
add32,D0,MED,30,add32_med_30.cnf_const0,0,1,2,0,0,0.611,False,
add32,D0,MED,31,add32_med_31.cnf_const0,0,1,2,0,0,0.66,False,
add32,D0,MED,32,add32_med_32.cnf_const0,0,1,2,0,0,0.631,False,
add32,D0,MED,4,add32_med_4.cnf_const0,0,1,2,0,0,0.648,False,
add32,D0,MED,5,add32_med_5.cnf_const0,0,1,2,0,0,0.626,False,
add32,D0,MED,6,add32_med_6.cnf_const0,0,1,2,0,0,0.601,False,
add32,D0,MED,7,add32_med_7.cnf_const0,0,1,2,0,0,1.027,False,
add32,D0,MED,8,add32_med_8.cnf,16,45,88,,15/512,0.669,False,
add32,D0,MED,9,add32_med_9.cnf_const0,0,1,2,0,0,0.658,False,
add32,D1,ER,,add32_er.cnf,56,186,391,,109493248865240261835/9444732965739290427392,0.333,False,
add32,D1,MED,0,add32_med_0.cnf_const0,0,1,2,0,0,0.12,False,
add32,D1,MED,1,add32_med_1.cnf_const0,0,1,2,0,0,0.123,False,
add32,D1,MED,10,add32_med_10.cnf_const0,0,1,2,0,0,0.098,False,
add32,D1,MED,11,add32_med_11.cnf_const0,0,1,2,0,0,0.1,False,
add32,D1,MED,12,add32_med_12.cnf,16,48,97,,65043/33554432,0.115,False,
add32,D1,MED,13,add32_med_13.cnf_const0,0,1,2,0,0,0.099,False,
add32,D1,MED,14,add32_med_14.cnf_const0,0,1,2,0,0,0.098,False,
add32,D1,MED,15,add32_med_15.cnf_const0,0,1,2,0,0,0.096,False,
add32,D1,MED,16,add32_med_16.cnf,16,47,94,,65043/33554432,0.099,False,
add32,D1,MED,17,add32_med_17.cnf_const0,0,1,2,0,0,0.097,False,
add32,D1,MED,18,add32_med_18.cnf_const0,0,1,2,0,0,0.139,False,
add32,D1,MED,19,add32_med_19.cnf_const0,0,1,2,0,0,0.129,False,
add32,D1,MED,2,add32_med_2.cnf_const0,0,1,2,0,0,0.115,False,
add32,D1,MED,20,add32_med_20.cnf,16,47,94,,65043/33554432,0.126,False,
add32,D1,MED,21,add32_med_21.cnf_const0,0,1,2,0,0,0.109,False,
add32,D1,MED,22,add32_med_22.cnf_const0,0,1,2,0,0,0.156,False,
add32,D1,MED,23,add32_med_23.cnf_const0,0,1,2,0,0,0.144,False,
add32,D1,MED,24,add32_med_24.cnf,16,46,91,,65043/33554432,0.176,False,
add32,D1,MED,25,add32_med_25.cnf_const0,0,1,2,0,0,0.175,False,
add32,D1,MED,26,add32_med_26.cnf_const0,0,1,2,0,0,0.166,False,
add32,D1,MED,27,add32_med_27.cnf_const0,0,1,2,0,0,0.157,False,
add32,D1,MED,28,add32_med_28.cnf,16,45,88,,65043/33554432,0.164,False,
add32,D1,MED,29,add32_med_29.cnf_const0,0,1,2,0,0,0.135,False,
add32,D1,MED,3,add32_med_3.cnf_const0,0,1,2,0,0,0.118,False,
add32,D1,MED,30,add32_med_30.cnf_const0,0,1,2,0,0,0.142,False,
add32,D1,MED,31,add32_med_31.cnf_const0,0,1,2,0,0,0.144,False,
add32,D1,MED,32,add32_med_32.cnf_const0,0,1,2,0,0,0.142,False,
add32,D1,MED,4,add32_med_4.cnf_const0,0,1,2,0,0,0.148,False,
add32,D1,MED,5,add32_med_5.cnf_const0,0,1,2,0,0,0.154,False,
add32,D1,MED,6,add32_med_6.cnf_const0,0,1,2,0,0,0.134,False,
add32,D1,MED,7,add32_med_7.cnf_const0,0,1,2,0,0,0.128,False,
add32,D1,MED,8,add32_med_8.cnf,16,45,88,,65043/33554432,0.133,False,
add32,D1,MED,9,add32_med_9.cnf_const0,0,1,2,0,0,0.14,False,
add32,D2,ER,,add32_er.cnf,56,186,391,,960085443291754743315/9444732965739290427392,0.382,False,
add32,D2,MED,0,add32_med_0.cnf_const0,0,1,2,0,0,0.172,False,
add32,D2,MED,1,add32_med_1.cnf_const0,0,1,2,0,0,0.143,False,
add32,D2,MED,10,add32_med_10.cnf_const0,0,1,2,0,0,0.142,False,
add32,D2,MED,11,add32_med_11.cnf_const0,0,1,2,0,0,0.155,False,
add32,D2,MED,12,add32_med_12.cnf,16,48,97,,585387/33554432,0.155,False,
add32,D2,MED,13,add32_med_13.cnf_const0,0,1,2,0,0,0.108,False,
add32,D2,MED,14,add32_med_14.cnf_const0,0,1,2,0,0,0.113,False,
add32,D2,MED,15,add32_med_15.cnf_const0,0,1,2,0,0,0.112,False,
add32,D2,MED,16,add32_med_16.cnf,16,47,94,,585387/33554432,0.123,False,
add32,D2,MED,17,add32_med_17.cnf_const0,0,1,2,0,0,0.122,False,
add32,D2,MED,18,add32_med_18.cnf_const0,0,1,2,0,0,0.107,False,
add32,D2,MED,19,add32_med_19.cnf_const0,0,1,2,0,0,0.11,False,
add32,D2,MED,2,add32_med_2.cnf_const0,0,1,2,0,0,0.109,False,
add32,D2,MED,20,add32_med_20.cnf,16,47,94,,585387/33554432,0.118,False,
add32,D2,MED,21,add32_med_21.cnf_const0,0,1,2,0,0,0.118,False,
add32,D2,MED,22,add32_med_22.cnf_const0,0,1,2,0,0,0.136,False,
add32,D2,MED,23,add32_med_23.cnf_const0,0,1,2,0,0,0.126,False,
add32,D2,MED,24,add32_med_24.cnf,16,46,91,,585387/33554432,0.134,False,
add32,D2,MED,25,add32_med_25.cnf_const0,0,1,2,0,0,0.109,False,
add32,D2,MED,26,add32_med_26.cnf_const0,0,1,2,0,0,0.121,False,
add32,D2,MED,27,add32_med_27.cnf_const0,0,1,2,0,0,0.118,False,
add32,D2,MED,28,add32_med_28.cnf,16,45,88,,585387/33554432,0.155,False,
add32,D2,MED,29,add32_med_29.cnf_const0,0,1,2,0,0,0.139,False,
add32,D2,MED,3,add32_med_3.cnf_const0,0,1,2,0,0,0.139,False,
add32,D2,MED,30,add32_med_30.cnf_const0,0,1,2,0,0,0.128,False,
add32,D2,MED,31,add32_med_31.cnf_const0,0,1,2,0,0,0.123,False,
add32,D2,MED,32,add32_med_32.cnf_const0,0,1,2,0,0,0.125,False,
add32,D2,MED,4,add32_med_4.cnf_const0,0,1,2,0,0,0.144,False,
add32,D2,MED,5,add32_med_5.cnf_const0,0,1,2,0,0,0.144,False,
add32,D2,MED,6,add32_med_6.cnf_const0,0,1,2,0,0,0.142,False,
add32,D2,MED,7,add32_med_7.cnf_const0,0,1,2,0,0,0.13,False,
add32,D2,MED,8,add32_med_8.cnf,16,45,88,,585387/33554432,0.146,False,
add32,D2,MED,9,add32_med_9.cnf_const0,0,1,2,0,0,0.126,False,
add32,D3,ER,,add32_er.cnf,56,186,391,,732552028344852014475/9444732965739290427392,0.37,False,
add32,D3,MED,0,add32_med_0.cnf_const0,0,1,2,0,0,0.149,False,
add32,D3,MED,1,add32_med_1.cnf_const0,0,1,2,0,0,0.16,False,
add32,D3,MED,10,add32_med_10.cnf_const0,0,1,2,0,0,0.157,False,
add32,D3,MED,11,add32_med_11.cnf_const0,0,1,2,0,0,0.136,False,
add32,D3,MED,12,add32_med_12.cnf,16,48,97,,443475/33554432,0.142,False,
add32,D3,MED,13,add32_med_13.cnf_const0,0,1,2,0,0,0.114,False,
add32,D3,MED,14,add32_med_14.cnf_const0,0,1,2,0,0,0.106,False,
add32,D3,MED,15,add32_med_15.cnf_const0,0,1,2,0,0,0.127,False,
add32,D3,MED,16,add32_med_16.cnf,16,47,94,,443475/33554432,0.109,False,
add32,D3,MED,17,add32_med_17.cnf_const0,0,1,2,0,0,0.119,False,
add32,D3,MED,18,add32_med_18.cnf_const0,0,1,2,0,0,0.115,False,
add32,D3,MED,19,add32_med_19.cnf_const0,0,1,2,0,0,0.11,False,
add32,D3,MED,2,add32_med_2.cnf_const0,0,1,2,0,0,0.11,False,
add32,D3,MED,20,add32_med_20.cnf,16,47,94,,443475/33554432,0.118,False,
add32,D3,MED,21,add32_med_21.cnf_const0,0,1,2,0,0,0.111,False,
add32,D3,MED,22,add32_med_22.cnf_const0,0,1,2,0,0,0.138,False,
add32,D3,MED,23,add32_med_23.cnf_const0,0,1,2,0,0,0.137,False,
add32,D3,MED,24,add32_med_24.cnf,16,46,91,,443475/33554432,0.15,False,
add32,D3,MED,25,add32_med_25.cnf_const0,0,1,2,0,0,0.129,False,
add32,D3,MED,26,add32_med_26.cnf_const0,0,1,2,0,0,0.125,False,
add32,D3,MED,27,add32_med_27.cnf_const0,0,1,2,0,0,0.131,False,
add32,D3,MED,28,add32_med_28.cnf,16,45,88,,443475/33554432,0.157,False,
add32,D3,MED,29,add32_med_29.cnf_const0,0,1,2,0,0,0.139,False,
add32,D3,MED,3,add32_med_3.cnf_const0,0,1,2,0,0,0.157,False,
add32,D3,MED,30,add32_med_30.cnf_const0,0,1,2,0,0,0.157,False,
add32,D3,MED,31,add32_med_31.cnf_const0,0,1,2,0,0,0.143,False,
add32,D3,MED,32,add32_med_32.cnf_const0,0,1,2,0,0,0.146,False,
add32,D3,MED,4,add32_med_4.cnf_const0,0,1,2,0,0,0.142,False,
add32,D3,MED,5,add32_med_5.cnf_const0,0,1,2,0,0,0.124,False,
add32,D3,MED,6,add32_med_6.cnf_const0,0,1,2,0,0,0.121,False,
add32,D3,MED,7,add32_med_7.cnf_const0,0,1,2,0,0,0.121,False,
add32,D3,MED,8,add32_med_8.cnf,16,45,88,,443475/33554432,0.129,False,
add32,D3,MED,9,add32_med_9.cnf_const0,0,1,2,0,0,0.117,False,
add32,D4,ER,,add32_er.cnf,56,186,391,,109493248865240261835/9444732965739290427392,0.371,False,
add32,D4,MED,0,add32_med_0.cnf_const0,0,1,2,0,0,0.161,False,
add32,D4,MED,1,add32_med_1.cnf_const0,0,1,2,0,0,0.149,False,
add32,D4,MED,10,add32_med_10.cnf_const0,0,1,2,0,0,0.143,False,
add32,D4,MED,11,add32_med_11.cnf_const0,0,1,2,0,0,0.15,False,
add32,D4,MED,12,add32_med_12.cnf,16,48,97,,65043/33554432,0.146,False,
add32,D4,MED,13,add32_med_13.cnf_const0,0,1,2,0,0,0.106,False,
add32,D4,MED,14,add32_med_14.cnf_const0,0,1,2,0,0,0.114,False,
add32,D4,MED,15,add32_med_15.cnf_const0,0,1,2,0,0,0.114,False,
add32,D4,MED,16,add32_med_16.cnf,16,47,94,,65043/33554432,0.116,False,
add32,D4,MED,17,add32_med_17.cnf_const0,0,1,2,0,0,0.112,False,
add32,D4,MED,18,add32_med_18.cnf_const0,0,1,2,0,0,0.095,False,
add32,D4,MED,19,add32_med_19.cnf_const0,0,1,2,0,0,0.11,False,
add32,D4,MED,2,add32_med_2.cnf_const0,0,1,2,0,0,0.111,False,
add32,D4,MED,20,add32_med_20.cnf,16,47,94,,65043/33554432,0.119,False,
add32,D4,MED,21,add32_med_21.cnf_const0,0,1,2,0,0,0.116,False,
add32,D4,MED,22,add32_med_22.cnf_const0,0,1,2,0,0,0.148,False,
add32,D4,MED,23,add32_med_23.cnf_const0,0,1,2,0,0,0.126,False,
add32,D4,MED,24,add32_med_24.cnf,16,46,91,,65043/33554432,0.134,False,
add32,D4,MED,25,add32_med_25.cnf_const0,0,1,2,0,0,0.117,False,
add32,D4,MED,26,add32_med_26.cnf_const0,0,1,2,0,0,0.128,False,
add32,D4,MED,27,add32_med_27.cnf_const0,0,1,2,0,0,0.121,False,
add32,D4,MED,28,add32_med_28.cnf,16,45,88,,65043/33554432,0.176,False,
add32,D4,MED,29,add32_med_29.cnf_const0,0,1,2,0,0,0.187,False,
add32,D4,MED,3,add32_med_3.cnf_const0,0,1,2,0,0,0.186,False,
add32,D4,MED,30,add32_med_30.cnf_const0,0,1,2,0,0,0.185,False,
add32,D4,MED,31,add32_med_31.cnf_const0,0,1,2,0,0,0.179,False,
add32,D4,MED,32,add32_med_32.cnf_const0,0,1,2,0,0,0.173,False,
add32,D4,MED,4,add32_med_4.cnf_const0,0,1,2,0,0,0.155,False,
add32,D4,MED,5,add32_med_5.cnf_const0,0,1,2,0,0,0.145,False,
add32,D4,MED,6,add32_med_6.cnf_const0,0,1,2,0,0,0.147,False,
add32,D4,MED,7,add32_med_7.cnf_const0,0,1,2,0,0,0.147,False,
add32,D4,MED,8,add32_med_8.cnf,16,45,88,,65043/33554432,0.156,False,
add32,D4,MED,9,add32_med_9.cnf_const0,0,1,2,0,0,0.142,False,
add32,D5,ER,,add32_er.cnf,56,186,391,,960085443291754743315/9444732965739290427392,0.403,False,
add32,D5,MED,0,add32_med_0.cnf_const0,0,1,2,0,0,0.159,False,
add32,D5,MED,1,add32_med_1.cnf_const0,0,1,2,0,0,0.157,False,
add32,D5,MED,10,add32_med_10.cnf_const0,0,1,2,0,0,0.164,False,
add32,D5,MED,11,add32_med_11.cnf_const0,0,1,2,0,0,0.159,False,
add32,D5,MED,12,add32_med_12.cnf,16,48,97,,585387/33554432,0.156,False,
add32,D5,MED,13,add32_med_13.cnf_const0,0,1,2,0,0,0.139,False,
add32,D5,MED,14,add32_med_14.cnf_const0,0,1,2,0,0,0.139,False,
add32,D5,MED,15,add32_med_15.cnf_const0,0,1,2,0,0,0.135,False,
add32,D5,MED,16,add32_med_16.cnf,16,47,94,,585387/33554432,0.136,False,
add32,D5,MED,17,add32_med_17.cnf_const0,0,1,2,0,0,0.134,False,
add32,D5,MED,18,add32_med_18.cnf_const0,0,1,2,0,0,0.132,False,
add32,D5,MED,19,add32_med_19.cnf_const0,0,1,2,0,0,0.132,False,
add32,D5,MED,2,add32_med_2.cnf_const0,0,1,2,0,0,0.136,False,
add32,D5,MED,20,add32_med_20.cnf,16,47,94,,585387/33554432,0.135,False,
add32,D5,MED,21,add32_med_21.cnf_const0,0,1,2,0,0,0.133,False,
add32,D5,MED,22,add32_med_22.cnf_const0,0,1,2,0,0,0.142,False,
add32,D5,MED,23,add32_med_23.cnf_const0,0,1,2,0,0,0.108,False,
add32,D5,MED,24,add32_med_24.cnf,16,46,91,,585387/33554432,0.122,False,
add32,D5,MED,25,add32_med_25.cnf_const0,0,1,2,0,0,0.134,False,
add32,D5,MED,26,add32_med_26.cnf_const0,0,1,2,0,0,0.121,False,
add32,D5,MED,27,add32_med_27.cnf_const0,0,1,2,0,0,0.132,False,
add32,D5,MED,28,add32_med_28.cnf,16,45,88,,585387/33554432,0.172,False,
add32,D5,MED,29,add32_med_29.cnf_const0,0,1,2,0,0,0.157,False,
add32,D5,MED,3,add32_med_3.cnf_const0,0,1,2,0,0,0.147,False,
add32,D5,MED,30,add32_med_30.cnf_const0,0,1,2,0,0,0.142,False,
add32,D5,MED,31,add32_med_31.cnf_const0,0,1,2,0,0,0.142,False,
add32,D5,MED,32,add32_med_32.cnf_const0,0,1,2,0,0,0.149,False,
add32,D5,MED,4,add32_med_4.cnf_const0,0,1,2,0,0,0.14,False,
add32,D5,MED,5,add32_med_5.cnf_const0,0,1,2,0,0,0.135,False,
add32,D5,MED,6,add32_med_6.cnf_const0,0,1,2,0,0,0.128,False,
add32,D5,MED,7,add32_med_7.cnf_const0,0,1,2,0,0,0.125,False,
add32,D5,MED,8,add32_med_8.cnf,16,45,88,,585387/33554432,0.133,False,
add32,D5,MED,9,add32_med_9.cnf_const0,0,1,2,0,0,0.119,False,
add64,D0,ER,,add64_er.cnf,96,332,709,,5448932958975/140737488355328,1.01,False,
add64,D0,MED,0,add64_med_0.cnf_const0,0,1,2,0,0,2.159,False,
add64,D0,MED,1,add64_med_1.cnf_const0,0,1,2,0,0,0.566,False,
add64,D0,MED,10,add64_med_10.cnf_const0,0,1,2,0,0,0.567,False,
add64,D0,MED,11,add64_med_11.cnf_const0,0,1,2,0,0,0.564,False,
add64,D0,MED,12,add64_med_12.cnf_const0,0,1,2,0,0,0.557,False,
add64,D0,MED,13,add64_med_13.cnf_const0,0,1,2,0,0,0.549,False,
add64,D0,MED,14,add64_med_14.cnf_const0,0,1,2,0,0,1.082,False,
add64,D0,MED,15,add64_med_15.cnf_const0,0,1,2,0,0,0.55,False,
add64,D0,MED,16,add64_med_16.cnf,32,94,187,,255/131072,0.651,False,
add64,D0,MED,17,add64_med_17.cnf_const0,0,1,2,0,0,0.64,False,
add64,D0,MED,18,add64_med_18.cnf_const0,0,1,2,0,0,2.175,False,
add64,D0,MED,19,add64_med_19.cnf_const0,0,1,2,0,0,0.531,False,
add64,D0,MED,2,add64_med_2.cnf_const0,0,1,2,0,0,0.856,False,
add64,D0,MED,20,add64_med_20.cnf_const0,0,1,2,0,0,0.5,False,
add64,D0,MED,21,add64_med_21.cnf_const0,0,1,2,0,0,0.506,False,
add64,D0,MED,22,add64_med_22.cnf_const0,0,1,2,0,0,0.5,False,
add64,D0,MED,23,add64_med_23.cnf_const0,0,1,2,0,0,0.675,False,
add64,D0,MED,24,add64_med_24.cnf,48,158,331,,255/131072,0.633,False,
add64,D0,MED,25,add64_med_25.cnf_const0,0,1,2,0,0,0.597,False,
add64,D0,MED,26,add64_med_26.cnf_const0,0,1,2,0,0,0.602,False,
add64,D0,MED,27,add64_med_27.cnf_const0,0,1,2,0,0,0.594,False,
add64,D0,MED,28,add64_med_28.cnf_const0,0,1,2,0,0,0.817,False,
add64,D0,MED,29,add64_med_29.cnf_const0,0,1,2,0,0,0.536,False,
add64,D0,MED,3,add64_med_3.cnf_const0,0,1,2,0,0,0.535,False,
add64,D0,MED,30,add64_med_30.cnf_const0,0,1,2,0,0,0.541,False,
add64,D0,MED,31,add64_med_31.cnf_const0,0,1,2,0,0,0.59,False,
add64,D0,MED,32,add64_med_32.cnf,32,100,205,,255/131072,0.644,False,
add64,D0,MED,33,add64_med_33.cnf_const0,0,1,2,0,0,0.645,False,
add64,D0,MED,34,add64_med_34.cnf_const0,0,1,2,0,0,0.605,False,
add64,D0,MED,35,add64_med_35.cnf_const0,0,1,2,0,0,0.598,False,
add64,D0,MED,36,add64_med_36.cnf_const0,0,1,2,0,0,0.547,False,
add64,D0,MED,37,add64_med_37.cnf_const0,0,1,2,0,0,0.617,False,
add64,D0,MED,38,add64_med_38.cnf_const0,0,1,2,0,0,0.679,False,
add64,D0,MED,39,add64_med_39.cnf_const0,0,1,2,0,0,0.614,False,
add64,D0,MED,4,add64_med_4.cnf_const0,0,1,2,0,0,0.585,False,
add64,D0,MED,40,add64_med_40.cnf,80,282,607,,4095/131072,0.682,False,
add64,D0,MED,41,add64_med_41.cnf_const0,0,1,2,0,0,0.572,False,
add64,D0,MED,42,add64_med_42.cnf_const0,0,1,2,0,0,1.849,False,
add64,D0,MED,43,add64_med_43.cnf_const0,0,1,2,0,0,0.57,False,
add64,D0,MED,44,add64_med_44.cnf_const0,0,1,2,0,0,0.565,False,
add64,D0,MED,45,add64_med_45.cnf_const0,0,1,2,0,0,0.564,False,
add64,D0,MED,46,add64_med_46.cnf_const0,0,1,2,0,0,1.458,False,
add64,D0,MED,47,add64_med_47.cnf_const0,0,1,2,0,0,0.622,False,
add64,D0,MED,48,add64_med_48.cnf,96,321,676,,15/8192,0.704,False,
add64,D0,MED,49,add64_med_49.cnf_const0,0,1,2,0,0,2.218,False,
add64,D0,MED,5,add64_med_5.cnf_const0,0,1,2,0,0,0.657,False,
add64,D0,MED,50,add64_med_50.cnf_const0,0,1,2,0,0,0.512,False,
add64,D0,MED,51,add64_med_51.cnf_const0,0,1,2,0,0,0.569,False,
add64,D0,MED,52,add64_med_52.cnf_const0,0,1,2,0,0,0.549,False,
add64,D0,MED,53,add64_med_53.cnf_const0,0,1,2,0,0,2.159,False,
add64,D0,MED,54,add64_med_54.cnf_const0,0,1,2,0,0,0.756,False,
add64,D0,MED,55,add64_med_55.cnf_const0,0,1,2,0,0,0.753,False,
add64,D0,MED,56,add64_med_56.cnf_const0,0,1,2,0,0,0.571,False,
add64,D0,MED,57,add64_med_57.cnf_const0,0,1,2,0,0,0.569,False,
add64,D0,MED,58,add64_med_58.cnf_const0,0,1,2,0,0,0.617,False,
add64,D0,MED,59,add64_med_59.cnf_const0,0,1,2,0,0,0.612,False,
add64,D0,MED,6,add64_med_6.cnf_const0,0,1,2,0,0,0.733,False,
add64,D0,MED,60,add64_med_60.cnf_const0,0,1,2,0,0,2.169,False,
add64,D0,MED,61,add64_med_61.cnf_const0,0,1,2,0,0,0.642,False,
add64,D0,MED,62,add64_med_62.cnf_const0,0,1,2,0,0,0.623,False,
add64,D0,MED,63,add64_med_63.cnf_const0,0,1,2,0,0,0.534,False,
add64,D0,MED,64,add64_med_64.cnf_const0,0,1,2,0,0,0.843,False,
add64,D0,MED,7,add64_med_7.cnf_const0,0,1,2,0,0,0.573,False,
add64,D0,MED,8,add64_med_8.cnf_const0,0,1,2,0,0,0.536,False,
add64,D0,MED,9,add64_med_9.cnf_const0,0,1,2,0,0,0.571,False,
add64,D1,ER,,add64_er.cnf,96,332,709,,92900660659176360849459841328990572539/43556142965880123323311949751266331066368,0.767,False,
add64,D1,MED,0,add64_med_0.cnf_const0,0,1,2,0,0,0.098,False,
add64,D1,MED,1,add64_med_1.cnf_const0,0,1,2,0,0,0.106,False,
add64,D1,MED,10,add64_med_10.cnf_const0,0,1,2,0,0,0.137,False,
add64,D1,MED,11,add64_med_11.cnf_const0,0,1,2,0,0,0.117,False,
add64,D1,MED,12,add64_med_12.cnf_const0,0,1,2,0,0,0.139,False,
add64,D1,MED,13,add64_med_13.cnf_const0,0,1,2,0,0,0.137,False,
add64,D1,MED,14,add64_med_14.cnf_const0,0,1,2,0,0,0.108,False,
add64,D1,MED,15,add64_med_15.cnf_const0,0,1,2,0,0,0.105,False,
add64,D1,MED,16,add64_med_16.cnf,32,94,187,,22006453491/562949953421312,0.144,False,
add64,D1,MED,17,add64_med_17.cnf_const0,0,1,2,0,0,0.103,False,
add64,D1,MED,18,add64_med_18.cnf_const0,0,1,2,0,0,0.1,False,
add64,D1,MED,19,add64_med_19.cnf_const0,0,1,2,0,0,0.101,False,
add64,D1,MED,2,add64_med_2.cnf_const0,0,1,2,0,0,0.148,False,
add64,D1,MED,20,add64_med_20.cnf_const0,0,1,2,0,0,0.111,False,
add64,D1,MED,21,add64_med_21.cnf_const0,0,1,2,0,0,0.113,False,
add64,D1,MED,22,add64_med_22.cnf_const0,0,1,2,0,0,0.113,False,
add64,D1,MED,23,add64_med_23.cnf_const0,0,1,2,0,0,0.115,False,
add64,D1,MED,24,add64_med_24.cnf,48,158,331,,22006453491/562949953421312,0.137,False,
add64,D1,MED,25,add64_med_25.cnf_const0,0,1,2,0,0,0.137,False,
add64,D1,MED,26,add64_med_26.cnf_const0,0,1,2,0,0,0.138,False,
add64,D1,MED,27,add64_med_27.cnf_const0,0,1,2,0,0,0.131,False,
add64,D1,MED,28,add64_med_28.cnf_const0,0,1,2,0,0,0.117,False,
add64,D1,MED,29,add64_med_29.cnf_const0,0,1,2,0,0,0.142,False,
add64,D1,MED,3,add64_med_3.cnf_const0,0,1,2,0,0,0.13,False,
add64,D1,MED,30,add64_med_30.cnf_const0,0,1,2,0,0,0.13,False,
add64,D1,MED,31,add64_med_31.cnf_const0,0,1,2,0,0,0.143,False,
add64,D1,MED,32,add64_med_32.cnf,32,100,205,,22006453491/562949953421312,0.136,False,
add64,D1,MED,33,add64_med_33.cnf_const0,0,1,2,0,0,0.136,False,
add64,D1,MED,34,add64_med_34.cnf_const0,0,1,2,0,0,0.144,False,
add64,D1,MED,35,add64_med_35.cnf_const0,0,1,2,0,0,0.137,False,
add64,D1,MED,36,add64_med_36.cnf_const0,0,1,2,0,0,0.14,False,
add64,D1,MED,37,add64_med_37.cnf_const0,0,1,2,0,0,0.125,False,
add64,D1,MED,38,add64_med_38.cnf_const0,0,1,2,0,0,0.119,False,
add64,D1,MED,39,add64_med_39.cnf_const0,0,1,2,0,0,0.131,False,
add64,D1,MED,4,add64_med_4.cnf_const0,0,1,2,0,0,0.156,False,
add64,D1,MED,40,add64_med_40.cnf,80,282,607,,1113246913779/562949953421312,0.397,False,
add64,D1,MED,41,add64_med_41.cnf_const0,0,1,2,0,0,0.137,False,
add64,D1,MED,42,add64_med_42.cnf_const0,0,1,2,0,0,0.128,False,
add64,D1,MED,43,add64_med_43.cnf_const0,0,1,2,0,0,0.127,False,
add64,D1,MED,44,add64_med_44.cnf_const0,0,1,2,0,0,0.131,False,
add64,D1,MED,45,add64_med_45.cnf_const0,0,1,2,0,0,0.238,False,
add64,D1,MED,46,add64_med_46.cnf_const0,0,1,2,0,0,0.239,False,
add64,D1,MED,47,add64_med_47.cnf_const0,0,1,2,0,0,0.151,False,
add64,D1,MED,48,add64_med_48.cnf,96,321,676,,5268483/137438953472,0.252,False,
add64,D1,MED,49,add64_med_49.cnf_const0,0,1,2,0,0,0.226,False,
add64,D1,MED,5,add64_med_5.cnf_const0,0,1,2,0,0,0.176,False,
add64,D1,MED,50,add64_med_50.cnf_const0,0,1,2,0,0,0.166,False,
add64,D1,MED,51,add64_med_51.cnf_const0,0,1,2,0,0,0.162,False,
add64,D1,MED,52,add64_med_52.cnf_const0,0,1,2,0,0,0.164,False,
add64,D1,MED,53,add64_med_53.cnf_const0,0,1,2,0,0,0.145,False,
add64,D1,MED,54,add64_med_54.cnf_const0,0,1,2,0,0,0.146,False,
add64,D1,MED,55,add64_med_55.cnf_const0,0,1,2,0,0,0.149,False,
add64,D1,MED,56,add64_med_56.cnf_const0,0,1,2,0,0,0.171,False,
add64,D1,MED,57,add64_med_57.cnf_const0,0,1,2,0,0,0.159,False,
add64,D1,MED,58,add64_med_58.cnf_const0,0,1,2,0,0,0.168,False,
add64,D1,MED,59,add64_med_59.cnf_const0,0,1,2,0,0,0.146,False,
add64,D1,MED,6,add64_med_6.cnf_const0,0,1,2,0,0,0.146,False,
add64,D1,MED,60,add64_med_60.cnf_const0,0,1,2,0,0,0.15,False,
add64,D1,MED,61,add64_med_61.cnf_const0,0,1,2,0,0,0.15,False,
add64,D1,MED,62,add64_med_62.cnf_const0,0,1,2,0,0,0.149,False,
add64,D1,MED,63,add64_med_63.cnf_const0,0,1,2,0,0,0.153,False,
add64,D1,MED,64,add64_med_64.cnf_const0,0,1,2,0,0,0.145,False,
add64,D1,MED,7,add64_med_7.cnf_const0,0,1,2,0,0,0.146,False,
add64,D1,MED,8,add64_med_8.cnf_const0,0,1,2,0,0,0.155,False,
add64,D1,MED,9,add64_med_9.cnf_const0,0,1,2,0,0,0.166,False,
add64,D2,ER,,add64_er.cnf,96,332,709,,835364656742408871232959635608591548867/43556142965880123323311949751266331066368,0.628,False,
add64,D2,MED,0,add64_med_0.cnf_const0,0,1,2,0,0,0.145,False,
add64,D2,MED,1,add64_med_1.cnf_const0,0,1,2,0,0,0.151,False,
add64,D2,MED,10,add64_med_10.cnf_const0,0,1,2,0,0,0.147,False,
add64,D2,MED,11,add64_med_11.cnf_const0,0,1,2,0,0,0.116,False,
add64,D2,MED,12,add64_med_12.cnf_const0,0,1,2,0,0,0.104,False,
add64,D2,MED,13,add64_med_13.cnf_const0,0,1,2,0,0,0.117,False,
add64,D2,MED,14,add64_med_14.cnf_const0,0,1,2,0,0,0.122,False,
add64,D2,MED,15,add64_med_15.cnf_const0,0,1,2,0,0,0.13,False,
add64,D2,MED,16,add64_med_16.cnf,32,94,187,,198058081419/562949953421312,0.149,False,
add64,D2,MED,17,add64_med_17.cnf_const0,0,1,2,0,0,0.109,False,
add64,D2,MED,18,add64_med_18.cnf_const0,0,1,2,0,0,0.109,False,
add64,D2,MED,19,add64_med_19.cnf_const0,0,1,2,0,0,0.104,False,
add64,D2,MED,2,add64_med_2.cnf_const0,0,1,2,0,0,0.109,False,
add64,D2,MED,20,add64_med_20.cnf_const0,0,1,2,0,0,0.099,False,
add64,D2,MED,21,add64_med_21.cnf_const0,0,1,2,0,0,0.107,False,
add64,D2,MED,22,add64_med_22.cnf_const0,0,1,2,0,0,0.121,False,
add64,D2,MED,23,add64_med_23.cnf_const0,0,1,2,0,0,0.117,False,
add64,D2,MED,24,add64_med_24.cnf,48,158,331,,198058081419/562949953421312,0.119,False,
add64,D2,MED,25,add64_med_25.cnf_const0,0,1,2,0,0,0.106,False,
add64,D2,MED,26,add64_med_26.cnf_const0,0,1,2,0,0,0.109,False,
add64,D2,MED,27,add64_med_27.cnf_const0,0,1,2,0,0,0.105,False,
add64,D2,MED,28,add64_med_28.cnf_const0,0,1,2,0,0,0.118,False,
add64,D2,MED,29,add64_med_29.cnf_const0,0,1,2,0,0,0.113,False,
add64,D2,MED,3,add64_med_3.cnf_const0,0,1,2,0,0,0.15,False,
add64,D2,MED,30,add64_med_30.cnf_const0,0,1,2,0,0,0.129,False,
add64,D2,MED,31,add64_med_31.cnf_const0,0,1,2,0,0,0.115,False,
add64,D2,MED,32,add64_med_32.cnf,32,100,205,,198058081419/562949953421312,0.152,False,
add64,D2,MED,33,add64_med_33.cnf_const0,0,1,2,0,0,0.114,False,
add64,D2,MED,34,add64_med_34.cnf_const0,0,1,2,0,0,0.121,False,
add64,D2,MED,35,add64_med_35.cnf_const0,0,1,2,0,0,0.151,False,
add64,D2,MED,36,add64_med_36.cnf_const0,0,1,2,0,0,0.159,False,
add64,D2,MED,37,add64_med_37.cnf_const0,0,1,2,0,0,0.154,False,
add64,D2,MED,38,add64_med_38.cnf_const0,0,1,2,0,0,0.148,False,
add64,D2,MED,39,add64_med_39.cnf_const0,0,1,2,0,0,0.14,False,
add64,D2,MED,4,add64_med_4.cnf_const0,0,1,2,0,0,0.139,False,
add64,D2,MED,40,add64_med_40.cnf,80,282,607,,10019222224011/562949953421312,0.274,False,
add64,D2,MED,41,add64_med_41.cnf_const0,0,1,2,0,0,0.174,False,
add64,D2,MED,42,add64_med_42.cnf_const0,0,1,2,0,0,0.167,False,
add64,D2,MED,43,add64_med_43.cnf_const0,0,1,2,0,0,0.166,False,
add64,D2,MED,44,add64_med_44.cnf_const0,0,1,2,0,0,0.161,False,
add64,D2,MED,45,add64_med_45.cnf_const0,0,1,2,0,0,0.161,False,
add64,D2,MED,46,add64_med_46.cnf_const0,0,1,2,0,0,0.139,False,
add64,D2,MED,47,add64_med_47.cnf_const0,0,1,2,0,0,0.135,False,
add64,D2,MED,48,add64_med_48.cnf,96,321,676,,47416347/137438953472,0.133,False,
add64,D2,MED,49,add64_med_49.cnf_const0,0,1,2,0,0,0.132,False,
add64,D2,MED,5,add64_med_5.cnf_const0,0,1,2,0,0,0.134,False,
add64,D2,MED,50,add64_med_50.cnf_const0,0,1,2,0,0,0.158,False,
add64,D2,MED,51,add64_med_51.cnf_const0,0,1,2,0,0,0.14,False,
add64,D2,MED,52,add64_med_52.cnf_const0,0,1,2,0,0,0.144,False,
add64,D2,MED,53,add64_med_53.cnf_const0,0,1,2,0,0,0.114,False,
add64,D2,MED,54,add64_med_54.cnf_const0,0,1,2,0,0,0.121,False,
add64,D2,MED,55,add64_med_55.cnf_const0,0,1,2,0,0,0.127,False,
add64,D2,MED,56,add64_med_56.cnf_const0,0,1,2,0,0,0.154,False,
add64,D2,MED,57,add64_med_57.cnf_const0,0,1,2,0,0,0.154,False,
add64,D2,MED,58,add64_med_58.cnf_const0,0,1,2,0,0,0.146,False,
add64,D2,MED,59,add64_med_59.cnf_const0,0,1,2,0,0,0.137,False,
add64,D2,MED,6,add64_med_6.cnf_const0,0,1,2,0,0,0.142,False,
add64,D2,MED,60,add64_med_60.cnf_const0,0,1,2,0,0,0.139,False,
add64,D2,MED,61,add64_med_61.cnf_const0,0,1,2,0,0,0.157,False,
add64,D2,MED,62,add64_med_62.cnf_const0,0,1,2,0,0,0.157,False,
add64,D2,MED,63,add64_med_63.cnf_const0,0,1,2,0,0,0.156,False,
add64,D2,MED,64,add64_med_64.cnf_const0,0,1,2,0,0,0.156,False,
add64,D2,MED,7,add64_med_7.cnf_const0,0,1,2,0,0,0.146,False,
add64,D2,MED,8,add64_med_8.cnf_const0,0,1,2,0,0,0.145,False,
add64,D2,MED,9,add64_med_9.cnf_const0,0,1,2,0,0,0.156,False,
add64,D3,ER,,add64_er.cnf,96,332,709,,633005160219440253647419215074244082875/43556142965880123323311949751266331066368,0.645,False,
add64,D3,MED,0,add64_med_0.cnf_const0,0,1,2,0,0,0.176,False,
add64,D3,MED,1,add64_med_1.cnf_const0,0,1,2,0,0,0.173,False,
add64,D3,MED,10,add64_med_10.cnf_const0,0,1,2,0,0,0.181,False,
add64,D3,MED,11,add64_med_11.cnf_const0,0,1,2,0,0,0.172,False,
add64,D3,MED,12,add64_med_12.cnf_const0,0,1,2,0,0,0.11,False,
add64,D3,MED,13,add64_med_13.cnf_const0,0,1,2,0,0,0.121,False,
add64,D3,MED,14,add64_med_14.cnf_const0,0,1,2,0,0,0.126,False,
add64,D3,MED,15,add64_med_15.cnf_const0,0,1,2,0,0,0.132,False,
add64,D3,MED,16,add64_med_16.cnf,32,94,187,,150044001075/562949953421312,0.161,False,
add64,D3,MED,17,add64_med_17.cnf_const0,0,1,2,0,0,0.114,False,
add64,D3,MED,18,add64_med_18.cnf_const0,0,1,2,0,0,0.126,False,
add64,D3,MED,19,add64_med_19.cnf_const0,0,1,2,0,0,0.111,False,
add64,D3,MED,2,add64_med_2.cnf_const0,0,1,2,0,0,0.124,False,
add64,D3,MED,20,add64_med_20.cnf_const0,0,1,2,0,0,0.107,False,
add64,D3,MED,21,add64_med_21.cnf_const0,0,1,2,0,0,0.109,False,
add64,D3,MED,22,add64_med_22.cnf_const0,0,1,2,0,0,0.11,False,
add64,D3,MED,23,add64_med_23.cnf_const0,0,1,2,0,0,0.108,False,
add64,D3,MED,24,add64_med_24.cnf,48,158,331,,150044001075/562949953421312,0.125,False,
add64,D3,MED,25,add64_med_25.cnf_const0,0,1,2,0,0,0.11,False,
add64,D3,MED,26,add64_med_26.cnf_const0,0,1,2,0,0,0.109,False,
add64,D3,MED,27,add64_med_27.cnf_const0,0,1,2,0,0,0.109,False,
add64,D3,MED,28,add64_med_28.cnf_const0,0,1,2,0,0,0.121,False,
add64,D3,MED,29,add64_med_29.cnf_const0,0,1,2,0,0,0.116,False,
add64,D3,MED,3,add64_med_3.cnf_const0,0,1,2,0,0,0.15,False,
add64,D3,MED,30,add64_med_30.cnf_const0,0,1,2,0,0,0.119,False,
add64,D3,MED,31,add64_med_31.cnf_const0,0,1,2,0,0,0.11,False,
add64,D3,MED,32,add64_med_32.cnf,32,100,205,,150044001075/562949953421312,0.329,False,
add64,D3,MED,33,add64_med_33.cnf_const0,0,1,2,0,0,0.173,False,
add64,D3,MED,34,add64_med_34.cnf_const0,0,1,2,0,0,0.173,False,
add64,D3,MED,35,add64_med_35.cnf_const0,0,1,2,0,0,0.334,False,
add64,D3,MED,36,add64_med_36.cnf_const0,0,1,2,0,0,0.333,False,
add64,D3,MED,37,add64_med_37.cnf_const0,0,1,2,0,0,0.309,False,
add64,D3,MED,38,add64_med_38.cnf_const0,0,1,2,0,0,0.203,False,
add64,D3,MED,39,add64_med_39.cnf_const0,0,1,2,0,0,0.201,False,
add64,D3,MED,4,add64_med_4.cnf_const0,0,1,2,0,0,0.11,False,
add64,D3,MED,40,add64_med_40.cnf,80,282,607,,7590319866675/562949953421312,0.289,False,
add64,D3,MED,41,add64_med_41.cnf_const0,0,1,2,0,0,0.153,False,
add64,D3,MED,42,add64_med_42.cnf_const0,0,1,2,0,0,0.152,False,
add64,D3,MED,43,add64_med_43.cnf_const0,0,1,2,0,0,0.151,False,
add64,D3,MED,44,add64_med_44.cnf_const0,0,1,2,0,0,0.164,False,
add64,D3,MED,45,add64_med_45.cnf_const0,0,1,2,0,0,0.141,False,
add64,D3,MED,46,add64_med_46.cnf_const0,0,1,2,0,0,0.128,False,
add64,D3,MED,47,add64_med_47.cnf_const0,0,1,2,0,0,0.133,False,
add64,D3,MED,48,add64_med_48.cnf,96,321,676,,35921475/137438953472,0.155,False,
add64,D3,MED,49,add64_med_49.cnf_const0,0,1,2,0,0,0.156,False,
add64,D3,MED,5,add64_med_5.cnf_const0,0,1,2,0,0,0.156,False,
add64,D3,MED,50,add64_med_50.cnf_const0,0,1,2,0,0,0.159,False,
add64,D3,MED,51,add64_med_51.cnf_const0,0,1,2,0,0,0.153,False,
add64,D3,MED,52,add64_med_52.cnf_const0,0,1,2,0,0,0.146,False,
add64,D3,MED,53,add64_med_53.cnf_const0,0,1,2,0,0,0.128,False,
add64,D3,MED,54,add64_med_54.cnf_const0,0,1,2,0,0,0.139,False,
add64,D3,MED,55,add64_med_55.cnf_const0,0,1,2,0,0,0.139,False,
add64,D3,MED,56,add64_med_56.cnf_const0,0,1,2,0,0,0.166,False,
add64,D3,MED,57,add64_med_57.cnf_const0,0,1,2,0,0,0.165,False,
add64,D3,MED,58,add64_med_58.cnf_const0,0,1,2,0,0,0.165,False,
add64,D3,MED,59,add64_med_59.cnf_const0,0,1,2,0,0,0.163,False,
add64,D3,MED,6,add64_med_6.cnf_const0,0,1,2,0,0,0.162,False,
add64,D3,MED,60,add64_med_60.cnf_const0,0,1,2,0,0,0.161,False,
add64,D3,MED,61,add64_med_61.cnf_const0,0,1,2,0,0,0.185,False,
add64,D3,MED,62,add64_med_62.cnf_const0,0,1,2,0,0,0.175,False,
add64,D3,MED,63,add64_med_63.cnf_const0,0,1,2,0,0,0.199,False,
add64,D3,MED,64,add64_med_64.cnf_const0,0,1,2,0,0,0.172,False,
add64,D3,MED,7,add64_med_7.cnf_const0,0,1,2,0,0,0.19,False,
add64,D3,MED,8,add64_med_8.cnf_const0,0,1,2,0,0,0.19,False,
add64,D3,MED,9,add64_med_9.cnf_const0,0,1,2,0,0,0.148,False,
add64,D4,ER,,add64_er.cnf,96,332,709,,5099526347683605193732133132333467299375/43556142965880123323311949751266331066368,0.61,False,
add64,D4,MED,0,add64_med_0.cnf_const0,0,1,2,0,0,0.136,False,
add64,D4,MED,1,add64_med_1.cnf_const0,0,1,2,0,0,0.123,False,
add64,D4,MED,10,add64_med_10.cnf_const0,0,1,2,0,0,0.128,False,
add64,D4,MED,11,add64_med_11.cnf_const0,0,1,2,0,0,0.125,False,
add64,D4,MED,12,add64_med_12.cnf_const0,0,1,2,0,0,0.123,False,
add64,D4,MED,13,add64_med_13.cnf_const0,0,1,2,0,0,0.143,False,
add64,D4,MED,14,add64_med_14.cnf_const0,0,1,2,0,0,0.133,False,
add64,D4,MED,15,add64_med_15.cnf_const0,0,1,2,0,0,0.138,False,
add64,D4,MED,16,add64_med_16.cnf,32,94,187,,6401012109375/562949953421312,0.149,False,
add64,D4,MED,17,add64_med_17.cnf_const0,0,1,2,0,0,0.103,False,
add64,D4,MED,18,add64_med_18.cnf_const0,0,1,2,0,0,0.105,False,
add64,D4,MED,19,add64_med_19.cnf_const0,0,1,2,0,0,0.109,False,
add64,D4,MED,2,add64_med_2.cnf_const0,0,1,2,0,0,0.113,False,
add64,D4,MED,20,add64_med_20.cnf_const0,0,1,2,0,0,0.11,False,
add64,D4,MED,21,add64_med_21.cnf_const0,0,1,2,0,0,0.099,False,
add64,D4,MED,22,add64_med_22.cnf_const0,0,1,2,0,0,0.103,False,
add64,D4,MED,23,add64_med_23.cnf_const0,0,1,2,0,0,0.117,False,
add64,D4,MED,24,add64_med_24.cnf,48,158,331,,6401012109375/562949953421312,0.116,False,
add64,D4,MED,25,add64_med_25.cnf_const0,0,1,2,0,0,0.113,False,
add64,D4,MED,26,add64_med_26.cnf_const0,0,1,2,0,0,0.118,False,
add64,D4,MED,27,add64_med_27.cnf_const0,0,1,2,0,0,0.102,False,
add64,D4,MED,28,add64_med_28.cnf_const0,0,1,2,0,0,0.106,False,
add64,D4,MED,29,add64_med_29.cnf_const0,0,1,2,0,0,0.134,False,
add64,D4,MED,3,add64_med_3.cnf_const0,0,1,2,0,0,0.169,False,
add64,D4,MED,30,add64_med_30.cnf_const0,0,1,2,0,0,0.11,False,
add64,D4,MED,31,add64_med_31.cnf_const0,0,1,2,0,0,0.122,False,
add64,D4,MED,32,add64_med_32.cnf,32,100,205,,6401012109375/562949953421312,0.144,False,
add64,D4,MED,33,add64_med_33.cnf_const0,0,1,2,0,0,0.128,False,
add64,D4,MED,34,add64_med_34.cnf_const0,0,1,2,0,0,0.122,False,
add64,D4,MED,35,add64_med_35.cnf_const0,0,1,2,0,0,0.157,False,
add64,D4,MED,36,add64_med_36.cnf_const0,0,1,2,0,0,0.151,False,
add64,D4,MED,37,add64_med_37.cnf_const0,0,1,2,0,0,0.14,False,
add64,D4,MED,38,add64_med_38.cnf_const0,0,1,2,0,0,0.103,False,
add64,D4,MED,39,add64_med_39.cnf_const0,0,1,2,0,0,0.101,False,
add64,D4,MED,4,add64_med_4.cnf_const0,0,1,2,0,0,0.111,False,
add64,D4,MED,40,add64_med_40.cnf,80,282,607,,42797085069375/562949953421312,0.373,False,
add64,D4,MED,41,add64_med_41.cnf_const0,0,1,2,0,0,0.16,False,
add64,D4,MED,42,add64_med_42.cnf_const0,0,1,2,0,0,0.138,False,
add64,D4,MED,43,add64_med_43.cnf_const0,0,1,2,0,0,0.138,False,
add64,D4,MED,44,add64_med_44.cnf_const0,0,1,2,0,0,0.158,False,
add64,D4,MED,45,add64_med_45.cnf_const0,0,1,2,0,0,0.129,False,
add64,D4,MED,46,add64_med_46.cnf_const0,0,1,2,0,0,0.225,False,
add64,D4,MED,47,add64_med_47.cnf_const0,0,1,2,0,0,0.225,False,
add64,D4,MED,48,add64_med_48.cnf,96,321,676,,1355859375/137438953472,0.248,False,
add64,D4,MED,49,add64_med_49.cnf_const0,0,1,2,0,0,0.244,False,
add64,D4,MED,5,add64_med_5.cnf_const0,0,1,2,0,0,0.243,False,
add64,D4,MED,50,add64_med_50.cnf_const0,0,1,2,0,0,0.153,False,
add64,D4,MED,51,add64_med_51.cnf_const0,0,1,2,0,0,0.154,False,
add64,D4,MED,52,add64_med_52.cnf_const0,0,1,2,0,0,0.149,False,
add64,D4,MED,53,add64_med_53.cnf_const0,0,1,2,0,0,0.116,False,
add64,D4,MED,54,add64_med_54.cnf_const0,0,1,2,0,0,0.117,False,
add64,D4,MED,55,add64_med_55.cnf_const0,0,1,2,0,0,0.121,False,
add64,D4,MED,56,add64_med_56.cnf_const0,0,1,2,0,0,0.186,False,
add64,D4,MED,57,add64_med_57.cnf_const0,0,1,2,0,0,0.175,False,
add64,D4,MED,58,add64_med_58.cnf_const0,0,1,2,0,0,0.183,False,
add64,D4,MED,59,add64_med_59.cnf_const0,0,1,2,0,0,0.178,False,
add64,D4,MED,6,add64_med_6.cnf_const0,0,1,2,0,0,0.185,False,
add64,D4,MED,60,add64_med_60.cnf_const0,0,1,2,0,0,0.177,False,
add64,D4,MED,61,add64_med_61.cnf_const0,0,1,2,0,0,0.161,False,
add64,D4,MED,62,add64_med_62.cnf_const0,0,1,2,0,0,0.17,False,
add64,D4,MED,63,add64_med_63.cnf_const0,0,1,2,0,0,0.167,False,
add64,D4,MED,64,add64_med_64.cnf_const0,0,1,2,0,0,0.136,False,
add64,D4,MED,7,add64_med_7.cnf_const0,0,1,2,0,0,0.13,False,
add64,D4,MED,8,add64_med_8.cnf_const0,0,1,2,0,0,0.156,False,
add64,D4,MED,9,add64_med_9.cnf_const0,0,1,2,0,0,0.144,False,
add64,D5,ER,,add64_er.cnf,96,332,709,,5099526347683605193732133132333467299375/43556142965880123323311949751266331066368,0.604,False,
add64,D5,MED,0,add64_med_0.cnf_const0,0,1,2,0,0,0.124,False,
add64,D5,MED,1,add64_med_1.cnf_const0,0,1,2,0,0,0.117,False,
add64,D5,MED,10,add64_med_10.cnf_const0,0,1,2,0,0,0.126,False,
add64,D5,MED,11,add64_med_11.cnf_const0,0,1,2,0,0,0.126,False,
add64,D5,MED,12,add64_med_12.cnf_const0,0,1,2,0,0,0.15,False,
add64,D5,MED,13,add64_med_13.cnf_const0,0,1,2,0,0,0.158,False,
add64,D5,MED,14,add64_med_14.cnf_const0,0,1,2,0,0,0.151,False,
add64,D5,MED,15,add64_med_15.cnf_const0,0,1,2,0,0,0.149,False,
add64,D5,MED,16,add64_med_16.cnf,32,94,187,,6401012109375/562949953421312,0.151,False,
add64,D5,MED,17,add64_med_17.cnf_const0,0,1,2,0,0,0.112,False,
add64,D5,MED,18,add64_med_18.cnf_const0,0,1,2,0,0,0.111,False,
add64,D5,MED,19,add64_med_19.cnf_const0,0,1,2,0,0,0.131,False,
add64,D5,MED,2,add64_med_2.cnf_const0,0,1,2,0,0,0.113,False,
add64,D5,MED,20,add64_med_20.cnf_const0,0,1,2,0,0,0.12,False,
add64,D5,MED,21,add64_med_21.cnf_const0,0,1,2,0,0,0.102,False,
add64,D5,MED,22,add64_med_22.cnf_const0,0,1,2,0,0,0.115,False,
add64,D5,MED,23,add64_med_23.cnf_const0,0,1,2,0,0,0.119,False,
add64,D5,MED,24,add64_med_24.cnf,48,158,331,,6401012109375/562949953421312,0.112,False,
add64,D5,MED,25,add64_med_25.cnf_const0,0,1,2,0,0,0.114,False,
add64,D5,MED,26,add64_med_26.cnf_const0,0,1,2,0,0,0.101,False,
add64,D5,MED,27,add64_med_27.cnf_const0,0,1,2,0,0,0.107,False,
add64,D5,MED,28,add64_med_28.cnf_const0,0,1,2,0,0,0.42,False,
add64,D5,MED,29,add64_med_29.cnf_const0,0,1,2,0,0,0.419,False,
add64,D5,MED,3,add64_med_3.cnf_const0,0,1,2,0,0,0.412,False,
add64,D5,MED,30,add64_med_30.cnf_const0,0,1,2,0,0,0.364,False,
add64,D5,MED,31,add64_med_31.cnf_const0,0,1,2,0,0,0.377,False,
add64,D5,MED,32,add64_med_32.cnf,32,100,205,,6401012109375/562949953421312,0.457,False,
add64,D5,MED,33,add64_med_33.cnf_const0,0,1,2,0,0,0.134,False,
add64,D5,MED,34,add64_med_34.cnf_const0,0,1,2,0,0,0.147,False,
add64,D5,MED,35,add64_med_35.cnf_const0,0,1,2,0,0,0.154,False,
add64,D5,MED,36,add64_med_36.cnf_const0,0,1,2,0,0,0.132,False,
add64,D5,MED,37,add64_med_37.cnf_const0,0,1,2,0,0,0.128,False,
add64,D5,MED,38,add64_med_38.cnf_const0,0,1,2,0,0,0.16,False,
add64,D5,MED,39,add64_med_39.cnf_const0,0,1,2,0,0,0.152,False,
add64,D5,MED,4,add64_med_4.cnf_const0,0,1,2,0,0,0.151,False,
add64,D5,MED,40,add64_med_40.cnf,80,282,607,,42797085069375/562949953421312,0.26,False,
add64,D5,MED,41,add64_med_41.cnf_const0,0,1,2,0,0,0.134,False,
add64,D5,MED,42,add64_med_42.cnf_const0,0,1,2,0,0,0.135,False,
add64,D5,MED,43,add64_med_43.cnf_const0,0,1,2,0,0,0.135,False,
add64,D5,MED,44,add64_med_44.cnf_const0,0,1,2,0,0,0.135,False,
add64,D5,MED,45,add64_med_45.cnf_const0,0,1,2,0,0,0.152,False,
add64,D5,MED,46,add64_med_46.cnf_const0,0,1,2,0,0,0.141,False,
add64,D5,MED,47,add64_med_47.cnf_const0,0,1,2,0,0,0.145,False,
add64,D5,MED,48,add64_med_48.cnf,96,321,676,,1355859375/137438953472,0.193,False,
add64,D5,MED,49,add64_med_49.cnf_const0,0,1,2,0,0,0.136,False,
add64,D5,MED,5,add64_med_5.cnf_const0,0,1,2,0,0,0.136,False,
add64,D5,MED,50,add64_med_50.cnf_const0,0,1,2,0,0,0.147,False,
add64,D5,MED,51,add64_med_51.cnf_const0,0,1,2,0,0,0.135,False,
add64,D5,MED,52,add64_med_52.cnf_const0,0,1,2,0,0,0.142,False,
add64,D5,MED,53,add64_med_53.cnf_const0,0,1,2,0,0,0.146,False,
add64,D5,MED,54,add64_med_54.cnf_const0,0,1,2,0,0,0.145,False,
add64,D5,MED,55,add64_med_55.cnf_const0,0,1,2,0,0,0.133,False,
add64,D5,MED,56,add64_med_56.cnf_const0,0,1,2,0,0,0.125,False,
add64,D5,MED,57,add64_med_57.cnf_const0,0,1,2,0,0,0.123,False,
add64,D5,MED,58,add64_med_58.cnf_const0,0,1,2,0,0,0.115,False,
add64,D5,MED,59,add64_med_59.cnf_const0,0,1,2,0,0,0.168,False,
add64,D5,MED,6,add64_med_6.cnf_const0,0,1,2,0,0,0.17,False,
add64,D5,MED,60,add64_med_60.cnf_const0,0,1,2,0,0,0.147,False,
add64,D5,MED,61,add64_med_61.cnf_const0,0,1,2,0,0,0.14,False,
add64,D5,MED,62,add64_med_62.cnf_const0,0,1,2,0,0,0.169,False,
add64,D5,MED,63,add64_med_63.cnf_const0,0,1,2,0,0,0.159,False,
add64,D5,MED,64,add64_med_64.cnf_const0,0,1,2,0,0,0.141,False,
add64,D5,MED,7,add64_med_7.cnf_const0,0,1,2,0,0,0.135,False,
add64,D5,MED,8,add64_med_8.cnf_const0,0,1,2,0,0,0.114,False,
add64,D5,MED,9,add64_med_9.cnf_const0,0,1,2,0,0,0.106,False,
mult12,D0,ER,,mult12_er.cnf,24,1003,2938,,358911/16777216,75.759,False,
mult12,D0,MED,0,mult12_med_0.cnf_const0,0,1,2,0,0,0.644,False,
mult12,D0,MED,1,mult12_med_1.cnf_const0,0,1,2,0,0,0.728,False,
mult12,D0,MED,10,mult12_med_10.cnf_const0,0,1,2,0,0,0.532,False,
mult12,D0,MED,11,mult12_med_11.cnf_const0,0,1,2,0,0,0.968,False,
mult12,D0,MED,12,mult12_med_12.cnf_const0,0,1,2,0,0,1.115,False,
mult12,D0,MED,13,mult12_med_13.cnf_const0,0,1,2,0,0,0.645,False,
mult12,D0,MED,14,mult12_med_14.cnf_const0,0,1,2,0,0,2.101,False,
mult12,D0,MED,15,mult12_med_15.cnf_const0,0,1,2,0,0,0.539,False,
mult12,D0,MED,16,mult12_med_16.cnf,24,738,2143,,65969/8388608,65.669,False,
mult12,D0,MED,17,mult12_med_17.cnf_const0,0,1,2,0,0,0.578,False,
mult12,D0,MED,18,mult12_med_18.cnf_const0,0,1,2,0,0,0.59,False,
mult12,D0,MED,19,mult12_med_19.cnf_const0,0,1,2,0,0,0.594,False,
mult12,D0,MED,2,mult12_med_2.cnf_const0,0,1,2,0,0,0.717,False,
mult12,D0,MED,20,mult12_med_20.cnf_const0,0,1,2,0,0,0.613,False,
mult12,D0,MED,21,mult12_med_21.cnf_const0,0,1,2,0,0,0.546,False,
mult12,D0,MED,22,mult12_med_22.cnf_const0,0,1,2,0,0,0.685,False,
mult12,D0,MED,23,mult12_med_23.cnf_const0,0,1,2,0,0,0.512,False,
mult12,D0,MED,3,mult12_med_3.cnf_const0,0,1,2,0,0,0.497,False,
mult12,D0,MED,4,mult12_med_4.cnf,10,65,166,,1/128,0.555,False,
mult12,D0,MED,5,mult12_med_5.cnf_const0,0,1,2,0,0,0.883,False,
mult12,D0,MED,6,mult12_med_6.cnf_const0,0,1,2,0,0,2.109,False,
mult12,D0,MED,7,mult12_med_7.cnf_const0,0,1,2,0,0,0.626,False,
mult12,D0,MED,8,mult12_med_8.cnf,18,246,685,,3/512,1.255,False,
mult12,D0,MED,9,mult12_med_9.cnf_const0,0,1,2,0,0,0.49,False,
mult12,D1,ER,,mult12_er.cnf,24,1003,2938,,566674007941/281474976710656,76.169,False,
mult12,D1,MED,0,mult12_med_0.cnf_const0,0,1,2,0,0,0.084,False,
mult12,D1,MED,1,mult12_med_1.cnf_const0,0,1,2,0,0,0.083,False,
mult12,D1,MED,10,mult12_med_10.cnf_const0,0,1,2,0,0,0.087,False,
mult12,D1,MED,11,mult12_med_11.cnf_const0,0,1,2,0,0,0.115,False,
mult12,D1,MED,12,mult12_med_12.cnf_const0,0,1,2,0,0,0.111,False,
mult12,D1,MED,13,mult12_med_13.cnf_const0,0,1,2,0,0,0.109,False,
mult12,D1,MED,14,mult12_med_14.cnf_const0,0,1,2,0,0,0.108,False,
mult12,D1,MED,15,mult12_med_15.cnf_const0,0,1,2,0,0,0.104,False,
mult12,D1,MED,16,mult12_med_16.cnf,24,738,2143,,65791502559/70368744177664,66.045,False,
mult12,D1,MED,17,mult12_med_17.cnf_const0,0,1,2,0,0,0.088,False,
mult12,D1,MED,18,mult12_med_18.cnf_const0,0,1,2,0,0,0.085,False,
mult12,D1,MED,19,mult12_med_19.cnf_const0,0,1,2,0,0,0.101,False,
mult12,D1,MED,2,mult12_med_2.cnf_const0,0,1,2,0,0,0.098,False,
mult12,D1,MED,20,mult12_med_20.cnf_const0,0,1,2,0,0,0.099,False,
mult12,D1,MED,21,mult12_med_21.cnf_const0,0,1,2,0,0,0.105,False,
mult12,D1,MED,22,mult12_med_22.cnf_const0,0,1,2,0,0,0.106,False,
mult12,D1,MED,23,mult12_med_23.cnf_const0,0,1,2,0,0,0.103,False,
mult12,D1,MED,3,mult12_med_3.cnf_const0,0,1,2,0,0,0.108,False,
mult12,D1,MED,4,mult12_med_4.cnf,10,65,166,,151/262144,0.105,False,
mult12,D1,MED,5,mult12_med_5.cnf_const0,0,1,2,0,0,0.104,False,
mult12,D1,MED,6,mult12_med_6.cnf_const0,0,1,2,0,0,0.103,False,
mult12,D1,MED,7,mult12_med_7.cnf_const0,0,1,2,0,0,0.11,False,
mult12,D1,MED,8,mult12_med_8.cnf,18,246,685,,8683185/17179869184,0.848,False,
mult12,D1,MED,9,mult12_med_9.cnf_const0,0,1,2,0,0,0.11,False,
mult12,D2,ER,,mult12_er.cnf,24,1003,2938,,34905878657469/281474976710656,75.929,False,
mult12,D2,MED,0,mult12_med_0.cnf_const0,0,1,2,0,0,0.095,False,
mult12,D2,MED,1,mult12_med_1.cnf_const0,0,1,2,0,0,0.106,False,
mult12,D2,MED,10,mult12_med_10.cnf_const0,0,1,2,0,0,0.097,False,
mult12,D2,MED,11,mult12_med_11.cnf_const0,0,1,2,0,0,0.117,False,
mult12,D2,MED,12,mult12_med_12.cnf_const0,0,1,2,0,0,0.095,False,
mult12,D2,MED,13,mult12_med_13.cnf_const0,0,1,2,0,0,0.097,False,
mult12,D2,MED,14,mult12_med_14.cnf_const0,0,1,2,0,0,0.104,False,
mult12,D2,MED,15,mult12_med_15.cnf_const0,0,1,2,0,0,0.089,False,
mult12,D2,MED,16,mult12_med_16.cnf,24,738,2143,,1105648814889/70368744177664,66.254,False,
mult12,D2,MED,17,mult12_med_17.cnf_const0,0,1,2,0,0,0.106,False,
mult12,D2,MED,18,mult12_med_18.cnf_const0,0,1,2,0,0,0.099,False,
mult12,D2,MED,19,mult12_med_19.cnf_const0,0,1,2,0,0,0.09,False,
mult12,D2,MED,2,mult12_med_2.cnf_const0,0,1,2,0,0,0.094,False,
mult12,D2,MED,20,mult12_med_20.cnf_const0,0,1,2,0,0,0.085,False,
mult12,D2,MED,21,mult12_med_21.cnf_const0,0,1,2,0,0,0.09,False,
mult12,D2,MED,22,mult12_med_22.cnf_const0,0,1,2,0,0,0.088,False,
mult12,D2,MED,23,mult12_med_23.cnf_const0,0,1,2,0,0,0.105,False,
mult12,D2,MED,3,mult12_med_3.cnf_const0,0,1,2,0,0,0.089,False,
mult12,D2,MED,4,mult12_med_4.cnf,10,65,166,,18711/262144,0.094,False,
mult12,D2,MED,5,mult12_med_5.cnf_const0,0,1,2,0,0,0.082,False,
mult12,D2,MED,6,mult12_med_6.cnf_const0,0,1,2,0,0,0.084,False,
mult12,D2,MED,7,mult12_med_7.cnf_const0,0,1,2,0,0,0.086,False,
mult12,D2,MED,8,mult12_med_8.cnf,18,246,685,,675958689/17179869184,0.827,False,
mult12,D2,MED,9,mult12_med_9.cnf_const0,0,1,2,0,0,0.095,False,
mult12,D3,ER,,mult12_er.cnf,24,1003,2938,,4289384233845/281474976710656,76.137,False,
mult12,D3,MED,0,mult12_med_0.cnf_const0,0,1,2,0,0,0.1,False,
mult12,D3,MED,1,mult12_med_1.cnf_const0,0,1,2,0,0,0.089,False,
mult12,D3,MED,10,mult12_med_10.cnf_const0,0,1,2,0,0,0.086,False,
mult12,D3,MED,11,mult12_med_11.cnf_const0,0,1,2,0,0,0.089,False,
mult12,D3,MED,12,mult12_med_12.cnf_const0,0,1,2,0,0,0.087,False,
mult12,D3,MED,13,mult12_med_13.cnf_const0,0,1,2,0,0,0.09,False,
mult12,D3,MED,14,mult12_med_14.cnf_const0,0,1,2,0,0,0.088,False,
mult12,D3,MED,15,mult12_med_15.cnf_const0,0,1,2,0,0,0.09,False,
mult12,D3,MED,16,mult12_med_16.cnf,24,738,2143,,510732989361/70368744177664,66.358,False,
mult12,D3,MED,17,mult12_med_17.cnf_const0,0,1,2,0,0,0.094,False,
mult12,D3,MED,18,mult12_med_18.cnf_const0,0,1,2,0,0,0.088,False,
mult12,D3,MED,19,mult12_med_19.cnf_const0,0,1,2,0,0,0.085,False,
mult12,D3,MED,2,mult12_med_2.cnf_const0,0,1,2,0,0,0.093,False,
mult12,D3,MED,20,mult12_med_20.cnf_const0,0,1,2,0,0,0.093,False,
mult12,D3,MED,21,mult12_med_21.cnf_const0,0,1,2,0,0,0.085,False,
mult12,D3,MED,22,mult12_med_22.cnf_const0,0,1,2,0,0,0.088,False,
mult12,D3,MED,23,mult12_med_23.cnf_const0,0,1,2,0,0,0.089,False,
mult12,D3,MED,3,mult12_med_3.cnf_const0,0,1,2,0,0,0.088,False,
mult12,D3,MED,4,mult12_med_4.cnf,10,65,166,,1431/262144,0.098,False,
mult12,D3,MED,5,mult12_med_5.cnf_const0,0,1,2,0,0,0.093,False,
mult12,D3,MED,6,mult12_med_6.cnf_const0,0,1,2,0,0,0.09,False,
mult12,D3,MED,7,mult12_med_7.cnf_const0,0,1,2,0,0,0.09,False,
mult12,D3,MED,8,mult12_med_8.cnf,18,246,685,,44730225/17179869184,0.838,False,
mult12,D3,MED,9,mult12_med_9.cnf_const0,0,1,2,0,0,0.095,False,
mult12,D4,ER,,mult12_er.cnf,24,1003,2938,,566674007941/281474976710656,76.122,False,
mult12,D4,MED,0,mult12_med_0.cnf_const0,0,1,2,0,0,0.097,False,
mult12,D4,MED,1,mult12_med_1.cnf_const0,0,1,2,0,0,0.086,False,
mult12,D4,MED,10,mult12_med_10.cnf_const0,0,1,2,0,0,0.093,False,
mult12,D4,MED,11,mult12_med_11.cnf_const0,0,1,2,0,0,0.093,False,
mult12,D4,MED,12,mult12_med_12.cnf_const0,0,1,2,0,0,0.088,False,
mult12,D4,MED,13,mult12_med_13.cnf_const0,0,1,2,0,0,0.089,False,
mult12,D4,MED,14,mult12_med_14.cnf_const0,0,1,2,0,0,0.089,False,
mult12,D4,MED,15,mult12_med_15.cnf_const0,0,1,2,0,0,0.091,False,
mult12,D4,MED,16,mult12_med_16.cnf,24,738,2143,,65791502559/70368744177664,66.515,False,
mult12,D4,MED,17,mult12_med_17.cnf_const0,0,1,2,0,0,0.094,False,
mult12,D4,MED,18,mult12_med_18.cnf_const0,0,1,2,0,0,0.085,False,
mult12,D4,MED,19,mult12_med_19.cnf_const0,0,1,2,0,0,0.09,False,
mult12,D4,MED,2,mult12_med_2.cnf_const0,0,1,2,0,0,0.089,False,
mult12,D4,MED,20,mult12_med_20.cnf_const0,0,1,2,0,0,0.092,False,
mult12,D4,MED,21,mult12_med_21.cnf_const0,0,1,2,0,0,0.091,False,
mult12,D4,MED,22,mult12_med_22.cnf_const0,0,1,2,0,0,0.09,False,
mult12,D4,MED,23,mult12_med_23.cnf_const0,0,1,2,0,0,0.109,False,
mult12,D4,MED,3,mult12_med_3.cnf_const0,0,1,2,0,0,0.097,False,
mult12,D4,MED,4,mult12_med_4.cnf,10,65,166,,151/262144,0.092,False,
mult12,D4,MED,5,mult12_med_5.cnf_const0,0,1,2,0,0,0.089,False,
mult12,D4,MED,6,mult12_med_6.cnf_const0,0,1,2,0,0,0.09,False,
mult12,D4,MED,7,mult12_med_7.cnf_const0,0,1,2,0,0,0.091,False,
mult12,D4,MED,8,mult12_med_8.cnf,18,246,685,,8683185/17179869184,0.868,False,
mult12,D4,MED,9,mult12_med_9.cnf_const0,0,1,2,0,0,0.103,False,
mult12,D5,ER,,mult12_er.cnf,24,1003,2938,,34905878657469/281474976710656,75.849,False,
mult12,D5,MED,0,mult12_med_0.cnf_const0,0,1,2,0,0,0.099,False,
mult12,D5,MED,1,mult12_med_1.cnf_const0,0,1,2,0,0,0.098,False,
mult12,D5,MED,10,mult12_med_10.cnf_const0,0,1,2,0,0,0.102,False,
mult12,D5,MED,11,mult12_med_11.cnf_const0,0,1,2,0,0,0.097,False,
mult12,D5,MED,12,mult12_med_12.cnf_const0,0,1,2,0,0,0.09,False,
mult12,D5,MED,13,mult12_med_13.cnf_const0,0,1,2,0,0,0.093,False,
mult12,D5,MED,14,mult12_med_14.cnf_const0,0,1,2,0,0,0.111,False,
mult12,D5,MED,15,mult12_med_15.cnf_const0,0,1,2,0,0,0.092,False,
mult12,D5,MED,16,mult12_med_16.cnf,24,738,2143,,1105648814889/70368744177664,65.925,False,
mult12,D5,MED,17,mult12_med_17.cnf_const0,0,1,2,0,0,0.095,False,
mult12,D5,MED,18,mult12_med_18.cnf_const0,0,1,2,0,0,0.085,False,
mult12,D5,MED,19,mult12_med_19.cnf_const0,0,1,2,0,0,0.087,False,
mult12,D5,MED,2,mult12_med_2.cnf_const0,0,1,2,0,0,0.085,False,
mult12,D5,MED,20,mult12_med_20.cnf_const0,0,1,2,0,0,0.093,False,
mult12,D5,MED,21,mult12_med_21.cnf_const0,0,1,2,0,0,0.089,False,
mult12,D5,MED,22,mult12_med_22.cnf_const0,0,1,2,0,0,0.091,False,
mult12,D5,MED,23,mult12_med_23.cnf_const0,0,1,2,0,0,0.091,False,
mult12,D5,MED,3,mult12_med_3.cnf_const0,0,1,2,0,0,0.085,False,
mult12,D5,MED,4,mult12_med_4.cnf,10,65,166,,18711/262144,0.09,False,
mult12,D5,MED,5,mult12_med_5.cnf_const0,0,1,2,0,0,0.087,False,
mult12,D5,MED,6,mult12_med_6.cnf_const0,0,1,2,0,0,0.084,False,
mult12,D5,MED,7,mult12_med_7.cnf_const0,0,1,2,0,0,0.083,False,
mult12,D5,MED,8,mult12_med_8.cnf,18,246,685,,675958689/17179869184,0.842,False,
mult12,D5,MED,9,mult12_med_9.cnf_const0,0,1,2,0,0,0.088,False,
mult15,D0,ER,,mult15_er.cnf,30,1663,4900,,,180,True,timeout
mult15,D0,MED,0,mult15_med_0.cnf_const0,0,1,2,0,0,0.525,False,
mult15,D0,MED,1,mult15_med_1.cnf_const0,0,1,2,0,0,0.731,False,
mult15,D0,MED,10,mult15_med_10.cnf_const0,0,1,2,0,0,0.685,False,
mult15,D0,MED,11,mult15_med_11.cnf_const0,0,1,2,0,0,0.499,False,
mult15,D0,MED,12,mult15_med_12.cnf,24,510,1459,,39/16384,3.397,False,
mult15,D0,MED,13,mult15_med_13.cnf_const0,0,1,2,0,0,0.53,False,
mult15,D0,MED,14,mult15_med_14.cnf_const0,0,1,2,0,0,0.531,False,
mult15,D0,MED,15,mult15_med_15.cnf_const0,0,1,2,0,0,0.549,False,
mult15,D0,MED,16,mult15_med_16.cnf_const0,0,1,2,0,0,0.545,False,
mult15,D0,MED,17,mult15_med_17.cnf_const0,0,1,2,0,0,0.549,False,
mult15,D0,MED,18,mult15_med_18.cnf_const0,0,1,2,0,0,0.602,False,
mult15,D0,MED,19,mult15_med_19.cnf_const0,0,1,2,0,0,0.53,False,
mult15,D0,MED,2,mult15_med_2.cnf_const0,0,1,2,0,0,0.579,False,
mult15,D0,MED,20,mult15_med_20.cnf_const0,0,1,2,0,0,0.829,False,
mult15,D0,MED,21,mult15_med_21.cnf,30,1761,5194,,0,7.409,False,
mult15,D0,MED,22,mult15_med_22.cnf_const0,0,1,2,0,0,0.618,False,
mult15,D0,MED,23,mult15_med_23.cnf_const0,0,1,2,0,0,0.573,False,
mult15,D0,MED,24,mult15_med_24.cnf,30,1763,5200,,,180,True,timeout
mult15,D0,MED,25,mult15_med_25.cnf_const0,0,1,2,0,0,0.588,False,
mult15,D0,MED,26,mult15_med_26.cnf_const0,0,1,2,0,0,0.564,False,
mult15,D0,MED,27,mult15_med_27.cnf_const0,0,1,2,0,0,0.533,False,
mult15,D0,MED,28,mult15_med_28.cnf_const0,0,1,2,0,0,0.571,False,
mult15,D0,MED,29,mult15_med_29.cnf_const0,0,1,2,0,0,0.495,False,
mult15,D0,MED,3,mult15_med_3.cnf_const0,0,1,2,0,0,0.55,False,
mult15,D0,MED,4,mult15_med_4.cnf_const0,0,1,2,0,0,0.506,False,
mult15,D0,MED,5,mult15_med_5.cnf_const0,0,1,2,0,0,0.604,False,
mult15,D0,MED,6,mult15_med_6.cnf,12,100,265,,1/256,0.499,False,
mult15,D0,MED,7,mult15_med_7.cnf,30,1757,5182,,0,31.012,False,
mult15,D0,MED,8,mult15_med_8.cnf_const0,0,1,2,0,0,0.511,False,
mult15,D0,MED,9,mult15_med_9.cnf,20,324,913,,3/1024,1.693,False,
mult15,D1,ER,,mult15_er.cnf,30,1663,4900,,,180,True,timeout
mult15,D1,MED,0,mult15_med_0.cnf_const0,0,1,2,0,0,0.088,False,
mult15,D1,MED,1,mult15_med_1.cnf_const0,0,1,2,0,0,0.089,False,
mult15,D1,MED,10,mult15_med_10.cnf_const0,0,1,2,0,0,0.086,False,
mult15,D1,MED,11,mult15_med_11.cnf_const0,0,1,2,0,0,0.087,False,
mult15,D1,MED,12,mult15_med_12.cnf,24,510,1459,,3722004957/17592186044416,2.728,False,
mult15,D1,MED,13,mult15_med_13.cnf_const0,0,1,2,0,0,0.09,False,
mult15,D1,MED,14,mult15_med_14.cnf_const0,0,1,2,0,0,0.101,False,
mult15,D1,MED,15,mult15_med_15.cnf_const0,0,1,2,0,0,0.09,False,
mult15,D1,MED,16,mult15_med_16.cnf_const0,0,1,2,0,0,0.091,False,
mult15,D1,MED,17,mult15_med_17.cnf_const0,0,1,2,0,0,0.092,False,
mult15,D1,MED,18,mult15_med_18.cnf_const0,0,1,2,0,0,0.097,False,
mult15,D1,MED,19,mult15_med_19.cnf_const0,0,1,2,0,0,0.088,False,
mult15,D1,MED,2,mult15_med_2.cnf_const0,0,1,2,0,0,0.091,False,
mult15,D1,MED,20,mult15_med_20.cnf_const0,0,1,2,0,0,0.277,False,
mult15,D1,MED,21,mult15_med_21.cnf,30,1761,5194,,0,6.698,False,
mult15,D1,MED,22,mult15_med_22.cnf_const0,0,1,2,0,0,0.105,False,
mult15,D1,MED,23,mult15_med_23.cnf_const0,0,1,2,0,0,0.099,False,
mult15,D1,MED,24,mult15_med_24.cnf,30,1763,5200,,,180,True,timeout
mult15,D1,MED,25,mult15_med_25.cnf_const0,0,1,2,0,0,0.091,False,
mult15,D1,MED,26,mult15_med_26.cnf_const0,0,1,2,0,0,0.09,False,
mult15,D1,MED,27,mult15_med_27.cnf_const0,0,1,2,0,0,0.096,False,
mult15,D1,MED,28,mult15_med_28.cnf_const0,0,1,2,0,0,0.096,False,
mult15,D1,MED,29,mult15_med_29.cnf_const0,0,1,2,0,0,0.092,False,
mult15,D1,MED,3,mult15_med_3.cnf_const0,0,1,2,0,0,0.091,False,
mult15,D1,MED,4,mult15_med_4.cnf_const0,0,1,2,0,0,0.091,False,
mult15,D1,MED,5,mult15_med_5.cnf_const0,0,1,2,0,0,0.092,False,
mult15,D1,MED,6,mult15_med_6.cnf,12,100,265,,961/4194304,0.096,False,
mult15,D1,MED,7,mult15_med_7.cnf,30,1757,5182,,0,30.306,False,
mult15,D1,MED,8,mult15_med_8.cnf_const0,0,1,2,0,0,0.1,False,
mult15,D1,MED,9,mult15_med_9.cnf,20,324,913,,67722627/274877906944,1.249,False,
mult15,D2,ER,,mult15_er.cnf,30,1663,4900,,,180,True,timeout
mult15,D2,MED,0,mult15_med_0.cnf_const0,0,1,2,0,0,0.104,False,
mult15,D2,MED,1,mult15_med_1.cnf_const0,0,1,2,0,0,0.101,False,
mult15,D2,MED,10,mult15_med_10.cnf_const0,0,1,2,0,0,0.109,False,
mult15,D2,MED,11,mult15_med_11.cnf_const0,0,1,2,0,0,0.101,False,
mult15,D2,MED,12,mult15_med_12.cnf,24,510,1459,,241740515205/17592186044416,2.668,False,
mult15,D2,MED,13,mult15_med_13.cnf_const0,0,1,2,0,0,0.087,False,
mult15,D2,MED,14,mult15_med_14.cnf_const0,0,1,2,0,0,0.092,False,
mult15,D2,MED,15,mult15_med_15.cnf_const0,0,1,2,0,0,0.087,False,
mult15,D2,MED,16,mult15_med_16.cnf_const0,0,1,2,0,0,0.088,False,
mult15,D2,MED,17,mult15_med_17.cnf_const0,0,1,2,0,0,0.091,False,
mult15,D2,MED,18,mult15_med_18.cnf_const0,0,1,2,0,0,0.09,False,
mult15,D2,MED,19,mult15_med_19.cnf_const0,0,1,2,0,0,0.09,False,
mult15,D2,MED,2,mult15_med_2.cnf_const0,0,1,2,0,0,0.09,False,
mult15,D2,MED,20,mult15_med_20.cnf_const0,0,1,2,0,0,0.091,False,
mult15,D2,MED,21,mult15_med_21.cnf,30,1761,5194,,0,6.573,False,
mult15,D2,MED,22,mult15_med_22.cnf_const0,0,1,2,0,0,0.102,False,
mult15,D2,MED,23,mult15_med_23.cnf_const0,0,1,2,0,0,0.103,False,
mult15,D2,MED,24,mult15_med_24.cnf,30,1763,5200,,,180,True,timeout
mult15,D2,MED,25,mult15_med_25.cnf_const0,0,1,2,0,0,0.123,False,
mult15,D2,MED,26,mult15_med_26.cnf_const0,0,1,2,0,0,0.094,False,
mult15,D2,MED,27,mult15_med_27.cnf_const0,0,1,2,0,0,0.092,False,
mult15,D2,MED,28,mult15_med_28.cnf_const0,0,1,2,0,0,0.09,False,
mult15,D2,MED,29,mult15_med_29.cnf_const0,0,1,2,0,0,0.119,False,
mult15,D2,MED,3,mult15_med_3.cnf_const0,0,1,2,0,0,0.108,False,
mult15,D2,MED,4,mult15_med_4.cnf_const0,0,1,2,0,0,0.106,False,
mult15,D2,MED,5,mult15_med_5.cnf_const0,0,1,2,0,0,0.109,False,
mult15,D2,MED,6,mult15_med_6.cnf,12,100,265,,175689/4194304,0.186,False,
mult15,D2,MED,7,mult15_med_7.cnf,30,1757,5182,,0,30.718,False,
mult15,D2,MED,8,mult15_med_8.cnf_const0,0,1,2,0,0,0.093,False,
mult15,D2,MED,9,mult15_med_9.cnf,20,324,913,,6209180955/274877906944,1.287,False,
mult15,D3,ER,,mult15_er.cnf,30,1663,4900,,,180,True,timeout
mult15,D3,MED,0,mult15_med_0.cnf_const0,0,1,2,0,0,0.101,False,
mult15,D3,MED,1,mult15_med_1.cnf_const0,0,1,2,0,0,0.088,False,
mult15,D3,MED,10,mult15_med_10.cnf_const0,0,1,2,0,0,0.091,False,
mult15,D3,MED,11,mult15_med_11.cnf_const0,0,1,2,0,0,0.088,False,
mult15,D3,MED,12,mult15_med_12.cnf,24,510,1459,,39671703801/17592186044416,2.657,False,
mult15,D3,MED,13,mult15_med_13.cnf_const0,0,1,2,0,0,0.096,False,
mult15,D3,MED,14,mult15_med_14.cnf_const0,0,1,2,0,0,0.098,False,
mult15,D3,MED,15,mult15_med_15.cnf_const0,0,1,2,0,0,0.1,False,
mult15,D3,MED,16,mult15_med_16.cnf_const0,0,1,2,0,0,0.102,False,
mult15,D3,MED,17,mult15_med_17.cnf_const0,0,1,2,0,0,0.09,False,
mult15,D3,MED,18,mult15_med_18.cnf_const0,0,1,2,0,0,0.101,False,
mult15,D3,MED,19,mult15_med_19.cnf_const0,0,1,2,0,0,0.1,False,
mult15,D3,MED,2,mult15_med_2.cnf_const0,0,1,2,0,0,0.097,False,
mult15,D3,MED,20,mult15_med_20.cnf_const0,0,1,2,0,0,0.103,False,
mult15,D3,MED,21,mult15_med_21.cnf,30,1761,5194,,0,6.44,False,
mult15,D3,MED,22,mult15_med_22.cnf_const0,0,1,2,0,0,0.095,False,
mult15,D3,MED,23,mult15_med_23.cnf_const0,0,1,2,0,0,0.091,False,
mult15,D3,MED,24,mult15_med_24.cnf,30,1763,5200,,,180,True,timeout
mult15,D3,MED,25,mult15_med_25.cnf_const0,0,1,2,0,0,0.09,False,
mult15,D3,MED,26,mult15_med_26.cnf_const0,0,1,2,0,0,0.088,False,
mult15,D3,MED,27,mult15_med_27.cnf_const0,0,1,2,0,0,0.093,False,
mult15,D3,MED,28,mult15_med_28.cnf_const0,0,1,2,0,0,0.096,False,
mult15,D3,MED,29,mult15_med_29.cnf_const0,0,1,2,0,0,0.09,False,
mult15,D3,MED,3,mult15_med_3.cnf_const0,0,1,2,0,0,0.088,False,
mult15,D3,MED,4,mult15_med_4.cnf_const0,0,1,2,0,0,0.095,False,
mult15,D3,MED,5,mult15_med_5.cnf_const0,0,1,2,0,0,0.091,False,
mult15,D3,MED,6,mult15_med_6.cnf,12,100,265,,6237/4194304,0.094,False,
mult15,D3,MED,7,mult15_med_7.cnf,30,1757,5182,,0,31.702,False,
mult15,D3,MED,8,mult15_med_8.cnf_const0,0,1,2,0,0,0.092,False,
mult15,D3,MED,9,mult15_med_9.cnf,20,324,913,,287692479/274877906944,1.324,False,
mult15,D4,ER,,mult15_er.cnf,30,1663,4900,,,180,True,timeout
mult15,D4,MED,0,mult15_med_0.cnf_const0,0,1,2,0,0,0.101,False,
mult15,D4,MED,1,mult15_med_1.cnf_const0,0,1,2,0,0,0.099,False,
mult15,D4,MED,10,mult15_med_10.cnf_const0,0,1,2,0,0,0.097,False,
mult15,D4,MED,11,mult15_med_11.cnf_const0,0,1,2,0,0,0.1,False,
mult15,D4,MED,12,mult15_med_12.cnf,24,510,1459,,3722004957/17592186044416,2.756,False,
mult15,D4,MED,13,mult15_med_13.cnf_const0,0,1,2,0,0,0.111,False,
mult15,D4,MED,14,mult15_med_14.cnf_const0,0,1,2,0,0,0.107,False,
mult15,D4,MED,15,mult15_med_15.cnf_const0,0,1,2,0,0,0.107,False,
mult15,D4,MED,16,mult15_med_16.cnf_const0,0,1,2,0,0,0.102,False,
mult15,D4,MED,17,mult15_med_17.cnf_const0,0,1,2,0,0,0.098,False,
mult15,D4,MED,18,mult15_med_18.cnf_const0,0,1,2,0,0,0.101,False,
mult15,D4,MED,19,mult15_med_19.cnf_const0,0,1,2,0,0,0.1,False,
mult15,D4,MED,2,mult15_med_2.cnf_const0,0,1,2,0,0,0.108,False,
mult15,D4,MED,20,mult15_med_20.cnf_const0,0,1,2,0,0,0.102,False,
mult15,D4,MED,21,mult15_med_21.cnf,30,1761,5194,,0,6.861,False,
mult15,D4,MED,22,mult15_med_22.cnf_const0,0,1,2,0,0,0.096,False,
mult15,D4,MED,23,mult15_med_23.cnf_const0,0,1,2,0,0,0.092,False,
mult15,D4,MED,24,mult15_med_24.cnf,30,1763,5200,,,180,True,timeout
mult15,D4,MED,25,mult15_med_25.cnf_const0,0,1,2,0,0,0.097,False,
mult15,D4,MED,26,mult15_med_26.cnf_const0,0,1,2,0,0,0.097,False,
mult15,D4,MED,27,mult15_med_27.cnf_const0,0,1,2,0,0,0.093,False,
mult15,D4,MED,28,mult15_med_28.cnf_const0,0,1,2,0,0,0.09,False,
mult15,D4,MED,29,mult15_med_29.cnf_const0,0,1,2,0,0,0.094,False,
mult15,D4,MED,3,mult15_med_3.cnf_const0,0,1,2,0,0,0.091,False,
mult15,D4,MED,4,mult15_med_4.cnf_const0,0,1,2,0,0,0.092,False,
mult15,D4,MED,5,mult15_med_5.cnf_const0,0,1,2,0,0,0.093,False,
mult15,D4,MED,6,mult15_med_6.cnf,12,100,265,,961/4194304,0.092,False,
mult15,D4,MED,7,mult15_med_7.cnf,30,1757,5182,,0,31.885,False,
mult15,D4,MED,8,mult15_med_8.cnf_const0,0,1,2,0,0,0.098,False,
mult15,D4,MED,9,mult15_med_9.cnf,20,324,913,,67722627/274877906944,1.309,False,
mult15,D5,ER,,mult15_er.cnf,30,1663,4900,,,180,True,timeout
mult15,D5,MED,0,mult15_med_0.cnf_const0,0,1,2,0,0,0.095,False,
mult15,D5,MED,1,mult15_med_1.cnf_const0,0,1,2,0,0,0.118,False,
mult15,D5,MED,10,mult15_med_10.cnf_const0,0,1,2,0,0,0.103,False,
mult15,D5,MED,11,mult15_med_11.cnf_const0,0,1,2,0,0,0.099,False,
mult15,D5,MED,12,mult15_med_12.cnf,24,510,1459,,241740515205/17592186044416,2.768,False,
mult15,D5,MED,13,mult15_med_13.cnf_const0,0,1,2,0,0,0.09,False,
mult15,D5,MED,14,mult15_med_14.cnf_const0,0,1,2,0,0,0.098,False,
mult15,D5,MED,15,mult15_med_15.cnf_const0,0,1,2,0,0,0.098,False,
mult15,D5,MED,16,mult15_med_16.cnf_const0,0,1,2,0,0,0.116,False,
mult15,D5,MED,17,mult15_med_17.cnf_const0,0,1,2,0,0,0.101,False,
mult15,D5,MED,18,mult15_med_18.cnf_const0,0,1,2,0,0,0.099,False,
mult15,D5,MED,19,mult15_med_19.cnf_const0,0,1,2,0,0,0.104,False,
mult15,D5,MED,2,mult15_med_2.cnf_const0,0,1,2,0,0,0.109,False,
mult15,D5,MED,20,mult15_med_20.cnf_const0,0,1,2,0,0,0.097,False,
mult15,D5,MED,21,mult15_med_21.cnf,30,1761,5194,,0,6.85,False,
mult15,D5,MED,22,mult15_med_22.cnf_const0,0,1,2,0,0,0.105,False,
mult15,D5,MED,23,mult15_med_23.cnf_const0,0,1,2,0,0,0.1,False,
mult15,D5,MED,24,mult15_med_24.cnf,30,1763,5200,,,180,True,timeout
mult15,D5,MED,25,mult15_med_25.cnf_const0,0,1,2,0,0,0.201,False,
mult15,D5,MED,26,mult15_med_26.cnf_const0,0,1,2,0,0,0.162,False,
mult15,D5,MED,27,mult15_med_27.cnf_const0,0,1,2,0,0,0.173,False,
mult15,D5,MED,28,mult15_med_28.cnf_const0,0,1,2,0,0,0.14,False,
mult15,D5,MED,29,mult15_med_29.cnf_const0,0,1,2,0,0,0.14,False,
mult15,D5,MED,3,mult15_med_3.cnf_const0,0,1,2,0,0,0.13,False,
mult15,D5,MED,4,mult15_med_4.cnf_const0,0,1,2,0,0,0.118,False,
mult15,D5,MED,5,mult15_med_5.cnf_const0,0,1,2,0,0,0.105,False,
mult15,D5,MED,6,mult15_med_6.cnf,12,100,265,,175689/4194304,0.101,False,
mult15,D5,MED,7,mult15_med_7.cnf,30,1757,5182,,0,36.66,False,
mult15,D5,MED,8,mult15_med_8.cnf_const0,0,1,2,0,0,0.217,False,
mult15,D5,MED,9,mult15_med_9.cnf,20,324,913,,6209180955/274877906944,1.926,False,
mult16_new,D0,ER,,mult16_new_er.cnf,32,1917,5656,,,180,True,timeout
mult16_new,D0,MED,0,mult16_new_med_0.cnf_const0,0,1,2,0,0,0.894,False,
mult16_new,D0,MED,1,mult16_new_med_1.cnf_const0,0,1,2,0,0,0.531,False,
mult16_new,D0,MED,10,mult16_new_med_10.cnf,32,1999,5902,,0,35.975,False,
mult16_new,D0,MED,11,mult16_new_med_11.cnf,32,1999,5902,,0,35.704,False,
mult16_new,D0,MED,12,mult16_new_med_12.cnf,32,2005,5920,,51/16384,14.336,False,
mult16_new,D0,MED,13,mult16_new_med_13.cnf,32,1998,5899,,0,37.79,False,
mult16_new,D0,MED,14,mult16_new_med_14.cnf,32,1998,5899,,0,37.19,False,
mult16_new,D0,MED,15,mult16_new_med_15.cnf,32,2006,5923,,0,35.543,False,
mult16_new,D0,MED,16,mult16_new_med_16.cnf,32,2002,5911,,579/262144,126.7,False,
mult16_new,D0,MED,17,mult16_new_med_17.cnf,32,1998,5899,,0,2.702,False,
mult16_new,D0,MED,18,mult16_new_med_18.cnf,32,1999,5902,,0,0.612,False,
mult16_new,D0,MED,19,mult16_new_med_19.cnf,32,1998,5899,,0,0.672,False,
mult16_new,D0,MED,2,mult16_new_med_2.cnf_const0,0,1,2,0,0,0.708,False,
mult16_new,D0,MED,20,mult16_new_med_20.cnf,32,2002,5911,,0,0.626,False,
mult16_new,D0,MED,21,mult16_new_med_21.cnf,32,1999,5902,,0,1.228,False,
mult16_new,D0,MED,22,mult16_new_med_22.cnf,32,1999,5902,,0,0.591,False,
mult16_new,D0,MED,23,mult16_new_med_23.cnf,32,2002,5911,,0,34.115,False,
mult16_new,D0,MED,24,mult16_new_med_24.cnf,32,2003,5914,,,180,True,timeout
mult16_new,D0,MED,25,mult16_new_med_25.cnf_const0,0,1,2,0,0,0.5,False,
mult16_new,D0,MED,26,mult16_new_med_26.cnf_const0,0,1,2,0,0,0.527,False,
mult16_new,D0,MED,27,mult16_new_med_27.cnf_const0,0,1,2,0,0,0.504,False,
mult16_new,D0,MED,28,mult16_new_med_28.cnf_const0,0,1,2,0,0,0.591,False,
mult16_new,D0,MED,29,mult16_new_med_29.cnf,32,1904,5617,,0,0.564,False,
mult16_new,D0,MED,3,mult16_new_med_3.cnf_const0,0,1,2,0,0,0.495,False,
mult16_new,D0,MED,30,mult16_new_med_30.cnf_const0,0,1,2,0,0,0.504,False,
mult16_new,D0,MED,31,mult16_new_med_31.cnf_const0,0,1,2,0,0,0.533,False,
mult16_new,D0,MED,4,mult16_new_med_4.cnf_const0,0,1,2,0,0,0.539,False,
mult16_new,D0,MED,5,mult16_new_med_5.cnf_const0,0,1,2,0,0,0.597,False,
mult16_new,D0,MED,6,mult16_new_med_6.cnf,12,100,265,,1/256,0.54,False,
mult16_new,D0,MED,7,mult16_new_med_7.cnf,32,1998,5899,,0,33.694,False,
mult16_new,D0,MED,8,mult16_new_med_8.cnf,32,1998,5899,,0,33.75,False,
mult16_new,D0,MED,9,mult16_new_med_9.cnf,32,1998,5899,,0,33.654,False,
mult16_new,D1,ER,,mult16_new_er.cnf,32,1917,5656,,,180,True,timeout
mult16_new,D1,MED,0,mult16_new_med_0.cnf_const0,0,1,2,0,0,0.098,False,
mult16_new,D1,MED,1,mult16_new_med_1.cnf_const0,0,1,2,0,0,0.107,False,
mult16_new,D1,MED,10,mult16_new_med_10.cnf,32,1999,5902,,0,32.908,False,
mult16_new,D1,MED,11,mult16_new_med_11.cnf,32,1999,5902,,0,33.785,False,
mult16_new,D1,MED,12,mult16_new_med_12.cnf,32,2005,5920,,18816337239/70368744177664,13.658,False,
mult16_new,D1,MED,13,mult16_new_med_13.cnf,32,1998,5899,,0,36.332,False,
mult16_new,D1,MED,14,mult16_new_med_14.cnf,32,1998,5899,,0,36.934,False,
mult16_new,D1,MED,15,mult16_new_med_15.cnf,32,2006,5923,,0,33.628,False,
mult16_new,D1,MED,16,mult16_new_med_16.cnf,32,2002,5911,,594893484424395/2305843009213693952,132.63,False,
mult16_new,D1,MED,17,mult16_new_med_17.cnf,32,1998,5899,,0,2.33,False,
mult16_new,D1,MED,18,mult16_new_med_18.cnf,32,1999,5902,,0,0.176,False,
mult16_new,D1,MED,19,mult16_new_med_19.cnf,32,1998,5899,,0,0.192,False,
mult16_new,D1,MED,2,mult16_new_med_2.cnf_const0,0,1,2,0,0,0.098,False,
mult16_new,D1,MED,20,mult16_new_med_20.cnf,32,2002,5911,,0,0.211,False,
mult16_new,D1,MED,21,mult16_new_med_21.cnf,32,1999,5902,,0,0.197,False,
mult16_new,D1,MED,22,mult16_new_med_22.cnf,32,1999,5902,,0,0.149,False,
mult16_new,D1,MED,23,mult16_new_med_23.cnf,32,2002,5911,,0,35.794,False,
mult16_new,D1,MED,24,mult16_new_med_24.cnf,32,2003,5914,,,180,True,timeout
mult16_new,D1,MED,25,mult16_new_med_25.cnf_const0,0,1,2,0,0,0.097,False,
mult16_new,D1,MED,26,mult16_new_med_26.cnf_const0,0,1,2,0,0,0.094,False,
mult16_new,D1,MED,27,mult16_new_med_27.cnf_const0,0,1,2,0,0,0.089,False,
mult16_new,D1,MED,28,mult16_new_med_28.cnf_const0,0,1,2,0,0,0.093,False,
mult16_new,D1,MED,29,mult16_new_med_29.cnf,32,1904,5617,,0,0.135,False,
mult16_new,D1,MED,3,mult16_new_med_3.cnf_const0,0,1,2,0,0,0.099,False,
mult16_new,D1,MED,30,mult16_new_med_30.cnf_const0,0,1,2,0,0,0.11,False,
mult16_new,D1,MED,31,mult16_new_med_31.cnf_const0,0,1,2,0,0,0.089,False,
mult16_new,D1,MED,4,mult16_new_med_4.cnf_const0,0,1,2,0,0,0.099,False,
mult16_new,D1,MED,5,mult16_new_med_5.cnf_const0,0,1,2,0,0,0.092,False,
mult16_new,D1,MED,6,mult16_new_med_6.cnf,12,100,265,,961/4194304,0.099,False,
mult16_new,D1,MED,7,mult16_new_med_7.cnf,32,1998,5899,,0,34.58,False,
mult16_new,D1,MED,8,mult16_new_med_8.cnf,32,1998,5899,,0,36.297,False,
mult16_new,D1,MED,9,mult16_new_med_9.cnf,32,1998,5899,,0,36.746,False,
mult16_new,D2,ER,,mult16_new_er.cnf,32,1917,5656,,,180,True,timeout
mult16_new,D2,MED,0,mult16_new_med_0.cnf_const0,0,1,2,0,0,0.134,False,
mult16_new,D2,MED,1,mult16_new_med_1.cnf_const0,0,1,2,0,0,0.166,False,
mult16_new,D2,MED,10,mult16_new_med_10.cnf,32,1999,5902,,0,33.085,False,
mult16_new,D2,MED,11,mult16_new_med_11.cnf,32,1999,5902,,0,32.639,False,
mult16_new,D2,MED,12,mult16_new_med_12.cnf,32,2005,5920,,1483786099791/70368744177664,12.521,False,
mult16_new,D2,MED,13,mult16_new_med_13.cnf,32,1998,5899,,0,37.099,False,
mult16_new,D2,MED,14,mult16_new_med_14.cnf,32,1998,5899,,0,37.032,False,
mult16_new,D2,MED,15,mult16_new_med_15.cnf,32,2006,5923,,0,34.172,False,
mult16_new,D2,MED,16,mult16_new_med_16.cnf,32,2002,5911,,19219092577391835/2305843009213693952,127.853,False,
mult16_new,D2,MED,17,mult16_new_med_17.cnf,32,1998,5899,,0,2.195,False,
mult16_new,D2,MED,18,mult16_new_med_18.cnf,32,1999,5902,,0,0.167,False,
mult16_new,D2,MED,19,mult16_new_med_19.cnf,32,1998,5899,,0,0.184,False,
mult16_new,D2,MED,2,mult16_new_med_2.cnf_const0,0,1,2,0,0,0.092,False,
mult16_new,D2,MED,20,mult16_new_med_20.cnf,32,2002,5911,,0,0.213,False,
mult16_new,D2,MED,21,mult16_new_med_21.cnf,32,1999,5902,,0,0.18,False,
mult16_new,D2,MED,22,mult16_new_med_22.cnf,32,1999,5902,,0,0.147,False,
mult16_new,D2,MED,23,mult16_new_med_23.cnf,32,2002,5911,,0,33.098,False,
mult16_new,D2,MED,24,mult16_new_med_24.cnf,32,2003,5914,,,180,True,timeout
mult16_new,D2,MED,25,mult16_new_med_25.cnf_const0,0,1,2,0,0,0.098,False,
mult16_new,D2,MED,26,mult16_new_med_26.cnf_const0,0,1,2,0,0,0.092,False,
mult16_new,D2,MED,27,mult16_new_med_27.cnf_const0,0,1,2,0,0,0.109,False,
mult16_new,D2,MED,28,mult16_new_med_28.cnf_const0,0,1,2,0,0,0.089,False,
mult16_new,D2,MED,29,mult16_new_med_29.cnf,32,1904,5617,,0,0.132,False,
mult16_new,D2,MED,3,mult16_new_med_3.cnf_const0,0,1,2,0,0,0.095,False,
mult16_new,D2,MED,30,mult16_new_med_30.cnf_const0,0,1,2,0,0,0.088,False,
mult16_new,D2,MED,31,mult16_new_med_31.cnf_const0,0,1,2,0,0,0.089,False,
mult16_new,D2,MED,4,mult16_new_med_4.cnf_const0,0,1,2,0,0,0.093,False,
mult16_new,D2,MED,5,mult16_new_med_5.cnf_const0,0,1,2,0,0,0.091,False,
mult16_new,D2,MED,6,mult16_new_med_6.cnf,12,100,265,,175689/4194304,0.094,False,
mult16_new,D2,MED,7,mult16_new_med_7.cnf,32,1998,5899,,0,31.991,False,
mult16_new,D2,MED,8,mult16_new_med_8.cnf,32,1998,5899,,0,32.365,False,
mult16_new,D2,MED,9,mult16_new_med_9.cnf,32,1998,5899,,0,32.622,False,
mult16_new,D3,ER,,mult16_new_er.cnf,32,1917,5656,,,180,True,timeout
mult16_new,D3,MED,0,mult16_new_med_0.cnf_const0,0,1,2,0,0,0.092,False,
mult16_new,D3,MED,1,mult16_new_med_1.cnf_const0,0,1,2,0,0,0.089,False,
mult16_new,D3,MED,10,mult16_new_med_10.cnf,32,1999,5902,,0,36.061,False,
mult16_new,D3,MED,11,mult16_new_med_11.cnf,32,1999,5902,,0,36.533,False,
mult16_new,D3,MED,12,mult16_new_med_12.cnf,32,2005,5920,,202860763119/70368744177664,15.568,False,
mult16_new,D3,MED,13,mult16_new_med_13.cnf,32,1998,5899,,0,39.005,False,
mult16_new,D3,MED,14,mult16_new_med_14.cnf,32,1998,5899,,0,38.252,False,
mult16_new,D3,MED,15,mult16_new_med_15.cnf,32,2006,5923,,0,34.172,False,
mult16_new,D3,MED,16,mult16_new_med_16.cnf,32,2002,5911,,4678920222234723/2305843009213693952,127.378,False,
mult16_new,D3,MED,17,mult16_new_med_17.cnf,32,1998,5899,,0,2.202,False,
mult16_new,D3,MED,18,mult16_new_med_18.cnf,32,1999,5902,,0,0.167,False,
mult16_new,D3,MED,19,mult16_new_med_19.cnf,32,1998,5899,,0,0.188,False,
mult16_new,D3,MED,2,mult16_new_med_2.cnf_const0,0,1,2,0,0,0.093,False,
mult16_new,D3,MED,20,mult16_new_med_20.cnf,32,2002,5911,,0,0.213,False,
mult16_new,D3,MED,21,mult16_new_med_21.cnf,32,1999,5902,,0,0.187,False,
mult16_new,D3,MED,22,mult16_new_med_22.cnf,32,1999,5902,,0,0.146,False,
mult16_new,D3,MED,23,mult16_new_med_23.cnf,32,2002,5911,,0,35.382,False,
mult16_new,D3,MED,24,mult16_new_med_24.cnf,32,2003,5914,,,180,True,timeout
mult16_new,D3,MED,25,mult16_new_med_25.cnf_const0,0,1,2,0,0,0.087,False,
mult16_new,D3,MED,26,mult16_new_med_26.cnf_const0,0,1,2,0,0,0.092,False,
mult16_new,D3,MED,27,mult16_new_med_27.cnf_const0,0,1,2,0,0,0.1,False,
mult16_new,D3,MED,28,mult16_new_med_28.cnf_const0,0,1,2,0,0,0.094,False,
mult16_new,D3,MED,29,mult16_new_med_29.cnf,32,1904,5617,,0,0.133,False,
mult16_new,D3,MED,3,mult16_new_med_3.cnf_const0,0,1,2,0,0,0.097,False,
mult16_new,D3,MED,30,mult16_new_med_30.cnf_const0,0,1,2,0,0,0.092,False,
mult16_new,D3,MED,31,mult16_new_med_31.cnf_const0,0,1,2,0,0,0.092,False,
mult16_new,D3,MED,4,mult16_new_med_4.cnf_const0,0,1,2,0,0,0.094,False,
mult16_new,D3,MED,5,mult16_new_med_5.cnf_const0,0,1,2,0,0,0.089,False,
mult16_new,D3,MED,6,mult16_new_med_6.cnf,12,100,265,,9153/4194304,0.091,False,
mult16_new,D3,MED,7,mult16_new_med_7.cnf,32,1998,5899,,0,34.366,False,
mult16_new,D3,MED,8,mult16_new_med_8.cnf,32,1998,5899,,0,31.753,False,
mult16_new,D3,MED,9,mult16_new_med_9.cnf,32,1998,5899,,0,31.776,False,
mult16_new,D4,ER,,mult16_new_er.cnf,32,1917,5656,,,180,True,timeout
mult16_new,D4,MED,0,mult16_new_med_0.cnf_const0,0,1,2,0,0,0.096,False,
mult16_new,D4,MED,1,mult16_new_med_1.cnf_const0,0,1,2,0,0,0.093,False,
mult16_new,D4,MED,10,mult16_new_med_10.cnf,32,1999,5902,,0,32.501,False,
mult16_new,D4,MED,11,mult16_new_med_11.cnf,32,1999,5902,,0,32.467,False,
mult16_new,D4,MED,12,mult16_new_med_12.cnf,32,2005,5920,,18816337239/70368744177664,12.756,False,
mult16_new,D4,MED,13,mult16_new_med_13.cnf,32,1998,5899,,0,36.684,False,
mult16_new,D4,MED,14,mult16_new_med_14.cnf,32,1998,5899,,0,36.672,False,
mult16_new,D4,MED,15,mult16_new_med_15.cnf,32,2006,5923,,0,34.007,False,
mult16_new,D4,MED,16,mult16_new_med_16.cnf,32,2002,5911,,594893484424395/2305843009213693952,131.958,False,
mult16_new,D4,MED,17,mult16_new_med_17.cnf,32,1998,5899,,0,2.167,False,
mult16_new,D4,MED,18,mult16_new_med_18.cnf,32,1999,5902,,0,0.158,False,
mult16_new,D4,MED,19,mult16_new_med_19.cnf,32,1998,5899,,0,0.184,False,
mult16_new,D4,MED,2,mult16_new_med_2.cnf_const0,0,1,2,0,0,0.093,False,
mult16_new,D4,MED,20,mult16_new_med_20.cnf,32,2002,5911,,0,0.206,False,
mult16_new,D4,MED,21,mult16_new_med_21.cnf,32,1999,5902,,0,0.185,False,
mult16_new,D4,MED,22,mult16_new_med_22.cnf,32,1999,5902,,0,0.152,False,
mult16_new,D4,MED,23,mult16_new_med_23.cnf,32,2002,5911,,0,32.889,False,
mult16_new,D4,MED,24,mult16_new_med_24.cnf,32,2003,5914,,,180,True,timeout
mult16_new,D4,MED,25,mult16_new_med_25.cnf_const0,0,1,2,0,0,0.103,False,
mult16_new,D4,MED,26,mult16_new_med_26.cnf_const0,0,1,2,0,0,0.087,False,
mult16_new,D4,MED,27,mult16_new_med_27.cnf_const0,0,1,2,0,0,0.097,False,
mult16_new,D4,MED,28,mult16_new_med_28.cnf_const0,0,1,2,0,0,0.101,False,
mult16_new,D4,MED,29,mult16_new_med_29.cnf,32,1904,5617,,0,0.133,False,
mult16_new,D4,MED,3,mult16_new_med_3.cnf_const0,0,1,2,0,0,0.09,False,
mult16_new,D4,MED,30,mult16_new_med_30.cnf_const0,0,1,2,0,0,0.095,False,
mult16_new,D4,MED,31,mult16_new_med_31.cnf_const0,0,1,2,0,0,0.09,False,
mult16_new,D4,MED,4,mult16_new_med_4.cnf_const0,0,1,2,0,0,0.091,False,
mult16_new,D4,MED,5,mult16_new_med_5.cnf_const0,0,1,2,0,0,0.097,False,
mult16_new,D4,MED,6,mult16_new_med_6.cnf,12,100,265,,961/4194304,0.09,False,
mult16_new,D4,MED,7,mult16_new_med_7.cnf,32,1998,5899,,0,31.996,False,
mult16_new,D4,MED,8,mult16_new_med_8.cnf,32,1998,5899,,0,36.342,False,
mult16_new,D4,MED,9,mult16_new_med_9.cnf,32,1998,5899,,0,36.232,False,
mult16_new,D5,ER,,mult16_new_er.cnf,32,1917,5656,,,180,True,timeout
mult16_new,D5,MED,0,mult16_new_med_0.cnf_const0,0,1,2,0,0,0.091,False,
mult16_new,D5,MED,1,mult16_new_med_1.cnf_const0,0,1,2,0,0,0.089,False,
mult16_new,D5,MED,10,mult16_new_med_10.cnf,32,1999,5902,,0,34.346,False,
mult16_new,D5,MED,11,mult16_new_med_11.cnf,32,1999,5902,,0,34.292,False,
mult16_new,D5,MED,12,mult16_new_med_12.cnf,32,2005,5920,,1483786099791/70368744177664,12.877,False,
mult16_new,D5,MED,13,mult16_new_med_13.cnf,32,1998,5899,,0,36.84,False,
mult16_new,D5,MED,14,mult16_new_med_14.cnf,32,1998,5899,,0,36.784,False,
mult16_new,D5,MED,15,mult16_new_med_15.cnf,32,2006,5923,,0,34.185,False,
mult16_new,D5,MED,16,mult16_new_med_16.cnf,32,2002,5911,,19219092577391835/2305843009213693952,126.772,False,
mult16_new,D5,MED,17,mult16_new_med_17.cnf,32,1998,5899,,0,2.182,False,
mult16_new,D5,MED,18,mult16_new_med_18.cnf,32,1999,5902,,0,0.168,False,
mult16_new,D5,MED,19,mult16_new_med_19.cnf,32,1998,5899,,0,0.196,False,
mult16_new,D5,MED,2,mult16_new_med_2.cnf_const0,0,1,2,0,0,0.089,False,
mult16_new,D5,MED,20,mult16_new_med_20.cnf,32,2002,5911,,0,0.204,False,
mult16_new,D5,MED,21,mult16_new_med_21.cnf,32,1999,5902,,0,0.189,False,
mult16_new,D5,MED,22,mult16_new_med_22.cnf,32,1999,5902,,0,0.146,False,
mult16_new,D5,MED,23,mult16_new_med_23.cnf,32,2002,5911,,0,35.017,False,
mult16_new,D5,MED,24,mult16_new_med_24.cnf,32,2003,5914,,,180,True,timeout
mult16_new,D5,MED,25,mult16_new_med_25.cnf_const0,0,1,2,0,0,0.09,False,
mult16_new,D5,MED,26,mult16_new_med_26.cnf_const0,0,1,2,0,0,0.094,False,
mult16_new,D5,MED,27,mult16_new_med_27.cnf_const0,0,1,2,0,0,0.094,False,
mult16_new,D5,MED,28,mult16_new_med_28.cnf_const0,0,1,2,0,0,0.09,False,
mult16_new,D5,MED,29,mult16_new_med_29.cnf,32,1904,5617,,0,0.133,False,
mult16_new,D5,MED,3,mult16_new_med_3.cnf_const0,0,1,2,0,0,0.088,False,
mult16_new,D5,MED,30,mult16_new_med_30.cnf_const0,0,1,2,0,0,0.09,False,
mult16_new,D5,MED,31,mult16_new_med_31.cnf_const0,0,1,2,0,0,0.091,False,
mult16_new,D5,MED,4,mult16_new_med_4.cnf_const0,0,1,2,0,0,0.089,False,
mult16_new,D5,MED,5,mult16_new_med_5.cnf_const0,0,1,2,0,0,0.094,False,
mult16_new,D5,MED,6,mult16_new_med_6.cnf,12,100,265,,175689/4194304,0.089,False,
mult16_new,D5,MED,7,mult16_new_med_7.cnf,32,1998,5899,,0,33.888,False,
mult16_new,D5,MED,8,mult16_new_med_8.cnf,32,1998,5899,,0,34.525,False,
mult16_new,D5,MED,9,mult16_new_med_9.cnf,32,1998,5899,,0,34.501,False,
mac,D0,ER,,mac_er.cnf,12,194,547,,355/2048,1.515,False,
mac,D0,MED,0,mac_med_0.cnf_const0,0,1,2,0,0,0.552,False,
mac,D0,MED,1,mac_med_1.cnf,4,7,10,,1/16,0.547,False,
mac,D0,MED,2,mac_med_2.cnf,12,208,589,,15/256,0.586,False,
mac,D0,MED,3,mac_med_3.cnf,12,210,595,,7/128,0.674,False,
mac,D0,MED,4,mac_med_4.cnf,12,212,601,,3/64,2.14,False,
mac,D0,MED,5,mac_med_5.cnf,12,218,619,,1/32,0.874,False,
mac,D0,MED,6,mac_med_6.cnf,12,212,601,,89/4096,0.569,False,
mac,D0,MED,7,mac_med_7.cnf_const0,0,1,2,0,0,0.598,False,
mac,D1,ER,,mac_er.cnf,12,194,547,,117917/8388608,0.607,False,
mac,D1,MED,0,mac_med_0.cnf_const0,0,1,2,0,0,0.088,False,
mac,D1,MED,1,mac_med_1.cnf,4,7,10,,1/256,0.096,False,
mac,D1,MED,2,mac_med_2.cnf,12,208,589,,255/65536,0.122,False,
mac,D1,MED,3,mac_med_3.cnf,12,210,595,,63/16384,0.119,False,
mac,D1,MED,4,mac_med_4.cnf,12,212,601,,15/4096,0.121,False,
mac,D1,MED,5,mac_med_5.cnf,12,218,619,,3/1024,0.118,False,
mac,D1,MED,6,mac_med_6.cnf,12,212,601,,26199/16777216,0.119,False,
mac,D1,MED,7,mac_med_7.cnf_const0,0,1,2,0,0,0.092,False,
mac,D2,ER,,mac_er.cnf,12,194,547,,4809861/8388608,0.605,False,
mac,D2,MED,0,mac_med_0.cnf_const0,0,1,2,0,0,0.098,False,
mac,D2,MED,1,mac_med_1.cnf,4,7,10,,81/256,0.093,False,
mac,D2,MED,2,mac_med_2.cnf,12,208,589,,14175/65536,0.126,False,
mac,D2,MED,3,mac_med_3.cnf,12,210,595,,2997/16384,0.128,False,
mac,D2,MED,4,mac_med_4.cnf,12,212,601,,567/4096,0.121,False,
mac,D2,MED,5,mac_med_5.cnf,12,218,619,,81/1024,0.12,False,
mac,D2,MED,6,mac_med_6.cnf,12,212,601,,526095/16777216,0.119,False,
mac,D2,MED,7,mac_med_7.cnf_const0,0,1,2,0,0,0.094,False,
mac,D3,ER,,mac_er.cnf,12,194,547,,1058949/8388608,0.61,False,
mac,D3,MED,0,mac_med_0.cnf_const0,0,1,2,0,0,0.089,False,
mac,D3,MED,1,mac_med_1.cnf,4,7,10,,9/256,0.092,False,
mac,D3,MED,2,mac_med_2.cnf,12,208,589,,2223/65536,0.118,False,
mac,D3,MED,3,mac_med_3.cnf,12,210,595,,495/16384,0.123,False,
mac,D3,MED,4,mac_med_4.cnf,12,212,601,,117/4096,0.119,False,
mac,D3,MED,5,mac_med_5.cnf,12,218,619,,9/1024,0.121,False,
mac,D3,MED,6,mac_med_6.cnf,12,212,601,,666711/16777216,0.113,False,
mac,D3,MED,7,mac_med_7.cnf_const0,0,1,2,0,0,0.094,False,
mac,D4,ER,,mac_er.cnf,12,194,547,,117917/8388608,0.608,False,
mac,D4,MED,0,mac_med_0.cnf_const0,0,1,2,0,0,0.091,False,
mac,D4,MED,1,mac_med_1.cnf,4,7,10,,1/256,0.091,False,
mac,D4,MED,2,mac_med_2.cnf,12,208,589,,255/65536,0.122,False,
mac,D4,MED,3,mac_med_3.cnf,12,210,595,,63/16384,0.122,False,
mac,D4,MED,4,mac_med_4.cnf,12,212,601,,15/4096,0.127,False,
mac,D4,MED,5,mac_med_5.cnf,12,218,619,,3/1024,0.119,False,
mac,D4,MED,6,mac_med_6.cnf,12,212,601,,26199/16777216,0.111,False,
mac,D4,MED,7,mac_med_7.cnf_const0,0,1,2,0,0,0.088,False,
mac,D5,ER,,mac_er.cnf,12,194,547,,4809861/8388608,0.61,False,
mac,D5,MED,0,mac_med_0.cnf_const0,0,1,2,0,0,0.089,False,
mac,D5,MED,1,mac_med_1.cnf,4,7,10,,81/256,0.096,False,
mac,D5,MED,2,mac_med_2.cnf,12,208,589,,14175/65536,0.126,False,
mac,D5,MED,3,mac_med_3.cnf,12,210,595,,2997/16384,0.125,False,
mac,D5,MED,4,mac_med_4.cnf,12,212,601,,567/4096,0.129,False,
mac,D5,MED,5,mac_med_5.cnf,12,218,619,,81/1024,0.123,False,
mac,D5,MED,6,mac_med_6.cnf,12,212,601,,526095/16777216,0.122,False,
mac,D5,MED,7,mac_med_7.cnf_const0,0,1,2,0,0,0.095,False,
