width,path,metric,n_designs,n_pairs,n_transition_pairs,n_distinct_transition_points,distinct_transition_points,n_touching_points,n_stable_intervals,multi_flip_pairs,endpoint_roots,t_total_s
16,D0D1,ER,10,45,0,0,,0,1,[],{},1.69
16,D0D1,MED,10,45,9,9,0.2465382569059408292286500693489480295561;0.6782537394494959218424771614486677470045;0.6831271643616551552731794314027205425092;0.7977558141343388716797563587690445680623;0.8584580256445283022426369454876941235088;0.8868716380143644953647419544588282211162;0.9741278585172006385362896217414443507977;0.9905567516407261242208648476934780516055;0.9919959281056143395352393131180603798325,0,10,[],"{""10_add16_err_0.566452_size_105_depth_13|9_add16_err_0.507919_size_108_depth_13"": [""0""], ""1_add16_err_0.00215149_size_143_depth_16|2_add16_err_0.0311737_size_138_depth_13"": [""0""], ""1_add16_err_0.00215149_size_143_depth_16|3_add16_err_0.0585022_size_127_depth_13"": [""0""], ""2_add16_err_0.0311737_size_138_depth_13|3_add16_err_0.0585022_size_127_depth_13"": [""0""], ""4_add16_err_0.125626_size_123_depth_13|5_add16_err_0.204422_size_119_depth_13"": [""0""], ""7_add16_err_0.386383_size_113_depth_13|8_add16_err_0.458023_size_110_depth_13"": [""0""]}",1.62
16,D0D2,ER,10,45,0,0,,0,1,[],{},1.91
16,D0D2,MED,10,45,9,9,0.2465382569059408292286500693489480295561;0.6782537394494959218424771614486677470045;0.6831271643616551552731794314027205425092;0.7977558141343388716797563587690445680623;0.8584580256445283022426369454876941235088;0.8868716380143644953647419544588282211162;0.9741278585172006385362896217414443507977;0.9905567516407261242208648476934780516055;0.9919959281056143395352393131180603798325,0,10,[],"{""10_add16_err_0.566452_size_105_depth_13|9_add16_err_0.507919_size_108_depth_13"": [""0""], ""1_add16_err_0.00215149_size_143_depth_16|2_add16_err_0.0311737_size_138_depth_13"": [""0""], ""1_add16_err_0.00215149_size_143_depth_16|3_add16_err_0.0585022_size_127_depth_13"": [""0""], ""2_add16_err_0.0311737_size_138_depth_13|3_add16_err_0.0585022_size_127_depth_13"": [""0""], ""4_add16_err_0.125626_size_123_depth_13|5_add16_err_0.204422_size_119_depth_13"": [""0""], ""7_add16_err_0.386383_size_113_depth_13|8_add16_err_0.458023_size_110_depth_13"": [""0""]}",1.72
16,D0D3,ER,10,45,0,0,,0,1,[],{},2.14
16,D0D3,MED,10,45,6,6,7352765723/34359738368;27410681055/34359738368;28137398431/34359738368;28207559847/34359738368;29699076617/34359738368;31068074925/34359738368,0,7,[],"{""10_add16_err_0.566452_size_105_depth_13|9_add16_err_0.507919_size_108_depth_13"": [""0""], ""1_add16_err_0.00215149_size_143_depth_16|2_add16_err_0.0311737_size_138_depth_13"": [""0""], ""1_add16_err_0.00215149_size_143_depth_16|3_add16_err_0.0585022_size_127_depth_13"": [""0""], ""2_add16_err_0.0311737_size_138_depth_13|3_add16_err_0.0585022_size_127_depth_13"": [""0""], ""4_add16_err_0.125626_size_123_depth_13|5_add16_err_0.204422_size_119_depth_13"": [""0""], ""7_add16_err_0.386383_size_113_depth_13|8_add16_err_0.458023_size_110_depth_13"": [""0""]}",8.58
16,D0D4,ER,10,45,0,0,,0,1,[],{},0.73
16,D0D4,MED,10,45,14,14,28853252445/34359738368;28858086671/34359738368;28873034613/34359738368;28873977329/34359738368;28989340217/34359738368;29007080789/34359738368;29104774827/34359738368;30038616083/34359738368;30044145315/34359738368;30058891365/34359738368;30059949041/34359738368;30185929087/34359738368;30205829749/34359738368;30320441855/34359738368,0,15,[],"{""10_add16_err_0.566452_size_105_depth_13|9_add16_err_0.507919_size_108_depth_13"": [""0""], ""1_add16_err_0.00215149_size_143_depth_16|2_add16_err_0.0311737_size_138_depth_13"": [""0""], ""1_add16_err_0.00215149_size_143_depth_16|3_add16_err_0.0585022_size_127_depth_13"": [""0""], ""2_add16_err_0.0311737_size_138_depth_13|3_add16_err_0.0585022_size_127_depth_13"": [""0""], ""4_add16_err_0.125626_size_123_depth_13|5_add16_err_0.204422_size_119_depth_13"": [""0""], ""7_add16_err_0.386383_size_113_depth_13|8_add16_err_0.458023_size_110_depth_13"": [""0""]}",3.21
16,D0D5,ER,10,45,0,0,,0,1,[],{},0.67
16,D0D5,MED,10,45,14,14,28853252445/34359738368;28858086671/34359738368;28873034613/34359738368;28873977329/34359738368;28989340217/34359738368;29007080789/34359738368;29104774827/34359738368;30038616083/34359738368;30044145315/34359738368;30058891365/34359738368;30059949041/34359738368;30185929087/34359738368;30205829749/34359738368;30320441855/34359738368,0,15,[],"{""10_add16_err_0.566452_size_105_depth_13|9_add16_err_0.507919_size_108_depth_13"": [""0""], ""1_add16_err_0.00215149_size_143_depth_16|2_add16_err_0.0311737_size_138_depth_13"": [""0""], ""1_add16_err_0.00215149_size_143_depth_16|3_add16_err_0.0585022_size_127_depth_13"": [""0""], ""2_add16_err_0.0311737_size_138_depth_13|3_add16_err_0.0585022_size_127_depth_13"": [""0""], ""4_add16_err_0.125626_size_123_depth_13|5_add16_err_0.204422_size_119_depth_13"": [""0""], ""7_add16_err_0.386383_size_113_depth_13|8_add16_err_0.458023_size_110_depth_13"": [""0""]}",3.53
16,Rnew,ER,10,45,0,0,,0,1,[],{},1.98
16,Rnew,MED,10,45,13,13,14534670377/34359738368;17903009123/34359738368;23476850133/34359738368;24290030147/34359738368;26565778963/34359738368;26666073051/34359738368;29349289553/34359738368;30006468763/34359738368;30179396395/34359738368;30639531765/34359738368;30787796167/34359738368;31479024095/34359738368;32411060815/34359738368,0,14,[],{},8.75
