relative_path,size_bytes,category,source,reason_included,sha256
CLAIMS_AND_SCOPE.md,3944,doc,bundle documentation,doc,f59e8a7d9f96733846d5caf9b8f334c4ce676c7d8b761eb32b9c2f49a82ebbbc
ENVIRONMENT.md,1398,doc,bundle documentation,doc,4ef7d5008e58f19ae5613fa3011bc620f657d1d24f5d57c5aed4199902c2b357
HANDOFF.md,4981,doc,bundle documentation,doc,7ead41c38a79904793cd67151f302dc8b29870d27314c6d5968753497602cefd
README.md,5331,doc,bundle documentation,doc,603bb658ebe97e24f3a1ea33016595f86e94d1dab04c6f03dc63b27536e14243
REPRODUCTION.md,3559,doc,bundle documentation,doc,fc94b45d924c3adccdcce3ad98b4d927eb879ad94ed08afd4916b04794daff2e
benchmarks/benchmark_manifest.csv,6165,config,frozen manifest/protocol,config,cfd091989722941af708b44504742d54cfde8962b1362c3778eab59e06ca2d1e
benchmarks/only_required_local_sources/add12/add12exact.v,103,config,frozen manifest/protocol,config,48aa63ff897b6a7dfd2a4b4571048b034c82ee42cac2e9ece74c6ce0352872b7
benchmarks/only_required_local_sources/add12/add12u_054.v,1895,config,frozen manifest/protocol,config,535be6b9664e11fbdce6b435b020dc2da728de5e7fb50fe8285d56a507bf8373
benchmarks/only_required_local_sources/add12/add12u_2MB.v,2481,config,frozen manifest/protocol,config,5b6f3267a8f1704c57fecbf06e06f064ef598bc39aec2d879ce404c66bae1926
benchmarks/only_required_local_sources/add12/add12u_4FZ.v,2690,config,frozen manifest/protocol,config,5ce7d83cd89f18cd9564f393735e490eaf77eea513af5cab720001a2dc80293c
benchmarks/only_required_local_sources/add12/add12u_4R6.v,2563,config,frozen manifest/protocol,config,5bdd31749eefd811455349a5d162bf162ffb4832379f9275869d6d33ad3f6667
benchmarks/only_required_local_sources/add12/add12u_4RF.v,3019,config,frozen manifest/protocol,config,9f8a8fda9638a30ea2f8c08509585bba6b9d3c89fc92c28442cdef2ddcf3bf49
benchmarks/only_required_local_sources/add12/add12u_4XD.v,2931,config,frozen manifest/protocol,config,cb4bfcebdf70484bf34b37d21191b0e2f9857790522e9d511d2ab38b1edba6b9
benchmarks/only_required_local_sources/add12/add12u_4YK.v,2880,config,frozen manifest/protocol,config,0f61dd632ed0fb66d5567b2ebf6a0a1433331aa60d12e3278f56b88cf2a2fc4b
benchmarks/only_required_local_sources/add12/add12u_4YR.v,2883,config,frozen manifest/protocol,config,9e4a7eefa6ea1e5cee7b2e556e80f2ba7240b4cf42c98d24f1e22fb009b12f57
benchmarks/source_pointers.md,1741,config,frozen manifest/protocol,config,7cf1adbe5fbc5c6c79da8735d8570fae8e2302fda74b3f9a4e4a200952154529
configs/benchmark_manifest.csv,6165,config,frozen manifest/protocol,config,cfd091989722941af708b44504742d54cfde8962b1362c3778eab59e06ca2d1e
configs/distribution_config.json,988,config,frozen manifest/protocol,config,1974e0ae06c71dadb03f7d4f5f8e195b8efab2660da56e5fafd65eed375353bf
configs/formal_manifest.csv,220193,config,frozen manifest/protocol,config,2f253edd4bd8aee47025f514687a9d46615068b45f850b243cf2f194fac6b035
configs/formal_manifest.json,557034,config,frozen manifest/protocol,config,0e738aa1968b1d0206f475cd108a380fb2ce58d356411cf7e3071ee97e94f989
configs/frozen_protocol.json,1386,config,frozen manifest/protocol,config,a978facb0514d62d624969c4febd0102d4ce5a2d3811083c21a724a2a7a233b5
evidence/derived_results_repair_audit.md,1895,evidence,post-release semantic audit,evidence,618435c034fcbb722b8a87dd616f7b8ea1147a94a31f16947385863ef8b1218a
evidence/final_results_audit.md,3099,evidence,audit reports + representative evidence,evidence,b0b0879830476eba18bef990619a714d98aa6b4b2cf66f7772d3959056df4742
evidence/formal_experiment_report.md,11551,evidence,audit reports + representative evidence,evidence,c2cf570efc85e4c08b01987c86f02438e62ea894e981dbb1bb390e8a6a69bdb7
evidence/pre_freeze_validation_report.md,11526,evidence,audit reports + representative evidence,evidence,b4af0ab21a58a7af0f1cdb5defa2588dca6054485ec86e453557feaa5adff87e
evidence/representative_exactness_evidence/width128__11_add128_err_0.00904846_size_1205_depth_27__ER__D1.json,694,evidence,audit reports + representative evidence,evidence,140d922e0e179edb59d4b434b4525eaa33aacefe2dae348d30cab615c27623ba
evidence/representative_exactness_evidence/width16__2_add16_err_0.0311737_size_138_depth_13__ER__D4.json,389,evidence,audit reports + representative evidence,evidence,03a988fbac0d6023248f0f6093a70ef473a2efd3d2339d8465b57c7790e9f804
evidence/representative_exactness_evidence/width192__3_add192_err_0_size_1935_depth_28__ER__D3.json,676,evidence,audit reports + representative evidence,evidence,2cfb8fa2319bb355f9b3eb8d5a5771109d6a012a84dc55acb496c68b08485f49
evidence/representative_exactness_evidence/width32__10_add32_err_0.197418_size_259_depth_14__ER__R3.json,468,evidence,audit reports + representative evidence,evidence,b83812a5f23c8e0eb4fbd624802d61e6e5ddfecfe11d62606dc8606cb7833dac
evidence/representative_exactness_evidence/width64__10_add64_err_0.0665131_size_574_depth_22__MED__D0.json,9165,evidence,audit reports + representative evidence,evidence,30474662291dff508d0687e5276b133ed46500e01aa61fe03020db6c0b21e276
evidence/representative_exactness_evidence/width8__1_add8_err_0.0299377_size_63_depth_12__ER__D0.json,349,evidence,audit reports + representative evidence,evidence,0d564913d9c763c9233c3cf618028963071f7d17de050e05381aa4edb1f180ea
evidence/representative_exactness_evidence/width8__1_add8_err_0.0299377_size_63_depth_12__MED__D3.json,1557,evidence,audit reports + representative evidence,evidence,fb9d488d1e10db37ba6012fe491fef88e43c0820e5a251c54284973e57a1303d
evidence/representative_logs/width128__10_add128_err_0.00714111_size_1215_depth_27__compile_ER.log,174,evidence,audit reports + representative evidence,evidence,4048efc00bb041288d482373a2a0022453a52468fdb843bc9bb34242bdc3f8a3
evidence/representative_logs/width16__10_add16_err_0.566452_size_105_depth_13__compile_ER.log,165,evidence,audit reports + representative evidence,evidence,0e89a6bf503c4362b703e33bd242f33a74aa6d58b03e40f387557cdc3520c127
evidence/representative_logs/width192__10_add192_err_0.000213623_size_1884_depth_28__compile_ER.log,176,evidence,audit reports + representative evidence,evidence,f443a990f344a73ab1af5927f774d339c65e313ddc19c4a4f773fcb95ddd6bba
evidence/representative_logs/width32__10_add32_err_0.197418_size_259_depth_14__ER__D3.log,92,evidence,audit reports + representative evidence,evidence,39c6b080fb809fa1a987e657845f23aa27f5f48cdc4ddd687bf7776e3f3fdbb7
evidence/representative_logs/width64__10_add64_err_0.0665131_size_574_depth_22__timing_K16.log,97,evidence,audit reports + representative evidence,evidence,49dfa8b6db136615398cf85f5a624278814cf737f1f0f10638161858d8dd1e9a
evidence/representative_logs/width8__1_add8_err_0.0299377_size_63_depth_12__ER__D0.log,89,evidence,audit reports + representative evidence,evidence,2015271a43ea7ceb9284b6e6bc2bc0b11bd6c6be4cdfc074fd2e6241cda4b38d
figures/plotting_data/fig_boundary_map.csv,2511,figures,plotting data + scripts,figures,0c8da323e8e8f54014eb6ea83ab2c6145f0b4eb7157ce5e34f61807818edcad7
figures/plotting_data/fig_break_even.csv,3571,figures,plotting data + scripts,figures,d1478dea300fb43317ff3ae884de53d0a4cde322bbfc3aff2fb509273ec97f44
figures/plotting_data/fig_exactness_summary.csv,3856,figures,plotting data + scripts,figures,22e15ff8f3f2211516d1c4dceea7a754be37efc258233466c86578cbe973a27d
figures/plotting_data/fig_ranking.csv,1858,figures,plotting data + scripts,figures,265b98e175b402f4ea6a2520f1526a5e199ff51f6fe0fde04bd30346d1299d87
figures/plotting_data/fig_scalability.csv,414,figures,plotting data + scripts,figures,9ff3fc6369c06ac5e8f47627aef90e44a4c380610356609246e43ef478e92463
figures/plotting_scripts/make_plots.py,3023,figures,post-release corrected plotting script,figures; corrected numeric sort/median/vector output,d25d0948b2c4574dfe60c750ae01d6e3c9415f2ff9faa60120b110f54ff3d158
figures/summary_exactness_by_width.csv,223,figures,plotting data + scripts,figures,b006d7530283eb55d0ead59538c877c073f2b35d84f2f496502016cfc0abfbb5
figures/summary_ranking_sensitivity.txt,773,figures,plotting data + scripts,figures,02ac8e630c886489d748726af545ccc5e79ac4d0318c53d414f979ec27ac4317
figures/summary_scalability.csv,193,figures,plotting data + scripts,figures,5b6240122e240cd7a5487d1c1f3870e9a0c9e871f167a9b0dbf206e1f1700f77
metadata/commands_used.txt,886,metadata,bundle inventory/provenance,metadata,70288057c41c9c1488732cdacbc645370ae9a7d80033e373494fdb2e088b82a4
metadata/git_commits.txt,376,metadata,bundle inventory/provenance,metadata,aa4fa68d8a6080169163146e515f0b61090bc394c022bf1f541787a8af2b962b
metadata/provenance_map.csv,72699,metadata,bundle inventory/provenance,metadata,9e408e67f310d9b0d80d0cb620464382b70fbffd3e44f023a5070e1f8a3427df
metadata/raw_source_integrity.txt,1121,metadata,post-release raw-source integrity check,metadata,b5e455a167253f0e58adefd58113d416a269b990d5a05de7795409307b3ec629
metadata/repair_log.txt,544,metadata,post-release repair provenance,metadata,decf23af1bdfc890727dc2e93eff625627d810f1b990f41e9c22f3003972452b
metadata/tool_versions.txt,844,metadata,bundle inventory/provenance,metadata,a8c7d533dd9bc3feb2420e41d351c8588034d2185826cc6cc29e2f3f832d2d9b
results/case_level_summary.csv,13214,result,formal campaign rollup,result,6917b32c4517725c062e381485ad6edaa45012ab3d9ccbb10cc74c6c1aa08038
results/formal_break_even.csv,3571,result,formal campaign rollup,result,d1478dea300fb43317ff3ae884de53d0a4cde322bbfc3aff2fb509273ec97f44
results/formal_er_results.csv,285000,result,formal campaign rollup,result,8a5df7f2dc475bdabce9922dfb58aa51d7d60b4dd40423a132eb11f4697e55e9
results/formal_failures.csv,3326,result,formal campaign rollup,result,8f2737366b2f095c8fccedc3a99b1f200e39116ea320537249973729d4017b7e
results/formal_med_results.csv,71418,result,formal campaign rollup,result,22a6cb3ee8982d9fd5b97b4b13bf679541bc1ceece2a151aa531f6cc3a0eb415
results/formal_ranking.csv,4300,result,formal campaign rollup,result,40fbc7d765a0a820f1871f2b37a2123b756504b5b75bf8a328ea6bd9b20b6646
results/formal_scalability.csv,5704,result,formal campaign rollup,result,941c5ac905ac77d06dcad4dfca3f28fdf1c648ffaf26aa35b18251116b8e38bd
results/formal_summary.json,534,result,formal campaign rollup,result,a345b7ec6f6800ba8658027c8aa1722900dbaf00d313719062bb31699a737a7f
results/formal_timing.csv,20166,result,formal campaign rollup,result,d5223bcb0c76eed87fcec2d5339f9eb82297f3e08b5fb4cf2cdb1bc3ef232baa
src/blif_sim.py,6757,source,frozen final code,source,4de882d5c5ec645b2634cb0ec9a525b6374e7a66b7648b5e7779fd43e0a80f05
src/c5_common.py,11384,source,frozen final code,source,52215235bbc1fbbe6255a52c9cd599e077d59c1f138ac3634f6efe69fbc709a0
src/c5_ground_truth.py,5671,source,frozen final code,source,b273dfefef7dae56b33c0b6f5756e19c4fe1be046d7cb3caecc8320bd8d6f21e
src/c5_r7_phase0.py,18485,source,frozen final code,source,7d09d72d15381da3cd362547840dea7d14d627982903e468bb0ba23946161d88
src/c5_r7_phaseB.py,8778,source,frozen final code,source,77e174b0d41d13c7963227104f74faa3ed08ae7ceaddd4fc51b1f36f3e7c7713
src/c5_ranking.py,4294,source,frozen final code,source,147c614d8b233c43111f7797e26613c774c6a50dffc4c77543994a089b2b5ee1
src/c7_clean_tables.py,10505,source,frozen execution source + post-release rollup-only repair,source; corrected derived-output regeneration,b7431bea2824679e2ef809499097d80df2e95eed7beaef26e3d9677f8bb0f1a3
src/c7_formal_campaign.py,48895,source,frozen execution source + post-release rollup-only repair,source; corrected derived-output regeneration,13ccefea36a5a71b4d29de0b15b3a83d88cc4bbebe3df473a77e4a0c48a974ad
src/c7_formal_manifest.py,12235,source,frozen final code,source,aed19fb6e67f2328d894fe8e958daccc4da5daeaadf6d43d8debf82f0b997731
src/c7_med_backend_probe.py,5534,source,frozen final code,source,485d02e49db285bb7df3324bfc2c648dc55b9a87b732e14555523a637d7fec9d
src/c7_pre_freeze_regression.py,4574,source,frozen final code,source,1cf08ad7c922ece1694fe94ac4a70a2712cfd28b1e8bed5b1a3d776c8cc75351
src/c7_pre_freeze_timing.py,8947,source,frozen final code,source,014f6acbccca00b2a75cf3f37a9d9c4645ab625fd9d3984b6450d7efa382ada1
supplementary/boundary_results.csv,2511,supplementary,derived tables (from results only),supplementary,0c8da323e8e8f54014eb6ea83ab2c6145f0b4eb7157ce5e34f61807818edcad7
supplementary/complete_case_table.csv,15123,supplementary,derived tables (from results only),supplementary,2a09f96ffed5adfdd310806972e1b3d9ceb746e0b94169457a50365b4f0ebb4d
supplementary/exactness_validation.csv,4196,supplementary,derived tables (from results only),supplementary,af4a462d0aadc89271231d808b4e4f72a245ecf8277e3b8416cc3db32b2e98bf
supplementary/negative_results.csv,6112,supplementary,derived tables (from results only),supplementary,8d72f72f9f83051ac458d5944deb90baadb06a792e17a061b5a0be4ed596512c
supplementary/skipped_dependency_details.csv,1443,supplementary,derived tables (from results only),supplementary,bee7a0efe41402a29be606742bcb23a2669c7b4f16e3f20d66c1218207f1514f
supplementary/timeout_details.csv,1697,supplementary,derived tables (from results only),supplementary,878e7d6f0d8209053043f8da3b65624d603303a635eaa23bd9841cd342bcb018
