paper_claim_id,metric,case_id,distribution_id,source_file,source_row,generating_script,config_hash,manifest_hash
ER_1_add8_err_0.0299377_size_63_depth_12,ER,1_add8_err_0.0299377_size_63_depth_12,"D0-D5,R0-R9",results/formal_er_results.csv,case_id=1_add8_err_0.0299377_size_63_depth_12,c7_formal_campaign.py,1bbf36b5acfd94bbd895bd925a12f0a814d3fb5a6fab2427f407b529473292bf,68051b9f8e18006a5b9cf97eedaa1c06b609f72033507e3e7fae1e890e2f4109
MED_1_add8_err_0.0299377_size_63_depth_12,MED,1_add8_err_0.0299377_size_63_depth_12,D0-D5,results/formal_med_results.csv,case_id=1_add8_err_0.0299377_size_63_depth_12,c7_formal_campaign.py,1bbf36b5acfd94bbd895bd925a12f0a814d3fb5a6fab2427f407b529473292bf,68051b9f8e18006a5b9cf97eedaa1c06b609f72033507e3e7fae1e890e2f4109
CASE_1_add8_err_0.0299377_size_63_depth_12,case_summary,1_add8_err_0.0299377_size_63_depth_12,,results/case_level_summary.csv,case_id=1_add8_err_0.0299377_size_63_depth_12,c7_clean_tables.py,1bbf36b5acfd94bbd895bd925a12f0a814d3fb5a6fab2427f407b529473292bf,68051b9f8e18006a5b9cf97eedaa1c06b609f72033507e3e7fae1e890e2f4109
ER_2_add8_err_0.11734_size_59_depth_10,ER,2_add8_err_0.11734_size_59_depth_10,"D0-D5,R0-R9",results/formal_er_results.csv,case_id=2_add8_err_0.11734_size_59_depth_10,c7_formal_campaign.py,1bbf36b5acfd94bbd895bd925a12f0a814d3fb5a6fab2427f407b529473292bf,68051b9f8e18006a5b9cf97eedaa1c06b609f72033507e3e7fae1e890e2f4109
MED_2_add8_err_0.11734_size_59_depth_10,MED,2_add8_err_0.11734_size_59_depth_10,D0-D5,results/formal_med_results.csv,case_id=2_add8_err_0.11734_size_59_depth_10,c7_formal_campaign.py,1bbf36b5acfd94bbd895bd925a12f0a814d3fb5a6fab2427f407b529473292bf,68051b9f8e18006a5b9cf97eedaa1c06b609f72033507e3e7fae1e890e2f4109
CASE_2_add8_err_0.11734_size_59_depth_10,case_summary,2_add8_err_0.11734_size_59_depth_10,,results/case_level_summary.csv,case_id=2_add8_err_0.11734_size_59_depth_10,c7_clean_tables.py,1bbf36b5acfd94bbd895bd925a12f0a814d3fb5a6fab2427f407b529473292bf,68051b9f8e18006a5b9cf97eedaa1c06b609f72033507e3e7fae1e890e2f4109
ER_3_add8_err_0.188568_size_56_depth_8,ER,3_add8_err_0.188568_size_56_depth_8,"D0-D5,R0-R9",results/formal_er_results.csv,case_id=3_add8_err_0.188568_size_56_depth_8,c7_formal_campaign.py,1bbf36b5acfd94bbd895bd925a12f0a814d3fb5a6fab2427f407b529473292bf,68051b9f8e18006a5b9cf97eedaa1c06b609f72033507e3e7fae1e890e2f4109
MED_3_add8_err_0.188568_size_56_depth_8,MED,3_add8_err_0.188568_size_56_depth_8,D0-D5,results/formal_med_results.csv,case_id=3_add8_err_0.188568_size_56_depth_8,c7_formal_campaign.py,1bbf36b5acfd94bbd895bd925a12f0a814d3fb5a6fab2427f407b529473292bf,68051b9f8e18006a5b9cf97eedaa1c06b609f72033507e3e7fae1e890e2f4109
CASE_3_add8_err_0.188568_size_56_depth_8,case_summary,3_add8_err_0.188568_size_56_depth_8,,results/case_level_summary.csv,case_id=3_add8_err_0.188568_size_56_depth_8,c7_clean_tables.py,1bbf36b5acfd94bbd895bd925a12f0a814d3fb5a6fab2427f407b529473292bf,68051b9f8e18006a5b9cf97eedaa1c06b609f72033507e3e7fae1e890e2f4109
ER_4_add8_err_0.269669_size_53_depth_7,ER,4_add8_err_0.269669_size_53_depth_7,"D0-D5,R0-R9",results/formal_er_results.csv,case_id=4_add8_err_0.269669_size_53_depth_7,c7_formal_campaign.py,1bbf36b5acfd94bbd895bd925a12f0a814d3fb5a6fab2427f407b529473292bf,68051b9f8e18006a5b9cf97eedaa1c06b609f72033507e3e7fae1e890e2f4109
MED_4_add8_err_0.269669_size_53_depth_7,MED,4_add8_err_0.269669_size_53_depth_7,D0-D5,results/formal_med_results.csv,case_id=4_add8_err_0.269669_size_53_depth_7,c7_formal_campaign.py,1bbf36b5acfd94bbd895bd925a12f0a814d3fb5a6fab2427f407b529473292bf,68051b9f8e18006a5b9cf97eedaa1c06b609f72033507e3e7fae1e890e2f4109
CASE_4_add8_err_0.269669_size_53_depth_7,case_summary,4_add8_err_0.269669_size_53_depth_7,,results/case_level_summary.csv,case_id=4_add8_err_0.269669_size_53_depth_7,c7_clean_tables.py,1bbf36b5acfd94bbd895bd925a12f0a814d3fb5a6fab2427f407b529473292bf,68051b9f8e18006a5b9cf97eedaa1c06b609f72033507e3e7fae1e890e2f4109
ER_5_add8_err_0.325058_size_50_depth_7,ER,5_add8_err_0.325058_size_50_depth_7,"D0-D5,R0-R9",results/formal_er_results.csv,case_id=5_add8_err_0.325058_size_50_depth_7,c7_formal_campaign.py,1bbf36b5acfd94bbd895bd925a12f0a814d3fb5a6fab2427f407b529473292bf,68051b9f8e18006a5b9cf97eedaa1c06b609f72033507e3e7fae1e890e2f4109
MED_5_add8_err_0.325058_size_50_depth_7,MED,5_add8_err_0.325058_size_50_depth_7,D0-D5,results/formal_med_results.csv,case_id=5_add8_err_0.325058_size_50_depth_7,c7_formal_campaign.py,1bbf36b5acfd94bbd895bd925a12f0a814d3fb5a6fab2427f407b529473292bf,68051b9f8e18006a5b9cf97eedaa1c06b609f72033507e3e7fae1e890e2f4109
CASE_5_add8_err_0.325058_size_50_depth_7,case_summary,5_add8_err_0.325058_size_50_depth_7,,results/case_level_summary.csv,case_id=5_add8_err_0.325058_size_50_depth_7,c7_clean_tables.py,1bbf36b5acfd94bbd895bd925a12f0a814d3fb5a6fab2427f407b529473292bf,68051b9f8e18006a5b9cf97eedaa1c06b609f72033507e3e7fae1e890e2f4109
ER_6_add8_err_0.400146_size_47_depth_7,ER,6_add8_err_0.400146_size_47_depth_7,"D0-D5,R0-R9",results/formal_er_results.csv,case_id=6_add8_err_0.400146_size_47_depth_7,c7_formal_campaign.py,1bbf36b5acfd94bbd895bd925a12f0a814d3fb5a6fab2427f407b529473292bf,68051b9f8e18006a5b9cf97eedaa1c06b609f72033507e3e7fae1e890e2f4109
MED_6_add8_err_0.400146_size_47_depth_7,MED,6_add8_err_0.400146_size_47_depth_7,D0-D5,results/formal_med_results.csv,case_id=6_add8_err_0.400146_size_47_depth_7,c7_formal_campaign.py,1bbf36b5acfd94bbd895bd925a12f0a814d3fb5a6fab2427f407b529473292bf,68051b9f8e18006a5b9cf97eedaa1c06b609f72033507e3e7fae1e890e2f4109
CASE_6_add8_err_0.400146_size_47_depth_7,case_summary,6_add8_err_0.400146_size_47_depth_7,,results/case_level_summary.csv,case_id=6_add8_err_0.400146_size_47_depth_7,c7_clean_tables.py,1bbf36b5acfd94bbd895bd925a12f0a814d3fb5a6fab2427f407b529473292bf,68051b9f8e18006a5b9cf97eedaa1c06b609f72033507e3e7fae1e890e2f4109
ER_7_add8_err_0.453918_size_45_depth_7,ER,7_add8_err_0.453918_size_45_depth_7,"D0-D5,R0-R9",results/formal_er_results.csv,case_id=7_add8_err_0.453918_size_45_depth_7,c7_formal_campaign.py,1bbf36b5acfd94bbd895bd925a12f0a814d3fb5a6fab2427f407b529473292bf,68051b9f8e18006a5b9cf97eedaa1c06b609f72033507e3e7fae1e890e2f4109
MED_7_add8_err_0.453918_size_45_depth_7,MED,7_add8_err_0.453918_size_45_depth_7,D0-D5,results/formal_med_results.csv,case_id=7_add8_err_0.453918_size_45_depth_7,c7_formal_campaign.py,1bbf36b5acfd94bbd895bd925a12f0a814d3fb5a6fab2427f407b529473292bf,68051b9f8e18006a5b9cf97eedaa1c06b609f72033507e3e7fae1e890e2f4109
CASE_7_add8_err_0.453918_size_45_depth_7,case_summary,7_add8_err_0.453918_size_45_depth_7,,results/case_level_summary.csv,case_id=7_add8_err_0.453918_size_45_depth_7,c7_clean_tables.py,1bbf36b5acfd94bbd895bd925a12f0a814d3fb5a6fab2427f407b529473292bf,68051b9f8e18006a5b9cf97eedaa1c06b609f72033507e3e7fae1e890e2f4109
ER_add12u_054,ER,add12u_054,"D0-D5,R0-R9",results/formal_er_results.csv,case_id=add12u_054,c7_formal_campaign.py,1bbf36b5acfd94bbd895bd925a12f0a814d3fb5a6fab2427f407b529473292bf,68051b9f8e18006a5b9cf97eedaa1c06b609f72033507e3e7fae1e890e2f4109
MED_add12u_054,MED,add12u_054,D0-D5,results/formal_med_results.csv,case_id=add12u_054,c7_formal_campaign.py,1bbf36b5acfd94bbd895bd925a12f0a814d3fb5a6fab2427f407b529473292bf,68051b9f8e18006a5b9cf97eedaa1c06b609f72033507e3e7fae1e890e2f4109
CASE_add12u_054,case_summary,add12u_054,,results/case_level_summary.csv,case_id=add12u_054,c7_clean_tables.py,1bbf36b5acfd94bbd895bd925a12f0a814d3fb5a6fab2427f407b529473292bf,68051b9f8e18006a5b9cf97eedaa1c06b609f72033507e3e7fae1e890e2f4109
ER_add12u_2MB,ER,add12u_2MB,"D0-D5,R0-R9",results/formal_er_results.csv,case_id=add12u_2MB,c7_formal_campaign.py,1bbf36b5acfd94bbd895bd925a12f0a814d3fb5a6fab2427f407b529473292bf,68051b9f8e18006a5b9cf97eedaa1c06b609f72033507e3e7fae1e890e2f4109
MED_add12u_2MB,MED,add12u_2MB,D0-D5,results/formal_med_results.csv,case_id=add12u_2MB,c7_formal_campaign.py,1bbf36b5acfd94bbd895bd925a12f0a814d3fb5a6fab2427f407b529473292bf,68051b9f8e18006a5b9cf97eedaa1c06b609f72033507e3e7fae1e890e2f4109
CASE_add12u_2MB,case_summary,add12u_2MB,,results/case_level_summary.csv,case_id=add12u_2MB,c7_clean_tables.py,1bbf36b5acfd94bbd895bd925a12f0a814d3fb5a6fab2427f407b529473292bf,68051b9f8e18006a5b9cf97eedaa1c06b609f72033507e3e7fae1e890e2f4109
ER_add12u_4FZ,ER,add12u_4FZ,"D0-D5,R0-R9",results/formal_er_results.csv,case_id=add12u_4FZ,c7_formal_campaign.py,1bbf36b5acfd94bbd895bd925a12f0a814d3fb5a6fab2427f407b529473292bf,68051b9f8e18006a5b9cf97eedaa1c06b609f72033507e3e7fae1e890e2f4109
MED_add12u_4FZ,MED,add12u_4FZ,D0-D5,results/formal_med_results.csv,case_id=add12u_4FZ,c7_formal_campaign.py,1bbf36b5acfd94bbd895bd925a12f0a814d3fb5a6fab2427f407b529473292bf,68051b9f8e18006a5b9cf97eedaa1c06b609f72033507e3e7fae1e890e2f4109
CASE_add12u_4FZ,case_summary,add12u_4FZ,,results/case_level_summary.csv,case_id=add12u_4FZ,c7_clean_tables.py,1bbf36b5acfd94bbd895bd925a12f0a814d3fb5a6fab2427f407b529473292bf,68051b9f8e18006a5b9cf97eedaa1c06b609f72033507e3e7fae1e890e2f4109
ER_add12u_4R6,ER,add12u_4R6,"D0-D5,R0-R9",results/formal_er_results.csv,case_id=add12u_4R6,c7_formal_campaign.py,1bbf36b5acfd94bbd895bd925a12f0a814d3fb5a6fab2427f407b529473292bf,68051b9f8e18006a5b9cf97eedaa1c06b609f72033507e3e7fae1e890e2f4109
MED_add12u_4R6,MED,add12u_4R6,D0-D5,results/formal_med_results.csv,case_id=add12u_4R6,c7_formal_campaign.py,1bbf36b5acfd94bbd895bd925a12f0a814d3fb5a6fab2427f407b529473292bf,68051b9f8e18006a5b9cf97eedaa1c06b609f72033507e3e7fae1e890e2f4109
CASE_add12u_4R6,case_summary,add12u_4R6,,results/case_level_summary.csv,case_id=add12u_4R6,c7_clean_tables.py,1bbf36b5acfd94bbd895bd925a12f0a814d3fb5a6fab2427f407b529473292bf,68051b9f8e18006a5b9cf97eedaa1c06b609f72033507e3e7fae1e890e2f4109
ER_add12u_4RF,ER,add12u_4RF,"D0-D5,R0-R9",results/formal_er_results.csv,case_id=add12u_4RF,c7_formal_campaign.py,1bbf36b5acfd94bbd895bd925a12f0a814d3fb5a6fab2427f407b529473292bf,68051b9f8e18006a5b9cf97eedaa1c06b609f72033507e3e7fae1e890e2f4109
MED_add12u_4RF,MED,add12u_4RF,D0-D5,results/formal_med_results.csv,case_id=add12u_4RF,c7_formal_campaign.py,1bbf36b5acfd94bbd895bd925a12f0a814d3fb5a6fab2427f407b529473292bf,68051b9f8e18006a5b9cf97eedaa1c06b609f72033507e3e7fae1e890e2f4109
CASE_add12u_4RF,case_summary,add12u_4RF,,results/case_level_summary.csv,case_id=add12u_4RF,c7_clean_tables.py,1bbf36b5acfd94bbd895bd925a12f0a814d3fb5a6fab2427f407b529473292bf,68051b9f8e18006a5b9cf97eedaa1c06b609f72033507e3e7fae1e890e2f4109
ER_add12u_4XD,ER,add12u_4XD,"D0-D5,R0-R9",results/formal_er_results.csv,case_id=add12u_4XD,c7_formal_campaign.py,1bbf36b5acfd94bbd895bd925a12f0a814d3fb5a6fab2427f407b529473292bf,68051b9f8e18006a5b9cf97eedaa1c06b609f72033507e3e7fae1e890e2f4109
MED_add12u_4XD,MED,add12u_4XD,D0-D5,results/formal_med_results.csv,case_id=add12u_4XD,c7_formal_campaign.py,1bbf36b5acfd94bbd895bd925a12f0a814d3fb5a6fab2427f407b529473292bf,68051b9f8e18006a5b9cf97eedaa1c06b609f72033507e3e7fae1e890e2f4109
CASE_add12u_4XD,case_summary,add12u_4XD,,results/case_level_summary.csv,case_id=add12u_4XD,c7_clean_tables.py,1bbf36b5acfd94bbd895bd925a12f0a814d3fb5a6fab2427f407b529473292bf,68051b9f8e18006a5b9cf97eedaa1c06b609f72033507e3e7fae1e890e2f4109
ER_add12u_4YK,ER,add12u_4YK,"D0-D5,R0-R9",results/formal_er_results.csv,case_id=add12u_4YK,c7_formal_campaign.py,1bbf36b5acfd94bbd895bd925a12f0a814d3fb5a6fab2427f407b529473292bf,68051b9f8e18006a5b9cf97eedaa1c06b609f72033507e3e7fae1e890e2f4109
MED_add12u_4YK,MED,add12u_4YK,D0-D5,results/formal_med_results.csv,case_id=add12u_4YK,c7_formal_campaign.py,1bbf36b5acfd94bbd895bd925a12f0a814d3fb5a6fab2427f407b529473292bf,68051b9f8e18006a5b9cf97eedaa1c06b609f72033507e3e7fae1e890e2f4109
CASE_add12u_4YK,case_summary,add12u_4YK,,results/case_level_summary.csv,case_id=add12u_4YK,c7_clean_tables.py,1bbf36b5acfd94bbd895bd925a12f0a814d3fb5a6fab2427f407b529473292bf,68051b9f8e18006a5b9cf97eedaa1c06b609f72033507e3e7fae1e890e2f4109
ER_add12u_4YR,ER,add12u_4YR,"D0-D5,R0-R9",results/formal_er_results.csv,case_id=add12u_4YR,c7_formal_campaign.py,1bbf36b5acfd94bbd895bd925a12f0a814d3fb5a6fab2427f407b529473292bf,68051b9f8e18006a5b9cf97eedaa1c06b609f72033507e3e7fae1e890e2f4109
MED_add12u_4YR,MED,add12u_4YR,D0-D5,results/formal_med_results.csv,case_id=add12u_4YR,c7_formal_campaign.py,1bbf36b5acfd94bbd895bd925a12f0a814d3fb5a6fab2427f407b529473292bf,68051b9f8e18006a5b9cf97eedaa1c06b609f72033507e3e7fae1e890e2f4109
CASE_add12u_4YR,case_summary,add12u_4YR,,results/case_level_summary.csv,case_id=add12u_4YR,c7_clean_tables.py,1bbf36b5acfd94bbd895bd925a12f0a814d3fb5a6fab2427f407b529473292bf,68051b9f8e18006a5b9cf97eedaa1c06b609f72033507e3e7fae1e890e2f4109
ER_10_add16_err_0.566452_size_105_depth_13,ER,10_add16_err_0.566452_size_105_depth_13,"D0-D5,R0-R9",results/formal_er_results.csv,case_id=10_add16_err_0.566452_size_105_depth_13,c7_formal_campaign.py,1bbf36b5acfd94bbd895bd925a12f0a814d3fb5a6fab2427f407b529473292bf,68051b9f8e18006a5b9cf97eedaa1c06b609f72033507e3e7fae1e890e2f4109
MED_10_add16_err_0.566452_size_105_depth_13,MED,10_add16_err_0.566452_size_105_depth_13,D0-D5,results/formal_med_results.csv,case_id=10_add16_err_0.566452_size_105_depth_13,c7_formal_campaign.py,1bbf36b5acfd94bbd895bd925a12f0a814d3fb5a6fab2427f407b529473292bf,68051b9f8e18006a5b9cf97eedaa1c06b609f72033507e3e7fae1e890e2f4109
CASE_10_add16_err_0.566452_size_105_depth_13,case_summary,10_add16_err_0.566452_size_105_depth_13,,results/case_level_summary.csv,case_id=10_add16_err_0.566452_size_105_depth_13,c7_clean_tables.py,1bbf36b5acfd94bbd895bd925a12f0a814d3fb5a6fab2427f407b529473292bf,68051b9f8e18006a5b9cf97eedaa1c06b609f72033507e3e7fae1e890e2f4109
ER_1_add16_err_0.00215149_size_143_depth_16,ER,1_add16_err_0.00215149_size_143_depth_16,"D0-D5,R0-R9",results/formal_er_results.csv,case_id=1_add16_err_0.00215149_size_143_depth_16,c7_formal_campaign.py,1bbf36b5acfd94bbd895bd925a12f0a814d3fb5a6fab2427f407b529473292bf,68051b9f8e18006a5b9cf97eedaa1c06b609f72033507e3e7fae1e890e2f4109
MED_1_add16_err_0.00215149_size_143_depth_16,MED,1_add16_err_0.00215149_size_143_depth_16,D0-D5,results/formal_med_results.csv,case_id=1_add16_err_0.00215149_size_143_depth_16,c7_formal_campaign.py,1bbf36b5acfd94bbd895bd925a12f0a814d3fb5a6fab2427f407b529473292bf,68051b9f8e18006a5b9cf97eedaa1c06b609f72033507e3e7fae1e890e2f4109
CASE_1_add16_err_0.00215149_size_143_depth_16,case_summary,1_add16_err_0.00215149_size_143_depth_16,,results/case_level_summary.csv,case_id=1_add16_err_0.00215149_size_143_depth_16,c7_clean_tables.py,1bbf36b5acfd94bbd895bd925a12f0a814d3fb5a6fab2427f407b529473292bf,68051b9f8e18006a5b9cf97eedaa1c06b609f72033507e3e7fae1e890e2f4109
ER_2_add16_err_0.0311737_size_138_depth_13,ER,2_add16_err_0.0311737_size_138_depth_13,"D0-D5,R0-R9",results/formal_er_results.csv,case_id=2_add16_err_0.0311737_size_138_depth_13,c7_formal_campaign.py,1bbf36b5acfd94bbd895bd925a12f0a814d3fb5a6fab2427f407b529473292bf,68051b9f8e18006a5b9cf97eedaa1c06b609f72033507e3e7fae1e890e2f4109
MED_2_add16_err_0.0311737_size_138_depth_13,MED,2_add16_err_0.0311737_size_138_depth_13,D0-D5,results/formal_med_results.csv,case_id=2_add16_err_0.0311737_size_138_depth_13,c7_formal_campaign.py,1bbf36b5acfd94bbd895bd925a12f0a814d3fb5a6fab2427f407b529473292bf,68051b9f8e18006a5b9cf97eedaa1c06b609f72033507e3e7fae1e890e2f4109
CASE_2_add16_err_0.0311737_size_138_depth_13,case_summary,2_add16_err_0.0311737_size_138_depth_13,,results/case_level_summary.csv,case_id=2_add16_err_0.0311737_size_138_depth_13,c7_clean_tables.py,1bbf36b5acfd94bbd895bd925a12f0a814d3fb5a6fab2427f407b529473292bf,68051b9f8e18006a5b9cf97eedaa1c06b609f72033507e3e7fae1e890e2f4109
ER_3_add16_err_0.0585022_size_127_depth_13,ER,3_add16_err_0.0585022_size_127_depth_13,"D0-D5,R0-R9",results/formal_er_results.csv,case_id=3_add16_err_0.0585022_size_127_depth_13,c7_formal_campaign.py,1bbf36b5acfd94bbd895bd925a12f0a814d3fb5a6fab2427f407b529473292bf,68051b9f8e18006a5b9cf97eedaa1c06b609f72033507e3e7fae1e890e2f4109
MED_3_add16_err_0.0585022_size_127_depth_13,MED,3_add16_err_0.0585022_size_127_depth_13,D0-D5,results/formal_med_results.csv,case_id=3_add16_err_0.0585022_size_127_depth_13,c7_formal_campaign.py,1bbf36b5acfd94bbd895bd925a12f0a814d3fb5a6fab2427f407b529473292bf,68051b9f8e18006a5b9cf97eedaa1c06b609f72033507e3e7fae1e890e2f4109
CASE_3_add16_err_0.0585022_size_127_depth_13,case_summary,3_add16_err_0.0585022_size_127_depth_13,,results/case_level_summary.csv,case_id=3_add16_err_0.0585022_size_127_depth_13,c7_clean_tables.py,1bbf36b5acfd94bbd895bd925a12f0a814d3fb5a6fab2427f407b529473292bf,68051b9f8e18006a5b9cf97eedaa1c06b609f72033507e3e7fae1e890e2f4109
ER_4_add16_err_0.125626_size_123_depth_13,ER,4_add16_err_0.125626_size_123_depth_13,"D0-D5,R0-R9",results/formal_er_results.csv,case_id=4_add16_err_0.125626_size_123_depth_13,c7_formal_campaign.py,1bbf36b5acfd94bbd895bd925a12f0a814d3fb5a6fab2427f407b529473292bf,68051b9f8e18006a5b9cf97eedaa1c06b609f72033507e3e7fae1e890e2f4109
MED_4_add16_err_0.125626_size_123_depth_13,MED,4_add16_err_0.125626_size_123_depth_13,D0-D5,results/formal_med_results.csv,case_id=4_add16_err_0.125626_size_123_depth_13,c7_formal_campaign.py,1bbf36b5acfd94bbd895bd925a12f0a814d3fb5a6fab2427f407b529473292bf,68051b9f8e18006a5b9cf97eedaa1c06b609f72033507e3e7fae1e890e2f4109
CASE_4_add16_err_0.125626_size_123_depth_13,case_summary,4_add16_err_0.125626_size_123_depth_13,,results/case_level_summary.csv,case_id=4_add16_err_0.125626_size_123_depth_13,c7_clean_tables.py,1bbf36b5acfd94bbd895bd925a12f0a814d3fb5a6fab2427f407b529473292bf,68051b9f8e18006a5b9cf97eedaa1c06b609f72033507e3e7fae1e890e2f4109
ER_5_add16_err_0.204422_size_119_depth_13,ER,5_add16_err_0.204422_size_119_depth_13,"D0-D5,R0-R9",results/formal_er_results.csv,case_id=5_add16_err_0.204422_size_119_depth_13,c7_formal_campaign.py,1bbf36b5acfd94bbd895bd925a12f0a814d3fb5a6fab2427f407b529473292bf,68051b9f8e18006a5b9cf97eedaa1c06b609f72033507e3e7fae1e890e2f4109
MED_5_add16_err_0.204422_size_119_depth_13,MED,5_add16_err_0.204422_size_119_depth_13,D0-D5,results/formal_med_results.csv,case_id=5_add16_err_0.204422_size_119_depth_13,c7_formal_campaign.py,1bbf36b5acfd94bbd895bd925a12f0a814d3fb5a6fab2427f407b529473292bf,68051b9f8e18006a5b9cf97eedaa1c06b609f72033507e3e7fae1e890e2f4109
CASE_5_add16_err_0.204422_size_119_depth_13,case_summary,5_add16_err_0.204422_size_119_depth_13,,results/case_level_summary.csv,case_id=5_add16_err_0.204422_size_119_depth_13,c7_clean_tables.py,1bbf36b5acfd94bbd895bd925a12f0a814d3fb5a6fab2427f407b529473292bf,68051b9f8e18006a5b9cf97eedaa1c06b609f72033507e3e7fae1e890e2f4109
ER_6_add16_err_0.298309_size_116_depth_13,ER,6_add16_err_0.298309_size_116_depth_13,"D0-D5,R0-R9",results/formal_er_results.csv,case_id=6_add16_err_0.298309_size_116_depth_13,c7_formal_campaign.py,1bbf36b5acfd94bbd895bd925a12f0a814d3fb5a6fab2427f407b529473292bf,68051b9f8e18006a5b9cf97eedaa1c06b609f72033507e3e7fae1e890e2f4109
MED_6_add16_err_0.298309_size_116_depth_13,MED,6_add16_err_0.298309_size_116_depth_13,D0-D5,results/formal_med_results.csv,case_id=6_add16_err_0.298309_size_116_depth_13,c7_formal_campaign.py,1bbf36b5acfd94bbd895bd925a12f0a814d3fb5a6fab2427f407b529473292bf,68051b9f8e18006a5b9cf97eedaa1c06b609f72033507e3e7fae1e890e2f4109
CASE_6_add16_err_0.298309_size_116_depth_13,case_summary,6_add16_err_0.298309_size_116_depth_13,,results/case_level_summary.csv,case_id=6_add16_err_0.298309_size_116_depth_13,c7_clean_tables.py,1bbf36b5acfd94bbd895bd925a12f0a814d3fb5a6fab2427f407b529473292bf,68051b9f8e18006a5b9cf97eedaa1c06b609f72033507e3e7fae1e890e2f4109
ER_7_add16_err_0.386383_size_113_depth_13,ER,7_add16_err_0.386383_size_113_depth_13,"D0-D5,R0-R9",results/formal_er_results.csv,case_id=7_add16_err_0.386383_size_113_depth_13,c7_formal_campaign.py,1bbf36b5acfd94bbd895bd925a12f0a814d3fb5a6fab2427f407b529473292bf,68051b9f8e18006a5b9cf97eedaa1c06b609f72033507e3e7fae1e890e2f4109
MED_7_add16_err_0.386383_size_113_depth_13,MED,7_add16_err_0.386383_size_113_depth_13,D0-D5,results/formal_med_results.csv,case_id=7_add16_err_0.386383_size_113_depth_13,c7_formal_campaign.py,1bbf36b5acfd94bbd895bd925a12f0a814d3fb5a6fab2427f407b529473292bf,68051b9f8e18006a5b9cf97eedaa1c06b609f72033507e3e7fae1e890e2f4109
CASE_7_add16_err_0.386383_size_113_depth_13,case_summary,7_add16_err_0.386383_size_113_depth_13,,results/case_level_summary.csv,case_id=7_add16_err_0.386383_size_113_depth_13,c7_clean_tables.py,1bbf36b5acfd94bbd895bd925a12f0a814d3fb5a6fab2427f407b529473292bf,68051b9f8e18006a5b9cf97eedaa1c06b609f72033507e3e7fae1e890e2f4109
ER_8_add16_err_0.458023_size_110_depth_13,ER,8_add16_err_0.458023_size_110_depth_13,"D0-D5,R0-R9",results/formal_er_results.csv,case_id=8_add16_err_0.458023_size_110_depth_13,c7_formal_campaign.py,1bbf36b5acfd94bbd895bd925a12f0a814d3fb5a6fab2427f407b529473292bf,68051b9f8e18006a5b9cf97eedaa1c06b609f72033507e3e7fae1e890e2f4109
MED_8_add16_err_0.458023_size_110_depth_13,MED,8_add16_err_0.458023_size_110_depth_13,D0-D5,results/formal_med_results.csv,case_id=8_add16_err_0.458023_size_110_depth_13,c7_formal_campaign.py,1bbf36b5acfd94bbd895bd925a12f0a814d3fb5a6fab2427f407b529473292bf,68051b9f8e18006a5b9cf97eedaa1c06b609f72033507e3e7fae1e890e2f4109
CASE_8_add16_err_0.458023_size_110_depth_13,case_summary,8_add16_err_0.458023_size_110_depth_13,,results/case_level_summary.csv,case_id=8_add16_err_0.458023_size_110_depth_13,c7_clean_tables.py,1bbf36b5acfd94bbd895bd925a12f0a814d3fb5a6fab2427f407b529473292bf,68051b9f8e18006a5b9cf97eedaa1c06b609f72033507e3e7fae1e890e2f4109
ER_9_add16_err_0.507919_size_108_depth_13,ER,9_add16_err_0.507919_size_108_depth_13,"D0-D5,R0-R9",results/formal_er_results.csv,case_id=9_add16_err_0.507919_size_108_depth_13,c7_formal_campaign.py,1bbf36b5acfd94bbd895bd925a12f0a814d3fb5a6fab2427f407b529473292bf,68051b9f8e18006a5b9cf97eedaa1c06b609f72033507e3e7fae1e890e2f4109
MED_9_add16_err_0.507919_size_108_depth_13,MED,9_add16_err_0.507919_size_108_depth_13,D0-D5,results/formal_med_results.csv,case_id=9_add16_err_0.507919_size_108_depth_13,c7_formal_campaign.py,1bbf36b5acfd94bbd895bd925a12f0a814d3fb5a6fab2427f407b529473292bf,68051b9f8e18006a5b9cf97eedaa1c06b609f72033507e3e7fae1e890e2f4109
CASE_9_add16_err_0.507919_size_108_depth_13,case_summary,9_add16_err_0.507919_size_108_depth_13,,results/case_level_summary.csv,case_id=9_add16_err_0.507919_size_108_depth_13,c7_clean_tables.py,1bbf36b5acfd94bbd895bd925a12f0a814d3fb5a6fab2427f407b529473292bf,68051b9f8e18006a5b9cf97eedaa1c06b609f72033507e3e7fae1e890e2f4109
ER_10_add32_err_0.197418_size_259_depth_14,ER,10_add32_err_0.197418_size_259_depth_14,"D0-D5,R0-R9",results/formal_er_results.csv,case_id=10_add32_err_0.197418_size_259_depth_14,c7_formal_campaign.py,1bbf36b5acfd94bbd895bd925a12f0a814d3fb5a6fab2427f407b529473292bf,68051b9f8e18006a5b9cf97eedaa1c06b609f72033507e3e7fae1e890e2f4109
MED_10_add32_err_0.197418_size_259_depth_14,MED,10_add32_err_0.197418_size_259_depth_14,D0-D5,results/formal_med_results.csv,case_id=10_add32_err_0.197418_size_259_depth_14,c7_formal_campaign.py,1bbf36b5acfd94bbd895bd925a12f0a814d3fb5a6fab2427f407b529473292bf,68051b9f8e18006a5b9cf97eedaa1c06b609f72033507e3e7fae1e890e2f4109
CASE_10_add32_err_0.197418_size_259_depth_14,case_summary,10_add32_err_0.197418_size_259_depth_14,,results/case_level_summary.csv,case_id=10_add32_err_0.197418_size_259_depth_14,c7_clean_tables.py,1bbf36b5acfd94bbd895bd925a12f0a814d3fb5a6fab2427f407b529473292bf,68051b9f8e18006a5b9cf97eedaa1c06b609f72033507e3e7fae1e890e2f4109
ER_11_add32_err_0.223526_size_257_depth_14,ER,11_add32_err_0.223526_size_257_depth_14,"D0-D5,R0-R9",results/formal_er_results.csv,case_id=11_add32_err_0.223526_size_257_depth_14,c7_formal_campaign.py,1bbf36b5acfd94bbd895bd925a12f0a814d3fb5a6fab2427f407b529473292bf,68051b9f8e18006a5b9cf97eedaa1c06b609f72033507e3e7fae1e890e2f4109
MED_11_add32_err_0.223526_size_257_depth_14,MED,11_add32_err_0.223526_size_257_depth_14,D0-D5,results/formal_med_results.csv,case_id=11_add32_err_0.223526_size_257_depth_14,c7_formal_campaign.py,1bbf36b5acfd94bbd895bd925a12f0a814d3fb5a6fab2427f407b529473292bf,68051b9f8e18006a5b9cf97eedaa1c06b609f72033507e3e7fae1e890e2f4109
CASE_11_add32_err_0.223526_size_257_depth_14,case_summary,11_add32_err_0.223526_size_257_depth_14,,results/case_level_summary.csv,case_id=11_add32_err_0.223526_size_257_depth_14,c7_clean_tables.py,1bbf36b5acfd94bbd895bd925a12f0a814d3fb5a6fab2427f407b529473292bf,68051b9f8e18006a5b9cf97eedaa1c06b609f72033507e3e7fae1e890e2f4109
ER_12_add32_err_0.25061_size_254_depth_14,ER,12_add32_err_0.25061_size_254_depth_14,"D0-D5,R0-R9",results/formal_er_results.csv,case_id=12_add32_err_0.25061_size_254_depth_14,c7_formal_campaign.py,1bbf36b5acfd94bbd895bd925a12f0a814d3fb5a6fab2427f407b529473292bf,68051b9f8e18006a5b9cf97eedaa1c06b609f72033507e3e7fae1e890e2f4109
MED_12_add32_err_0.25061_size_254_depth_14,MED,12_add32_err_0.25061_size_254_depth_14,D0-D5,results/formal_med_results.csv,case_id=12_add32_err_0.25061_size_254_depth_14,c7_formal_campaign.py,1bbf36b5acfd94bbd895bd925a12f0a814d3fb5a6fab2427f407b529473292bf,68051b9f8e18006a5b9cf97eedaa1c06b609f72033507e3e7fae1e890e2f4109
CASE_12_add32_err_0.25061_size_254_depth_14,case_summary,12_add32_err_0.25061_size_254_depth_14,,results/case_level_summary.csv,case_id=12_add32_err_0.25061_size_254_depth_14,c7_clean_tables.py,1bbf36b5acfd94bbd895bd925a12f0a814d3fb5a6fab2427f407b529473292bf,68051b9f8e18006a5b9cf97eedaa1c06b609f72033507e3e7fae1e890e2f4109
ER_14_add32_err_0.295059_size_249_depth_14,ER,14_add32_err_0.295059_size_249_depth_14,"D0-D5,R0-R9",results/formal_er_results.csv,case_id=14_add32_err_0.295059_size_249_depth_14,c7_formal_campaign.py,1bbf36b5acfd94bbd895bd925a12f0a814d3fb5a6fab2427f407b529473292bf,68051b9f8e18006a5b9cf97eedaa1c06b609f72033507e3e7fae1e890e2f4109
MED_14_add32_err_0.295059_size_249_depth_14,MED,14_add32_err_0.295059_size_249_depth_14,D0-D5,results/formal_med_results.csv,case_id=14_add32_err_0.295059_size_249_depth_14,c7_formal_campaign.py,1bbf36b5acfd94bbd895bd925a12f0a814d3fb5a6fab2427f407b529473292bf,68051b9f8e18006a5b9cf97eedaa1c06b609f72033507e3e7fae1e890e2f4109
CASE_14_add32_err_0.295059_size_249_depth_14,case_summary,14_add32_err_0.295059_size_249_depth_14,,results/case_level_summary.csv,case_id=14_add32_err_0.295059_size_249_depth_14,c7_clean_tables.py,1bbf36b5acfd94bbd895bd925a12f0a814d3fb5a6fab2427f407b529473292bf,68051b9f8e18006a5b9cf97eedaa1c06b609f72033507e3e7fae1e890e2f4109
ER_1_add32_err_0_size_310_depth_20,ER,1_add32_err_0_size_310_depth_20,"D0-D5,R0-R9",results/formal_er_results.csv,case_id=1_add32_err_0_size_310_depth_20,c7_formal_campaign.py,1bbf36b5acfd94bbd895bd925a12f0a814d3fb5a6fab2427f407b529473292bf,68051b9f8e18006a5b9cf97eedaa1c06b609f72033507e3e7fae1e890e2f4109
MED_1_add32_err_0_size_310_depth_20,MED,1_add32_err_0_size_310_depth_20,D0-D5,results/formal_med_results.csv,case_id=1_add32_err_0_size_310_depth_20,c7_formal_campaign.py,1bbf36b5acfd94bbd895bd925a12f0a814d3fb5a6fab2427f407b529473292bf,68051b9f8e18006a5b9cf97eedaa1c06b609f72033507e3e7fae1e890e2f4109
CASE_1_add32_err_0_size_310_depth_20,case_summary,1_add32_err_0_size_310_depth_20,,results/case_level_summary.csv,case_id=1_add32_err_0_size_310_depth_20,c7_clean_tables.py,1bbf36b5acfd94bbd895bd925a12f0a814d3fb5a6fab2427f407b529473292bf,68051b9f8e18006a5b9cf97eedaa1c06b609f72033507e3e7fae1e890e2f4109
ER_3_add32_err_0.00389099_size_290_depth_17,ER,3_add32_err_0.00389099_size_290_depth_17,"D0-D5,R0-R9",results/formal_er_results.csv,case_id=3_add32_err_0.00389099_size_290_depth_17,c7_formal_campaign.py,1bbf36b5acfd94bbd895bd925a12f0a814d3fb5a6fab2427f407b529473292bf,68051b9f8e18006a5b9cf97eedaa1c06b609f72033507e3e7fae1e890e2f4109
MED_3_add32_err_0.00389099_size_290_depth_17,MED,3_add32_err_0.00389099_size_290_depth_17,D0-D5,results/formal_med_results.csv,case_id=3_add32_err_0.00389099_size_290_depth_17,c7_formal_campaign.py,1bbf36b5acfd94bbd895bd925a12f0a814d3fb5a6fab2427f407b529473292bf,68051b9f8e18006a5b9cf97eedaa1c06b609f72033507e3e7fae1e890e2f4109
CASE_3_add32_err_0.00389099_size_290_depth_17,case_summary,3_add32_err_0.00389099_size_290_depth_17,,results/case_level_summary.csv,case_id=3_add32_err_0.00389099_size_290_depth_17,c7_clean_tables.py,1bbf36b5acfd94bbd895bd925a12f0a814d3fb5a6fab2427f407b529473292bf,68051b9f8e18006a5b9cf97eedaa1c06b609f72033507e3e7fae1e890e2f4109
ER_4_add32_err_0.0318451_size_286_depth_17,ER,4_add32_err_0.0318451_size_286_depth_17,"D0-D5,R0-R9",results/formal_er_results.csv,case_id=4_add32_err_0.0318451_size_286_depth_17,c7_formal_campaign.py,1bbf36b5acfd94bbd895bd925a12f0a814d3fb5a6fab2427f407b529473292bf,68051b9f8e18006a5b9cf97eedaa1c06b609f72033507e3e7fae1e890e2f4109
MED_4_add32_err_0.0318451_size_286_depth_17,MED,4_add32_err_0.0318451_size_286_depth_17,D0-D5,results/formal_med_results.csv,case_id=4_add32_err_0.0318451_size_286_depth_17,c7_formal_campaign.py,1bbf36b5acfd94bbd895bd925a12f0a814d3fb5a6fab2427f407b529473292bf,68051b9f8e18006a5b9cf97eedaa1c06b609f72033507e3e7fae1e890e2f4109
CASE_4_add32_err_0.0318451_size_286_depth_17,case_summary,4_add32_err_0.0318451_size_286_depth_17,,results/case_level_summary.csv,case_id=4_add32_err_0.0318451_size_286_depth_17,c7_clean_tables.py,1bbf36b5acfd94bbd895bd925a12f0a814d3fb5a6fab2427f407b529473292bf,68051b9f8e18006a5b9cf97eedaa1c06b609f72033507e3e7fae1e890e2f4109
ER_5_add32_err_0.0593414_size_282_depth_17,ER,5_add32_err_0.0593414_size_282_depth_17,"D0-D5,R0-R9",results/formal_er_results.csv,case_id=5_add32_err_0.0593414_size_282_depth_17,c7_formal_campaign.py,1bbf36b5acfd94bbd895bd925a12f0a814d3fb5a6fab2427f407b529473292bf,68051b9f8e18006a5b9cf97eedaa1c06b609f72033507e3e7fae1e890e2f4109
MED_5_add32_err_0.0593414_size_282_depth_17,MED,5_add32_err_0.0593414_size_282_depth_17,D0-D5,results/formal_med_results.csv,case_id=5_add32_err_0.0593414_size_282_depth_17,c7_formal_campaign.py,1bbf36b5acfd94bbd895bd925a12f0a814d3fb5a6fab2427f407b529473292bf,68051b9f8e18006a5b9cf97eedaa1c06b609f72033507e3e7fae1e890e2f4109
CASE_5_add32_err_0.0593414_size_282_depth_17,case_summary,5_add32_err_0.0593414_size_282_depth_17,,results/case_level_summary.csv,case_id=5_add32_err_0.0593414_size_282_depth_17,c7_clean_tables.py,1bbf36b5acfd94bbd895bd925a12f0a814d3fb5a6fab2427f407b529473292bf,68051b9f8e18006a5b9cf97eedaa1c06b609f72033507e3e7fae1e890e2f4109
ER_7_add32_err_0.114944_size_273_depth_17,ER,7_add32_err_0.114944_size_273_depth_17,"D0-D5,R0-R9",results/formal_er_results.csv,case_id=7_add32_err_0.114944_size_273_depth_17,c7_formal_campaign.py,1bbf36b5acfd94bbd895bd925a12f0a814d3fb5a6fab2427f407b529473292bf,68051b9f8e18006a5b9cf97eedaa1c06b609f72033507e3e7fae1e890e2f4109
MED_7_add32_err_0.114944_size_273_depth_17,MED,7_add32_err_0.114944_size_273_depth_17,D0-D5,results/formal_med_results.csv,case_id=7_add32_err_0.114944_size_273_depth_17,c7_formal_campaign.py,1bbf36b5acfd94bbd895bd925a12f0a814d3fb5a6fab2427f407b529473292bf,68051b9f8e18006a5b9cf97eedaa1c06b609f72033507e3e7fae1e890e2f4109
CASE_7_add32_err_0.114944_size_273_depth_17,case_summary,7_add32_err_0.114944_size_273_depth_17,,results/case_level_summary.csv,case_id=7_add32_err_0.114944_size_273_depth_17,c7_clean_tables.py,1bbf36b5acfd94bbd895bd925a12f0a814d3fb5a6fab2427f407b529473292bf,68051b9f8e18006a5b9cf97eedaa1c06b609f72033507e3e7fae1e890e2f4109
ER_8_add32_err_0.14183_size_268_depth_17,ER,8_add32_err_0.14183_size_268_depth_17,"D0-D5,R0-R9",results/formal_er_results.csv,case_id=8_add32_err_0.14183_size_268_depth_17,c7_formal_campaign.py,1bbf36b5acfd94bbd895bd925a12f0a814d3fb5a6fab2427f407b529473292bf,68051b9f8e18006a5b9cf97eedaa1c06b609f72033507e3e7fae1e890e2f4109
MED_8_add32_err_0.14183_size_268_depth_17,MED,8_add32_err_0.14183_size_268_depth_17,D0-D5,results/formal_med_results.csv,case_id=8_add32_err_0.14183_size_268_depth_17,c7_formal_campaign.py,1bbf36b5acfd94bbd895bd925a12f0a814d3fb5a6fab2427f407b529473292bf,68051b9f8e18006a5b9cf97eedaa1c06b609f72033507e3e7fae1e890e2f4109
CASE_8_add32_err_0.14183_size_268_depth_17,case_summary,8_add32_err_0.14183_size_268_depth_17,,results/case_level_summary.csv,case_id=8_add32_err_0.14183_size_268_depth_17,c7_clean_tables.py,1bbf36b5acfd94bbd895bd925a12f0a814d3fb5a6fab2427f407b529473292bf,68051b9f8e18006a5b9cf97eedaa1c06b609f72033507e3e7fae1e890e2f4109
ER_10_add64_err_0.0665131_size_574_depth_22,ER,10_add64_err_0.0665131_size_574_depth_22,"D0-D5,R0-R9",results/formal_er_results.csv,case_id=10_add64_err_0.0665131_size_574_depth_22,c7_formal_campaign.py,1bbf36b5acfd94bbd895bd925a12f0a814d3fb5a6fab2427f407b529473292bf,68051b9f8e18006a5b9cf97eedaa1c06b609f72033507e3e7fae1e890e2f4109
MED_10_add64_err_0.0665131_size_574_depth_22,MED,10_add64_err_0.0665131_size_574_depth_22,D0-D5,results/formal_med_results.csv,case_id=10_add64_err_0.0665131_size_574_depth_22,c7_formal_campaign.py,1bbf36b5acfd94bbd895bd925a12f0a814d3fb5a6fab2427f407b529473292bf,68051b9f8e18006a5b9cf97eedaa1c06b609f72033507e3e7fae1e890e2f4109
CASE_10_add64_err_0.0665131_size_574_depth_22,case_summary,10_add64_err_0.0665131_size_574_depth_22,,results/case_level_summary.csv,case_id=10_add64_err_0.0665131_size_574_depth_22,c7_clean_tables.py,1bbf36b5acfd94bbd895bd925a12f0a814d3fb5a6fab2427f407b529473292bf,68051b9f8e18006a5b9cf97eedaa1c06b609f72033507e3e7fae1e890e2f4109
ER_11_add64_err_0.0929413_size_571_depth_22,ER,11_add64_err_0.0929413_size_571_depth_22,"D0-D5,R0-R9",results/formal_er_results.csv,case_id=11_add64_err_0.0929413_size_571_depth_22,c7_formal_campaign.py,1bbf36b5acfd94bbd895bd925a12f0a814d3fb5a6fab2427f407b529473292bf,68051b9f8e18006a5b9cf97eedaa1c06b609f72033507e3e7fae1e890e2f4109
MED_11_add64_err_0.0929413_size_571_depth_22,MED,11_add64_err_0.0929413_size_571_depth_22,D0-D5,results/formal_med_results.csv,case_id=11_add64_err_0.0929413_size_571_depth_22,c7_formal_campaign.py,1bbf36b5acfd94bbd895bd925a12f0a814d3fb5a6fab2427f407b529473292bf,68051b9f8e18006a5b9cf97eedaa1c06b609f72033507e3e7fae1e890e2f4109
CASE_11_add64_err_0.0929413_size_571_depth_22,case_summary,11_add64_err_0.0929413_size_571_depth_22,,results/case_level_summary.csv,case_id=11_add64_err_0.0929413_size_571_depth_22,c7_clean_tables.py,1bbf36b5acfd94bbd895bd925a12f0a814d3fb5a6fab2427f407b529473292bf,68051b9f8e18006a5b9cf97eedaa1c06b609f72033507e3e7fae1e890e2f4109
ER_1_add64_err_0_size_630_depth_22,ER,1_add64_err_0_size_630_depth_22,"D0-D5,R0-R9",results/formal_er_results.csv,case_id=1_add64_err_0_size_630_depth_22,c7_formal_campaign.py,1bbf36b5acfd94bbd895bd925a12f0a814d3fb5a6fab2427f407b529473292bf,68051b9f8e18006a5b9cf97eedaa1c06b609f72033507e3e7fae1e890e2f4109
MED_1_add64_err_0_size_630_depth_22,MED,1_add64_err_0_size_630_depth_22,D0-D5,results/formal_med_results.csv,case_id=1_add64_err_0_size_630_depth_22,c7_formal_campaign.py,1bbf36b5acfd94bbd895bd925a12f0a814d3fb5a6fab2427f407b529473292bf,68051b9f8e18006a5b9cf97eedaa1c06b609f72033507e3e7fae1e890e2f4109
CASE_1_add64_err_0_size_630_depth_22,case_summary,1_add64_err_0_size_630_depth_22,,results/case_level_summary.csv,case_id=1_add64_err_0_size_630_depth_22,c7_clean_tables.py,1bbf36b5acfd94bbd895bd925a12f0a814d3fb5a6fab2427f407b529473292bf,68051b9f8e18006a5b9cf97eedaa1c06b609f72033507e3e7fae1e890e2f4109
ER_2_add64_err_1.52588e-05_size_616_depth_22,ER,2_add64_err_1.52588e-05_size_616_depth_22,"D0-D5,R0-R9",results/formal_er_results.csv,case_id=2_add64_err_1.52588e-05_size_616_depth_22,c7_formal_campaign.py,1bbf36b5acfd94bbd895bd925a12f0a814d3fb5a6fab2427f407b529473292bf,68051b9f8e18006a5b9cf97eedaa1c06b609f72033507e3e7fae1e890e2f4109
MED_2_add64_err_1.52588e-05_size_616_depth_22,MED,2_add64_err_1.52588e-05_size_616_depth_22,D0-D5,results/formal_med_results.csv,case_id=2_add64_err_1.52588e-05_size_616_depth_22,c7_formal_campaign.py,1bbf36b5acfd94bbd895bd925a12f0a814d3fb5a6fab2427f407b529473292bf,68051b9f8e18006a5b9cf97eedaa1c06b609f72033507e3e7fae1e890e2f4109
CASE_2_add64_err_1.52588e-05_size_616_depth_22,case_summary,2_add64_err_1.52588e-05_size_616_depth_22,,results/case_level_summary.csv,case_id=2_add64_err_1.52588e-05_size_616_depth_22,c7_clean_tables.py,1bbf36b5acfd94bbd895bd925a12f0a814d3fb5a6fab2427f407b529473292bf,68051b9f8e18006a5b9cf97eedaa1c06b609f72033507e3e7fae1e890e2f4109
ER_3_add64_err_0.00190735_size_612_depth_22,ER,3_add64_err_0.00190735_size_612_depth_22,"D0-D5,R0-R9",results/formal_er_results.csv,case_id=3_add64_err_0.00190735_size_612_depth_22,c7_formal_campaign.py,1bbf36b5acfd94bbd895bd925a12f0a814d3fb5a6fab2427f407b529473292bf,68051b9f8e18006a5b9cf97eedaa1c06b609f72033507e3e7fae1e890e2f4109
MED_3_add64_err_0.00190735_size_612_depth_22,MED,3_add64_err_0.00190735_size_612_depth_22,D0-D5,results/formal_med_results.csv,case_id=3_add64_err_0.00190735_size_612_depth_22,c7_formal_campaign.py,1bbf36b5acfd94bbd895bd925a12f0a814d3fb5a6fab2427f407b529473292bf,68051b9f8e18006a5b9cf97eedaa1c06b609f72033507e3e7fae1e890e2f4109
CASE_3_add64_err_0.00190735_size_612_depth_22,case_summary,3_add64_err_0.00190735_size_612_depth_22,,results/case_level_summary.csv,case_id=3_add64_err_0.00190735_size_612_depth_22,c7_clean_tables.py,1bbf36b5acfd94bbd895bd925a12f0a814d3fb5a6fab2427f407b529473292bf,68051b9f8e18006a5b9cf97eedaa1c06b609f72033507e3e7fae1e890e2f4109
ER_4_add64_err_0.00386047_size_605_depth_22,ER,4_add64_err_0.00386047_size_605_depth_22,"D0-D5,R0-R9",results/formal_er_results.csv,case_id=4_add64_err_0.00386047_size_605_depth_22,c7_formal_campaign.py,1bbf36b5acfd94bbd895bd925a12f0a814d3fb5a6fab2427f407b529473292bf,68051b9f8e18006a5b9cf97eedaa1c06b609f72033507e3e7fae1e890e2f4109
MED_4_add64_err_0.00386047_size_605_depth_22,MED,4_add64_err_0.00386047_size_605_depth_22,D0-D5,results/formal_med_results.csv,case_id=4_add64_err_0.00386047_size_605_depth_22,c7_formal_campaign.py,1bbf36b5acfd94bbd895bd925a12f0a814d3fb5a6fab2427f407b529473292bf,68051b9f8e18006a5b9cf97eedaa1c06b609f72033507e3e7fae1e890e2f4109
CASE_4_add64_err_0.00386047_size_605_depth_22,case_summary,4_add64_err_0.00386047_size_605_depth_22,,results/case_level_summary.csv,case_id=4_add64_err_0.00386047_size_605_depth_22,c7_clean_tables.py,1bbf36b5acfd94bbd895bd925a12f0a814d3fb5a6fab2427f407b529473292bf,68051b9f8e18006a5b9cf97eedaa1c06b609f72033507e3e7fae1e890e2f4109
ER_5_add64_err_0.0058136_size_596_depth_22,ER,5_add64_err_0.0058136_size_596_depth_22,"D0-D5,R0-R9",results/formal_er_results.csv,case_id=5_add64_err_0.0058136_size_596_depth_22,c7_formal_campaign.py,1bbf36b5acfd94bbd895bd925a12f0a814d3fb5a6fab2427f407b529473292bf,68051b9f8e18006a5b9cf97eedaa1c06b609f72033507e3e7fae1e890e2f4109
MED_5_add64_err_0.0058136_size_596_depth_22,MED,5_add64_err_0.0058136_size_596_depth_22,D0-D5,results/formal_med_results.csv,case_id=5_add64_err_0.0058136_size_596_depth_22,c7_formal_campaign.py,1bbf36b5acfd94bbd895bd925a12f0a814d3fb5a6fab2427f407b529473292bf,68051b9f8e18006a5b9cf97eedaa1c06b609f72033507e3e7fae1e890e2f4109
CASE_5_add64_err_0.0058136_size_596_depth_22,case_summary,5_add64_err_0.0058136_size_596_depth_22,,results/case_level_summary.csv,case_id=5_add64_err_0.0058136_size_596_depth_22,c7_clean_tables.py,1bbf36b5acfd94bbd895bd925a12f0a814d3fb5a6fab2427f407b529473292bf,68051b9f8e18006a5b9cf97eedaa1c06b609f72033507e3e7fae1e890e2f4109
ER_6_add64_err_0.00787354_size_594_depth_22,ER,6_add64_err_0.00787354_size_594_depth_22,"D0-D5,R0-R9",results/formal_er_results.csv,case_id=6_add64_err_0.00787354_size_594_depth_22,c7_formal_campaign.py,1bbf36b5acfd94bbd895bd925a12f0a814d3fb5a6fab2427f407b529473292bf,68051b9f8e18006a5b9cf97eedaa1c06b609f72033507e3e7fae1e890e2f4109
MED_6_add64_err_0.00787354_size_594_depth_22,MED,6_add64_err_0.00787354_size_594_depth_22,D0-D5,results/formal_med_results.csv,case_id=6_add64_err_0.00787354_size_594_depth_22,c7_formal_campaign.py,1bbf36b5acfd94bbd895bd925a12f0a814d3fb5a6fab2427f407b529473292bf,68051b9f8e18006a5b9cf97eedaa1c06b609f72033507e3e7fae1e890e2f4109
CASE_6_add64_err_0.00787354_size_594_depth_22,case_summary,6_add64_err_0.00787354_size_594_depth_22,,results/case_level_summary.csv,case_id=6_add64_err_0.00787354_size_594_depth_22,c7_clean_tables.py,1bbf36b5acfd94bbd895bd925a12f0a814d3fb5a6fab2427f407b529473292bf,68051b9f8e18006a5b9cf97eedaa1c06b609f72033507e3e7fae1e890e2f4109
ER_7_add64_err_0.0100861_size_585_depth_22,ER,7_add64_err_0.0100861_size_585_depth_22,"D0-D5,R0-R9",results/formal_er_results.csv,case_id=7_add64_err_0.0100861_size_585_depth_22,c7_formal_campaign.py,1bbf36b5acfd94bbd895bd925a12f0a814d3fb5a6fab2427f407b529473292bf,68051b9f8e18006a5b9cf97eedaa1c06b609f72033507e3e7fae1e890e2f4109
MED_7_add64_err_0.0100861_size_585_depth_22,MED,7_add64_err_0.0100861_size_585_depth_22,D0-D5,results/formal_med_results.csv,case_id=7_add64_err_0.0100861_size_585_depth_22,c7_formal_campaign.py,1bbf36b5acfd94bbd895bd925a12f0a814d3fb5a6fab2427f407b529473292bf,68051b9f8e18006a5b9cf97eedaa1c06b609f72033507e3e7fae1e890e2f4109
CASE_7_add64_err_0.0100861_size_585_depth_22,case_summary,7_add64_err_0.0100861_size_585_depth_22,,results/case_level_summary.csv,case_id=7_add64_err_0.0100861_size_585_depth_22,c7_clean_tables.py,1bbf36b5acfd94bbd895bd925a12f0a814d3fb5a6fab2427f407b529473292bf,68051b9f8e18006a5b9cf97eedaa1c06b609f72033507e3e7fae1e890e2f4109
ER_8_add64_err_0.0155334_size_581_depth_22,ER,8_add64_err_0.0155334_size_581_depth_22,"D0-D5,R0-R9",results/formal_er_results.csv,case_id=8_add64_err_0.0155334_size_581_depth_22,c7_formal_campaign.py,1bbf36b5acfd94bbd895bd925a12f0a814d3fb5a6fab2427f407b529473292bf,68051b9f8e18006a5b9cf97eedaa1c06b609f72033507e3e7fae1e890e2f4109
MED_8_add64_err_0.0155334_size_581_depth_22,MED,8_add64_err_0.0155334_size_581_depth_22,D0-D5,results/formal_med_results.csv,case_id=8_add64_err_0.0155334_size_581_depth_22,c7_formal_campaign.py,1bbf36b5acfd94bbd895bd925a12f0a814d3fb5a6fab2427f407b529473292bf,68051b9f8e18006a5b9cf97eedaa1c06b609f72033507e3e7fae1e890e2f4109
CASE_8_add64_err_0.0155334_size_581_depth_22,case_summary,8_add64_err_0.0155334_size_581_depth_22,,results/case_level_summary.csv,case_id=8_add64_err_0.0155334_size_581_depth_22,c7_clean_tables.py,1bbf36b5acfd94bbd895bd925a12f0a814d3fb5a6fab2427f407b529473292bf,68051b9f8e18006a5b9cf97eedaa1c06b609f72033507e3e7fae1e890e2f4109
ER_10_add128_err_0.00714111_size_1215_depth_27,ER,10_add128_err_0.00714111_size_1215_depth_27,"D0-D5,R0-R9",results/formal_er_results.csv,case_id=10_add128_err_0.00714111_size_1215_depth_27,c7_formal_campaign.py,1bbf36b5acfd94bbd895bd925a12f0a814d3fb5a6fab2427f407b529473292bf,68051b9f8e18006a5b9cf97eedaa1c06b609f72033507e3e7fae1e890e2f4109
MED_10_add128_err_0.00714111_size_1215_depth_27,MED,10_add128_err_0.00714111_size_1215_depth_27,D0-D5,results/formal_med_results.csv,case_id=10_add128_err_0.00714111_size_1215_depth_27,c7_formal_campaign.py,1bbf36b5acfd94bbd895bd925a12f0a814d3fb5a6fab2427f407b529473292bf,68051b9f8e18006a5b9cf97eedaa1c06b609f72033507e3e7fae1e890e2f4109
CASE_10_add128_err_0.00714111_size_1215_depth_27,case_summary,10_add128_err_0.00714111_size_1215_depth_27,,results/case_level_summary.csv,case_id=10_add128_err_0.00714111_size_1215_depth_27,c7_clean_tables.py,1bbf36b5acfd94bbd895bd925a12f0a814d3fb5a6fab2427f407b529473292bf,68051b9f8e18006a5b9cf97eedaa1c06b609f72033507e3e7fae1e890e2f4109
ER_11_add128_err_0.00904846_size_1205_depth_27,ER,11_add128_err_0.00904846_size_1205_depth_27,"D0-D5,R0-R9",results/formal_er_results.csv,case_id=11_add128_err_0.00904846_size_1205_depth_27,c7_formal_campaign.py,1bbf36b5acfd94bbd895bd925a12f0a814d3fb5a6fab2427f407b529473292bf,68051b9f8e18006a5b9cf97eedaa1c06b609f72033507e3e7fae1e890e2f4109
MED_11_add128_err_0.00904846_size_1205_depth_27,MED,11_add128_err_0.00904846_size_1205_depth_27,D0-D5,results/formal_med_results.csv,case_id=11_add128_err_0.00904846_size_1205_depth_27,c7_formal_campaign.py,1bbf36b5acfd94bbd895bd925a12f0a814d3fb5a6fab2427f407b529473292bf,68051b9f8e18006a5b9cf97eedaa1c06b609f72033507e3e7fae1e890e2f4109
CASE_11_add128_err_0.00904846_size_1205_depth_27,case_summary,11_add128_err_0.00904846_size_1205_depth_27,,results/case_level_summary.csv,case_id=11_add128_err_0.00904846_size_1205_depth_27,c7_clean_tables.py,1bbf36b5acfd94bbd895bd925a12f0a814d3fb5a6fab2427f407b529473292bf,68051b9f8e18006a5b9cf97eedaa1c06b609f72033507e3e7fae1e890e2f4109
ER_13_add128_err_0.0129547_size_1191_depth_27,ER,13_add128_err_0.0129547_size_1191_depth_27,"D0-D5,R0-R9",results/formal_er_results.csv,case_id=13_add128_err_0.0129547_size_1191_depth_27,c7_formal_campaign.py,1bbf36b5acfd94bbd895bd925a12f0a814d3fb5a6fab2427f407b529473292bf,68051b9f8e18006a5b9cf97eedaa1c06b609f72033507e3e7fae1e890e2f4109
MED_13_add128_err_0.0129547_size_1191_depth_27,MED,13_add128_err_0.0129547_size_1191_depth_27,D0-D5,results/formal_med_results.csv,case_id=13_add128_err_0.0129547_size_1191_depth_27,c7_formal_campaign.py,1bbf36b5acfd94bbd895bd925a12f0a814d3fb5a6fab2427f407b529473292bf,68051b9f8e18006a5b9cf97eedaa1c06b609f72033507e3e7fae1e890e2f4109
CASE_13_add128_err_0.0129547_size_1191_depth_27,case_summary,13_add128_err_0.0129547_size_1191_depth_27,,results/case_level_summary.csv,case_id=13_add128_err_0.0129547_size_1191_depth_27,c7_clean_tables.py,1bbf36b5acfd94bbd895bd925a12f0a814d3fb5a6fab2427f407b529473292bf,68051b9f8e18006a5b9cf97eedaa1c06b609f72033507e3e7fae1e890e2f4109
ER_15_add128_err_0.0169067_size_1176_depth_27,ER,15_add128_err_0.0169067_size_1176_depth_27,"D0-D5,R0-R9",results/formal_er_results.csv,case_id=15_add128_err_0.0169067_size_1176_depth_27,c7_formal_campaign.py,1bbf36b5acfd94bbd895bd925a12f0a814d3fb5a6fab2427f407b529473292bf,68051b9f8e18006a5b9cf97eedaa1c06b609f72033507e3e7fae1e890e2f4109
MED_15_add128_err_0.0169067_size_1176_depth_27,MED,15_add128_err_0.0169067_size_1176_depth_27,D0-D5,results/formal_med_results.csv,case_id=15_add128_err_0.0169067_size_1176_depth_27,c7_formal_campaign.py,1bbf36b5acfd94bbd895bd925a12f0a814d3fb5a6fab2427f407b529473292bf,68051b9f8e18006a5b9cf97eedaa1c06b609f72033507e3e7fae1e890e2f4109
CASE_15_add128_err_0.0169067_size_1176_depth_27,case_summary,15_add128_err_0.0169067_size_1176_depth_27,,results/case_level_summary.csv,case_id=15_add128_err_0.0169067_size_1176_depth_27,c7_clean_tables.py,1bbf36b5acfd94bbd895bd925a12f0a814d3fb5a6fab2427f407b529473292bf,68051b9f8e18006a5b9cf97eedaa1c06b609f72033507e3e7fae1e890e2f4109
ER_17_add128_err_0.0470276_size_1167_depth_27,ER,17_add128_err_0.0470276_size_1167_depth_27,"D0-D5,R0-R9",results/formal_er_results.csv,case_id=17_add128_err_0.0470276_size_1167_depth_27,c7_formal_campaign.py,1bbf36b5acfd94bbd895bd925a12f0a814d3fb5a6fab2427f407b529473292bf,68051b9f8e18006a5b9cf97eedaa1c06b609f72033507e3e7fae1e890e2f4109
MED_17_add128_err_0.0470276_size_1167_depth_27,MED,17_add128_err_0.0470276_size_1167_depth_27,D0-D5,results/formal_med_results.csv,case_id=17_add128_err_0.0470276_size_1167_depth_27,c7_formal_campaign.py,1bbf36b5acfd94bbd895bd925a12f0a814d3fb5a6fab2427f407b529473292bf,68051b9f8e18006a5b9cf97eedaa1c06b609f72033507e3e7fae1e890e2f4109
CASE_17_add128_err_0.0470276_size_1167_depth_27,case_summary,17_add128_err_0.0470276_size_1167_depth_27,,results/case_level_summary.csv,case_id=17_add128_err_0.0470276_size_1167_depth_27,c7_clean_tables.py,1bbf36b5acfd94bbd895bd925a12f0a814d3fb5a6fab2427f407b529473292bf,68051b9f8e18006a5b9cf97eedaa1c06b609f72033507e3e7fae1e890e2f4109
ER_1_add128_err_0_size_1291_depth_27,ER,1_add128_err_0_size_1291_depth_27,"D0-D5,R0-R9",results/formal_er_results.csv,case_id=1_add128_err_0_size_1291_depth_27,c7_formal_campaign.py,1bbf36b5acfd94bbd895bd925a12f0a814d3fb5a6fab2427f407b529473292bf,68051b9f8e18006a5b9cf97eedaa1c06b609f72033507e3e7fae1e890e2f4109
MED_1_add128_err_0_size_1291_depth_27,MED,1_add128_err_0_size_1291_depth_27,D0-D5,results/formal_med_results.csv,case_id=1_add128_err_0_size_1291_depth_27,c7_formal_campaign.py,1bbf36b5acfd94bbd895bd925a12f0a814d3fb5a6fab2427f407b529473292bf,68051b9f8e18006a5b9cf97eedaa1c06b609f72033507e3e7fae1e890e2f4109
CASE_1_add128_err_0_size_1291_depth_27,case_summary,1_add128_err_0_size_1291_depth_27,,results/case_level_summary.csv,case_id=1_add128_err_0_size_1291_depth_27,c7_clean_tables.py,1bbf36b5acfd94bbd895bd925a12f0a814d3fb5a6fab2427f407b529473292bf,68051b9f8e18006a5b9cf97eedaa1c06b609f72033507e3e7fae1e890e2f4109
ER_2_add128_err_0_size_1272_depth_27,ER,2_add128_err_0_size_1272_depth_27,"D0-D5,R0-R9",results/formal_er_results.csv,case_id=2_add128_err_0_size_1272_depth_27,c7_formal_campaign.py,1bbf36b5acfd94bbd895bd925a12f0a814d3fb5a6fab2427f407b529473292bf,68051b9f8e18006a5b9cf97eedaa1c06b609f72033507e3e7fae1e890e2f4109
MED_2_add128_err_0_size_1272_depth_27,MED,2_add128_err_0_size_1272_depth_27,D0-D5,results/formal_med_results.csv,case_id=2_add128_err_0_size_1272_depth_27,c7_formal_campaign.py,1bbf36b5acfd94bbd895bd925a12f0a814d3fb5a6fab2427f407b529473292bf,68051b9f8e18006a5b9cf97eedaa1c06b609f72033507e3e7fae1e890e2f4109
CASE_2_add128_err_0_size_1272_depth_27,case_summary,2_add128_err_0_size_1272_depth_27,,results/case_level_summary.csv,case_id=2_add128_err_0_size_1272_depth_27,c7_clean_tables.py,1bbf36b5acfd94bbd895bd925a12f0a814d3fb5a6fab2427f407b529473292bf,68051b9f8e18006a5b9cf97eedaa1c06b609f72033507e3e7fae1e890e2f4109
ER_4_add128_err_0_size_1253_depth_27,ER,4_add128_err_0_size_1253_depth_27,"D0-D5,R0-R9",results/formal_er_results.csv,case_id=4_add128_err_0_size_1253_depth_27,c7_formal_campaign.py,1bbf36b5acfd94bbd895bd925a12f0a814d3fb5a6fab2427f407b529473292bf,68051b9f8e18006a5b9cf97eedaa1c06b609f72033507e3e7fae1e890e2f4109
MED_4_add128_err_0_size_1253_depth_27,MED,4_add128_err_0_size_1253_depth_27,D0-D5,results/formal_med_results.csv,case_id=4_add128_err_0_size_1253_depth_27,c7_formal_campaign.py,1bbf36b5acfd94bbd895bd925a12f0a814d3fb5a6fab2427f407b529473292bf,68051b9f8e18006a5b9cf97eedaa1c06b609f72033507e3e7fae1e890e2f4109
CASE_4_add128_err_0_size_1253_depth_27,case_summary,4_add128_err_0_size_1253_depth_27,,results/case_level_summary.csv,case_id=4_add128_err_0_size_1253_depth_27,c7_clean_tables.py,1bbf36b5acfd94bbd895bd925a12f0a814d3fb5a6fab2427f407b529473292bf,68051b9f8e18006a5b9cf97eedaa1c06b609f72033507e3e7fae1e890e2f4109
ER_6_add128_err_0.00038147_size_1248_depth_27,ER,6_add128_err_0.00038147_size_1248_depth_27,"D0-D5,R0-R9",results/formal_er_results.csv,case_id=6_add128_err_0.00038147_size_1248_depth_27,c7_formal_campaign.py,1bbf36b5acfd94bbd895bd925a12f0a814d3fb5a6fab2427f407b529473292bf,68051b9f8e18006a5b9cf97eedaa1c06b609f72033507e3e7fae1e890e2f4109
MED_6_add128_err_0.00038147_size_1248_depth_27,MED,6_add128_err_0.00038147_size_1248_depth_27,D0-D5,results/formal_med_results.csv,case_id=6_add128_err_0.00038147_size_1248_depth_27,c7_formal_campaign.py,1bbf36b5acfd94bbd895bd925a12f0a814d3fb5a6fab2427f407b529473292bf,68051b9f8e18006a5b9cf97eedaa1c06b609f72033507e3e7fae1e890e2f4109
CASE_6_add128_err_0.00038147_size_1248_depth_27,case_summary,6_add128_err_0.00038147_size_1248_depth_27,,results/case_level_summary.csv,case_id=6_add128_err_0.00038147_size_1248_depth_27,c7_clean_tables.py,1bbf36b5acfd94bbd895bd925a12f0a814d3fb5a6fab2427f407b529473292bf,68051b9f8e18006a5b9cf97eedaa1c06b609f72033507e3e7fae1e890e2f4109
ER_8_add128_err_0.00361633_size_1230_depth_27,ER,8_add128_err_0.00361633_size_1230_depth_27,"D0-D5,R0-R9",results/formal_er_results.csv,case_id=8_add128_err_0.00361633_size_1230_depth_27,c7_formal_campaign.py,1bbf36b5acfd94bbd895bd925a12f0a814d3fb5a6fab2427f407b529473292bf,68051b9f8e18006a5b9cf97eedaa1c06b609f72033507e3e7fae1e890e2f4109
MED_8_add128_err_0.00361633_size_1230_depth_27,MED,8_add128_err_0.00361633_size_1230_depth_27,D0-D5,results/formal_med_results.csv,case_id=8_add128_err_0.00361633_size_1230_depth_27,c7_formal_campaign.py,1bbf36b5acfd94bbd895bd925a12f0a814d3fb5a6fab2427f407b529473292bf,68051b9f8e18006a5b9cf97eedaa1c06b609f72033507e3e7fae1e890e2f4109
CASE_8_add128_err_0.00361633_size_1230_depth_27,case_summary,8_add128_err_0.00361633_size_1230_depth_27,,results/case_level_summary.csv,case_id=8_add128_err_0.00361633_size_1230_depth_27,c7_clean_tables.py,1bbf36b5acfd94bbd895bd925a12f0a814d3fb5a6fab2427f407b529473292bf,68051b9f8e18006a5b9cf97eedaa1c06b609f72033507e3e7fae1e890e2f4109
ER_10_add192_err_0.000213623_size_1884_depth_28,ER,10_add192_err_0.000213623_size_1884_depth_28,"D0-D5,R0-R9",results/formal_er_results.csv,case_id=10_add192_err_0.000213623_size_1884_depth_28,c7_formal_campaign.py,1bbf36b5acfd94bbd895bd925a12f0a814d3fb5a6fab2427f407b529473292bf,68051b9f8e18006a5b9cf97eedaa1c06b609f72033507e3e7fae1e890e2f4109
MED_10_add192_err_0.000213623_size_1884_depth_28,MED,10_add192_err_0.000213623_size_1884_depth_28,D0-D5,results/formal_med_results.csv,case_id=10_add192_err_0.000213623_size_1884_depth_28,c7_formal_campaign.py,1bbf36b5acfd94bbd895bd925a12f0a814d3fb5a6fab2427f407b529473292bf,68051b9f8e18006a5b9cf97eedaa1c06b609f72033507e3e7fae1e890e2f4109
CASE_10_add192_err_0.000213623_size_1884_depth_28,case_summary,10_add192_err_0.000213623_size_1884_depth_28,,results/case_level_summary.csv,case_id=10_add192_err_0.000213623_size_1884_depth_28,c7_clean_tables.py,1bbf36b5acfd94bbd895bd925a12f0a814d3fb5a6fab2427f407b529473292bf,68051b9f8e18006a5b9cf97eedaa1c06b609f72033507e3e7fae1e890e2f4109
ER_13_add192_err_0.00364685_size_1864_depth_28,ER,13_add192_err_0.00364685_size_1864_depth_28,"D0-D5,R0-R9",results/formal_er_results.csv,case_id=13_add192_err_0.00364685_size_1864_depth_28,c7_formal_campaign.py,1bbf36b5acfd94bbd895bd925a12f0a814d3fb5a6fab2427f407b529473292bf,68051b9f8e18006a5b9cf97eedaa1c06b609f72033507e3e7fae1e890e2f4109
MED_13_add192_err_0.00364685_size_1864_depth_28,MED,13_add192_err_0.00364685_size_1864_depth_28,D0-D5,results/formal_med_results.csv,case_id=13_add192_err_0.00364685_size_1864_depth_28,c7_formal_campaign.py,1bbf36b5acfd94bbd895bd925a12f0a814d3fb5a6fab2427f407b529473292bf,68051b9f8e18006a5b9cf97eedaa1c06b609f72033507e3e7fae1e890e2f4109
CASE_13_add192_err_0.00364685_size_1864_depth_28,case_summary,13_add192_err_0.00364685_size_1864_depth_28,,results/case_level_summary.csv,case_id=13_add192_err_0.00364685_size_1864_depth_28,c7_clean_tables.py,1bbf36b5acfd94bbd895bd925a12f0a814d3fb5a6fab2427f407b529473292bf,68051b9f8e18006a5b9cf97eedaa1c06b609f72033507e3e7fae1e890e2f4109
ER_16_add192_err_0.00900269_size_1841_depth_28,ER,16_add192_err_0.00900269_size_1841_depth_28,"D0-D5,R0-R9",results/formal_er_results.csv,case_id=16_add192_err_0.00900269_size_1841_depth_28,c7_formal_campaign.py,1bbf36b5acfd94bbd895bd925a12f0a814d3fb5a6fab2427f407b529473292bf,68051b9f8e18006a5b9cf97eedaa1c06b609f72033507e3e7fae1e890e2f4109
MED_16_add192_err_0.00900269_size_1841_depth_28,MED,16_add192_err_0.00900269_size_1841_depth_28,D0-D5,results/formal_med_results.csv,case_id=16_add192_err_0.00900269_size_1841_depth_28,c7_formal_campaign.py,1bbf36b5acfd94bbd895bd925a12f0a814d3fb5a6fab2427f407b529473292bf,68051b9f8e18006a5b9cf97eedaa1c06b609f72033507e3e7fae1e890e2f4109
CASE_16_add192_err_0.00900269_size_1841_depth_28,case_summary,16_add192_err_0.00900269_size_1841_depth_28,,results/case_level_summary.csv,case_id=16_add192_err_0.00900269_size_1841_depth_28,c7_clean_tables.py,1bbf36b5acfd94bbd895bd925a12f0a814d3fb5a6fab2427f407b529473292bf,68051b9f8e18006a5b9cf97eedaa1c06b609f72033507e3e7fae1e890e2f4109
ER_19_add192_err_0.0145569_size_1814_depth_28,ER,19_add192_err_0.0145569_size_1814_depth_28,"D0-D5,R0-R9",results/formal_er_results.csv,case_id=19_add192_err_0.0145569_size_1814_depth_28,c7_formal_campaign.py,1bbf36b5acfd94bbd895bd925a12f0a814d3fb5a6fab2427f407b529473292bf,68051b9f8e18006a5b9cf97eedaa1c06b609f72033507e3e7fae1e890e2f4109
MED_19_add192_err_0.0145569_size_1814_depth_28,MED,19_add192_err_0.0145569_size_1814_depth_28,D0-D5,results/formal_med_results.csv,case_id=19_add192_err_0.0145569_size_1814_depth_28,c7_formal_campaign.py,1bbf36b5acfd94bbd895bd925a12f0a814d3fb5a6fab2427f407b529473292bf,68051b9f8e18006a5b9cf97eedaa1c06b609f72033507e3e7fae1e890e2f4109
CASE_19_add192_err_0.0145569_size_1814_depth_28,case_summary,19_add192_err_0.0145569_size_1814_depth_28,,results/case_level_summary.csv,case_id=19_add192_err_0.0145569_size_1814_depth_28,c7_clean_tables.py,1bbf36b5acfd94bbd895bd925a12f0a814d3fb5a6fab2427f407b529473292bf,68051b9f8e18006a5b9cf97eedaa1c06b609f72033507e3e7fae1e890e2f4109
ER_21_add192_err_0.0184631_size_1799_depth_28,ER,21_add192_err_0.0184631_size_1799_depth_28,"D0-D5,R0-R9",results/formal_er_results.csv,case_id=21_add192_err_0.0184631_size_1799_depth_28,c7_formal_campaign.py,1bbf36b5acfd94bbd895bd925a12f0a814d3fb5a6fab2427f407b529473292bf,68051b9f8e18006a5b9cf97eedaa1c06b609f72033507e3e7fae1e890e2f4109
MED_21_add192_err_0.0184631_size_1799_depth_28,MED,21_add192_err_0.0184631_size_1799_depth_28,D0-D5,results/formal_med_results.csv,case_id=21_add192_err_0.0184631_size_1799_depth_28,c7_formal_campaign.py,1bbf36b5acfd94bbd895bd925a12f0a814d3fb5a6fab2427f407b529473292bf,68051b9f8e18006a5b9cf97eedaa1c06b609f72033507e3e7fae1e890e2f4109
CASE_21_add192_err_0.0184631_size_1799_depth_28,case_summary,21_add192_err_0.0184631_size_1799_depth_28,,results/case_level_summary.csv,case_id=21_add192_err_0.0184631_size_1799_depth_28,c7_clean_tables.py,1bbf36b5acfd94bbd895bd925a12f0a814d3fb5a6fab2427f407b529473292bf,68051b9f8e18006a5b9cf97eedaa1c06b609f72033507e3e7fae1e890e2f4109
ER_25_add192_err_0.0267792_size_1775_depth_28,ER,25_add192_err_0.0267792_size_1775_depth_28,"D0-D5,R0-R9",results/formal_er_results.csv,case_id=25_add192_err_0.0267792_size_1775_depth_28,c7_formal_campaign.py,1bbf36b5acfd94bbd895bd925a12f0a814d3fb5a6fab2427f407b529473292bf,68051b9f8e18006a5b9cf97eedaa1c06b609f72033507e3e7fae1e890e2f4109
MED_25_add192_err_0.0267792_size_1775_depth_28,MED,25_add192_err_0.0267792_size_1775_depth_28,D0-D5,results/formal_med_results.csv,case_id=25_add192_err_0.0267792_size_1775_depth_28,c7_formal_campaign.py,1bbf36b5acfd94bbd895bd925a12f0a814d3fb5a6fab2427f407b529473292bf,68051b9f8e18006a5b9cf97eedaa1c06b609f72033507e3e7fae1e890e2f4109
CASE_25_add192_err_0.0267792_size_1775_depth_28,case_summary,25_add192_err_0.0267792_size_1775_depth_28,,results/case_level_summary.csv,case_id=25_add192_err_0.0267792_size_1775_depth_28,c7_clean_tables.py,1bbf36b5acfd94bbd895bd925a12f0a814d3fb5a6fab2427f407b529473292bf,68051b9f8e18006a5b9cf97eedaa1c06b609f72033507e3e7fae1e890e2f4109
ER_28_add192_err_0.0333099_size_1758_depth_28,ER,28_add192_err_0.0333099_size_1758_depth_28,"D0-D5,R0-R9",results/formal_er_results.csv,case_id=28_add192_err_0.0333099_size_1758_depth_28,c7_formal_campaign.py,1bbf36b5acfd94bbd895bd925a12f0a814d3fb5a6fab2427f407b529473292bf,68051b9f8e18006a5b9cf97eedaa1c06b609f72033507e3e7fae1e890e2f4109
MED_28_add192_err_0.0333099_size_1758_depth_28,MED,28_add192_err_0.0333099_size_1758_depth_28,D0-D5,results/formal_med_results.csv,case_id=28_add192_err_0.0333099_size_1758_depth_28,c7_formal_campaign.py,1bbf36b5acfd94bbd895bd925a12f0a814d3fb5a6fab2427f407b529473292bf,68051b9f8e18006a5b9cf97eedaa1c06b609f72033507e3e7fae1e890e2f4109
CASE_28_add192_err_0.0333099_size_1758_depth_28,case_summary,28_add192_err_0.0333099_size_1758_depth_28,,results/case_level_summary.csv,case_id=28_add192_err_0.0333099_size_1758_depth_28,c7_clean_tables.py,1bbf36b5acfd94bbd895bd925a12f0a814d3fb5a6fab2427f407b529473292bf,68051b9f8e18006a5b9cf97eedaa1c06b609f72033507e3e7fae1e890e2f4109
ER_30_add192_err_0.0512085_size_1751_depth_28,ER,30_add192_err_0.0512085_size_1751_depth_28,"D0-D5,R0-R9",results/formal_er_results.csv,case_id=30_add192_err_0.0512085_size_1751_depth_28,c7_formal_campaign.py,1bbf36b5acfd94bbd895bd925a12f0a814d3fb5a6fab2427f407b529473292bf,68051b9f8e18006a5b9cf97eedaa1c06b609f72033507e3e7fae1e890e2f4109
MED_30_add192_err_0.0512085_size_1751_depth_28,MED,30_add192_err_0.0512085_size_1751_depth_28,D0-D5,results/formal_med_results.csv,case_id=30_add192_err_0.0512085_size_1751_depth_28,c7_formal_campaign.py,1bbf36b5acfd94bbd895bd925a12f0a814d3fb5a6fab2427f407b529473292bf,68051b9f8e18006a5b9cf97eedaa1c06b609f72033507e3e7fae1e890e2f4109
CASE_30_add192_err_0.0512085_size_1751_depth_28,case_summary,30_add192_err_0.0512085_size_1751_depth_28,,results/case_level_summary.csv,case_id=30_add192_err_0.0512085_size_1751_depth_28,c7_clean_tables.py,1bbf36b5acfd94bbd895bd925a12f0a814d3fb5a6fab2427f407b529473292bf,68051b9f8e18006a5b9cf97eedaa1c06b609f72033507e3e7fae1e890e2f4109
ER_3_add192_err_0_size_1935_depth_28,ER,3_add192_err_0_size_1935_depth_28,"D0-D5,R0-R9",results/formal_er_results.csv,case_id=3_add192_err_0_size_1935_depth_28,c7_formal_campaign.py,1bbf36b5acfd94bbd895bd925a12f0a814d3fb5a6fab2427f407b529473292bf,68051b9f8e18006a5b9cf97eedaa1c06b609f72033507e3e7fae1e890e2f4109
MED_3_add192_err_0_size_1935_depth_28,MED,3_add192_err_0_size_1935_depth_28,D0-D5,results/formal_med_results.csv,case_id=3_add192_err_0_size_1935_depth_28,c7_formal_campaign.py,1bbf36b5acfd94bbd895bd925a12f0a814d3fb5a6fab2427f407b529473292bf,68051b9f8e18006a5b9cf97eedaa1c06b609f72033507e3e7fae1e890e2f4109
CASE_3_add192_err_0_size_1935_depth_28,case_summary,3_add192_err_0_size_1935_depth_28,,results/case_level_summary.csv,case_id=3_add192_err_0_size_1935_depth_28,c7_clean_tables.py,1bbf36b5acfd94bbd895bd925a12f0a814d3fb5a6fab2427f407b529473292bf,68051b9f8e18006a5b9cf97eedaa1c06b609f72033507e3e7fae1e890e2f4109
ER_6_add192_err_0_size_1912_depth_28,ER,6_add192_err_0_size_1912_depth_28,"D0-D5,R0-R9",results/formal_er_results.csv,case_id=6_add192_err_0_size_1912_depth_28,c7_formal_campaign.py,1bbf36b5acfd94bbd895bd925a12f0a814d3fb5a6fab2427f407b529473292bf,68051b9f8e18006a5b9cf97eedaa1c06b609f72033507e3e7fae1e890e2f4109
MED_6_add192_err_0_size_1912_depth_28,MED,6_add192_err_0_size_1912_depth_28,D0-D5,results/formal_med_results.csv,case_id=6_add192_err_0_size_1912_depth_28,c7_formal_campaign.py,1bbf36b5acfd94bbd895bd925a12f0a814d3fb5a6fab2427f407b529473292bf,68051b9f8e18006a5b9cf97eedaa1c06b609f72033507e3e7fae1e890e2f4109
CASE_6_add192_err_0_size_1912_depth_28,case_summary,6_add192_err_0_size_1912_depth_28,,results/case_level_summary.csv,case_id=6_add192_err_0_size_1912_depth_28,c7_clean_tables.py,1bbf36b5acfd94bbd895bd925a12f0a814d3fb5a6fab2427f407b529473292bf,68051b9f8e18006a5b9cf97eedaa1c06b609f72033507e3e7fae1e890e2f4109
ER_10_add256_err_0_size_2531_depth_31,ER,10_add256_err_0_size_2531_depth_31,"D0-D5,R0-R9",results/formal_er_results.csv,case_id=10_add256_err_0_size_2531_depth_31,c7_formal_campaign.py,1bbf36b5acfd94bbd895bd925a12f0a814d3fb5a6fab2427f407b529473292bf,68051b9f8e18006a5b9cf97eedaa1c06b609f72033507e3e7fae1e890e2f4109
MED_10_add256_err_0_size_2531_depth_31,MED,10_add256_err_0_size_2531_depth_31,D0-D5,results/formal_med_results.csv,case_id=10_add256_err_0_size_2531_depth_31,c7_formal_campaign.py,1bbf36b5acfd94bbd895bd925a12f0a814d3fb5a6fab2427f407b529473292bf,68051b9f8e18006a5b9cf97eedaa1c06b609f72033507e3e7fae1e890e2f4109
CASE_10_add256_err_0_size_2531_depth_31,case_summary,10_add256_err_0_size_2531_depth_31,,results/case_level_summary.csv,case_id=10_add256_err_0_size_2531_depth_31,c7_clean_tables.py,1bbf36b5acfd94bbd895bd925a12f0a814d3fb5a6fab2427f407b529473292bf,68051b9f8e18006a5b9cf97eedaa1c06b609f72033507e3e7fae1e890e2f4109
ER_14_add256_err_0.000198364_size_2509_depth_31,ER,14_add256_err_0.000198364_size_2509_depth_31,"D0-D5,R0-R9",results/formal_er_results.csv,case_id=14_add256_err_0.000198364_size_2509_depth_31,c7_formal_campaign.py,1bbf36b5acfd94bbd895bd925a12f0a814d3fb5a6fab2427f407b529473292bf,68051b9f8e18006a5b9cf97eedaa1c06b609f72033507e3e7fae1e890e2f4109
MED_14_add256_err_0.000198364_size_2509_depth_31,MED,14_add256_err_0.000198364_size_2509_depth_31,D0-D5,results/formal_med_results.csv,case_id=14_add256_err_0.000198364_size_2509_depth_31,c7_formal_campaign.py,1bbf36b5acfd94bbd895bd925a12f0a814d3fb5a6fab2427f407b529473292bf,68051b9f8e18006a5b9cf97eedaa1c06b609f72033507e3e7fae1e890e2f4109
CASE_14_add256_err_0.000198364_size_2509_depth_31,case_summary,14_add256_err_0.000198364_size_2509_depth_31,,results/case_level_summary.csv,case_id=14_add256_err_0.000198364_size_2509_depth_31,c7_clean_tables.py,1bbf36b5acfd94bbd895bd925a12f0a814d3fb5a6fab2427f407b529473292bf,68051b9f8e18006a5b9cf97eedaa1c06b609f72033507e3e7fae1e890e2f4109
ER_18_add256_err_0.00532532_size_2478_depth_31,ER,18_add256_err_0.00532532_size_2478_depth_31,"D0-D5,R0-R9",results/formal_er_results.csv,case_id=18_add256_err_0.00532532_size_2478_depth_31,c7_formal_campaign.py,1bbf36b5acfd94bbd895bd925a12f0a814d3fb5a6fab2427f407b529473292bf,68051b9f8e18006a5b9cf97eedaa1c06b609f72033507e3e7fae1e890e2f4109
MED_18_add256_err_0.00532532_size_2478_depth_31,MED,18_add256_err_0.00532532_size_2478_depth_31,D0-D5,results/formal_med_results.csv,case_id=18_add256_err_0.00532532_size_2478_depth_31,c7_formal_campaign.py,1bbf36b5acfd94bbd895bd925a12f0a814d3fb5a6fab2427f407b529473292bf,68051b9f8e18006a5b9cf97eedaa1c06b609f72033507e3e7fae1e890e2f4109
CASE_18_add256_err_0.00532532_size_2478_depth_31,case_summary,18_add256_err_0.00532532_size_2478_depth_31,,results/case_level_summary.csv,case_id=18_add256_err_0.00532532_size_2478_depth_31,c7_clean_tables.py,1bbf36b5acfd94bbd895bd925a12f0a814d3fb5a6fab2427f407b529473292bf,68051b9f8e18006a5b9cf97eedaa1c06b609f72033507e3e7fae1e890e2f4109
ER_21_add256_err_0.0107269_size_2459_depth_31,ER,21_add256_err_0.0107269_size_2459_depth_31,"D0-D5,R0-R9",results/formal_er_results.csv,case_id=21_add256_err_0.0107269_size_2459_depth_31,c7_formal_campaign.py,1bbf36b5acfd94bbd895bd925a12f0a814d3fb5a6fab2427f407b529473292bf,68051b9f8e18006a5b9cf97eedaa1c06b609f72033507e3e7fae1e890e2f4109
MED_21_add256_err_0.0107269_size_2459_depth_31,MED,21_add256_err_0.0107269_size_2459_depth_31,D0-D5,results/formal_med_results.csv,case_id=21_add256_err_0.0107269_size_2459_depth_31,c7_formal_campaign.py,1bbf36b5acfd94bbd895bd925a12f0a814d3fb5a6fab2427f407b529473292bf,68051b9f8e18006a5b9cf97eedaa1c06b609f72033507e3e7fae1e890e2f4109
CASE_21_add256_err_0.0107269_size_2459_depth_31,case_summary,21_add256_err_0.0107269_size_2459_depth_31,,results/case_level_summary.csv,case_id=21_add256_err_0.0107269_size_2459_depth_31,c7_clean_tables.py,1bbf36b5acfd94bbd895bd925a12f0a814d3fb5a6fab2427f407b529473292bf,68051b9f8e18006a5b9cf97eedaa1c06b609f72033507e3e7fae1e890e2f4109
ER_25_add256_err_0.0180206_size_2431_depth_31,ER,25_add256_err_0.0180206_size_2431_depth_31,"D0-D5,R0-R9",results/formal_er_results.csv,case_id=25_add256_err_0.0180206_size_2431_depth_31,c7_formal_campaign.py,1bbf36b5acfd94bbd895bd925a12f0a814d3fb5a6fab2427f407b529473292bf,68051b9f8e18006a5b9cf97eedaa1c06b609f72033507e3e7fae1e890e2f4109
MED_25_add256_err_0.0180206_size_2431_depth_31,MED,25_add256_err_0.0180206_size_2431_depth_31,D0-D5,results/formal_med_results.csv,case_id=25_add256_err_0.0180206_size_2431_depth_31,c7_formal_campaign.py,1bbf36b5acfd94bbd895bd925a12f0a814d3fb5a6fab2427f407b529473292bf,68051b9f8e18006a5b9cf97eedaa1c06b609f72033507e3e7fae1e890e2f4109
CASE_25_add256_err_0.0180206_size_2431_depth_31,case_summary,25_add256_err_0.0180206_size_2431_depth_31,,results/case_level_summary.csv,case_id=25_add256_err_0.0180206_size_2431_depth_31,c7_clean_tables.py,1bbf36b5acfd94bbd895bd925a12f0a814d3fb5a6fab2427f407b529473292bf,68051b9f8e18006a5b9cf97eedaa1c06b609f72033507e3e7fae1e890e2f4109
ER_29_add256_err_0.0253906_size_2409_depth_31,ER,29_add256_err_0.0253906_size_2409_depth_31,"D0-D5,R0-R9",results/formal_er_results.csv,case_id=29_add256_err_0.0253906_size_2409_depth_31,c7_formal_campaign.py,1bbf36b5acfd94bbd895bd925a12f0a814d3fb5a6fab2427f407b529473292bf,68051b9f8e18006a5b9cf97eedaa1c06b609f72033507e3e7fae1e890e2f4109
MED_29_add256_err_0.0253906_size_2409_depth_31,MED,29_add256_err_0.0253906_size_2409_depth_31,D0-D5,results/formal_med_results.csv,case_id=29_add256_err_0.0253906_size_2409_depth_31,c7_formal_campaign.py,1bbf36b5acfd94bbd895bd925a12f0a814d3fb5a6fab2427f407b529473292bf,68051b9f8e18006a5b9cf97eedaa1c06b609f72033507e3e7fae1e890e2f4109
CASE_29_add256_err_0.0253906_size_2409_depth_31,case_summary,29_add256_err_0.0253906_size_2409_depth_31,,results/case_level_summary.csv,case_id=29_add256_err_0.0253906_size_2409_depth_31,c7_clean_tables.py,1bbf36b5acfd94bbd895bd925a12f0a814d3fb5a6fab2427f407b529473292bf,68051b9f8e18006a5b9cf97eedaa1c06b609f72033507e3e7fae1e890e2f4109
ER_32_add256_err_0.0311584_size_2389_depth_31,ER,32_add256_err_0.0311584_size_2389_depth_31,"D0-D5,R0-R9",results/formal_er_results.csv,case_id=32_add256_err_0.0311584_size_2389_depth_31,c7_formal_campaign.py,1bbf36b5acfd94bbd895bd925a12f0a814d3fb5a6fab2427f407b529473292bf,68051b9f8e18006a5b9cf97eedaa1c06b609f72033507e3e7fae1e890e2f4109
MED_32_add256_err_0.0311584_size_2389_depth_31,MED,32_add256_err_0.0311584_size_2389_depth_31,D0-D5,results/formal_med_results.csv,case_id=32_add256_err_0.0311584_size_2389_depth_31,c7_formal_campaign.py,1bbf36b5acfd94bbd895bd925a12f0a814d3fb5a6fab2427f407b529473292bf,68051b9f8e18006a5b9cf97eedaa1c06b609f72033507e3e7fae1e890e2f4109
CASE_32_add256_err_0.0311584_size_2389_depth_31,case_summary,32_add256_err_0.0311584_size_2389_depth_31,,results/case_level_summary.csv,case_id=32_add256_err_0.0311584_size_2389_depth_31,c7_clean_tables.py,1bbf36b5acfd94bbd895bd925a12f0a814d3fb5a6fab2427f407b529473292bf,68051b9f8e18006a5b9cf97eedaa1c06b609f72033507e3e7fae1e890e2f4109
ER_36_add256_err_0.039444_size_2366_depth_31,ER,36_add256_err_0.039444_size_2366_depth_31,"D0-D5,R0-R9",results/formal_er_results.csv,case_id=36_add256_err_0.039444_size_2366_depth_31,c7_formal_campaign.py,1bbf36b5acfd94bbd895bd925a12f0a814d3fb5a6fab2427f407b529473292bf,68051b9f8e18006a5b9cf97eedaa1c06b609f72033507e3e7fae1e890e2f4109
MED_36_add256_err_0.039444_size_2366_depth_31,MED,36_add256_err_0.039444_size_2366_depth_31,D0-D5,results/formal_med_results.csv,case_id=36_add256_err_0.039444_size_2366_depth_31,c7_formal_campaign.py,1bbf36b5acfd94bbd895bd925a12f0a814d3fb5a6fab2427f407b529473292bf,68051b9f8e18006a5b9cf97eedaa1c06b609f72033507e3e7fae1e890e2f4109
CASE_36_add256_err_0.039444_size_2366_depth_31,case_summary,36_add256_err_0.039444_size_2366_depth_31,,results/case_level_summary.csv,case_id=36_add256_err_0.039444_size_2366_depth_31,c7_clean_tables.py,1bbf36b5acfd94bbd895bd925a12f0a814d3fb5a6fab2427f407b529473292bf,68051b9f8e18006a5b9cf97eedaa1c06b609f72033507e3e7fae1e890e2f4109
ER_3_add256_err_0_size_2601_depth_31,ER,3_add256_err_0_size_2601_depth_31,"D0-D5,R0-R9",results/formal_er_results.csv,case_id=3_add256_err_0_size_2601_depth_31,c7_formal_campaign.py,1bbf36b5acfd94bbd895bd925a12f0a814d3fb5a6fab2427f407b529473292bf,68051b9f8e18006a5b9cf97eedaa1c06b609f72033507e3e7fae1e890e2f4109
MED_3_add256_err_0_size_2601_depth_31,MED,3_add256_err_0_size_2601_depth_31,D0-D5,results/formal_med_results.csv,case_id=3_add256_err_0_size_2601_depth_31,c7_formal_campaign.py,1bbf36b5acfd94bbd895bd925a12f0a814d3fb5a6fab2427f407b529473292bf,68051b9f8e18006a5b9cf97eedaa1c06b609f72033507e3e7fae1e890e2f4109
CASE_3_add256_err_0_size_2601_depth_31,case_summary,3_add256_err_0_size_2601_depth_31,,results/case_level_summary.csv,case_id=3_add256_err_0_size_2601_depth_31,c7_clean_tables.py,1bbf36b5acfd94bbd895bd925a12f0a814d3fb5a6fab2427f407b529473292bf,68051b9f8e18006a5b9cf97eedaa1c06b609f72033507e3e7fae1e890e2f4109
ER_5_add256_err_0_size_2581_depth_31,ER,5_add256_err_0_size_2581_depth_31,"D0-D5,R0-R9",results/formal_er_results.csv,case_id=5_add256_err_0_size_2581_depth_31,c7_formal_campaign.py,1bbf36b5acfd94bbd895bd925a12f0a814d3fb5a6fab2427f407b529473292bf,68051b9f8e18006a5b9cf97eedaa1c06b609f72033507e3e7fae1e890e2f4109
MED_5_add256_err_0_size_2581_depth_31,MED,5_add256_err_0_size_2581_depth_31,D0-D5,results/formal_med_results.csv,case_id=5_add256_err_0_size_2581_depth_31,c7_formal_campaign.py,1bbf36b5acfd94bbd895bd925a12f0a814d3fb5a6fab2427f407b529473292bf,68051b9f8e18006a5b9cf97eedaa1c06b609f72033507e3e7fae1e890e2f4109
CASE_5_add256_err_0_size_2581_depth_31,case_summary,5_add256_err_0_size_2581_depth_31,,results/case_level_summary.csv,case_id=5_add256_err_0_size_2581_depth_31,c7_clean_tables.py,1bbf36b5acfd94bbd895bd925a12f0a814d3fb5a6fab2427f407b529473292bf,68051b9f8e18006a5b9cf97eedaa1c06b609f72033507e3e7fae1e890e2f4109
TABLE_formal_ranking.csv,ranking,all,,results/formal_ranking.csv,all,c7_formal_campaign.py --rollup,1bbf36b5acfd94bbd895bd925a12f0a814d3fb5a6fab2427f407b529473292bf,68051b9f8e18006a5b9cf97eedaa1c06b609f72033507e3e7fae1e890e2f4109
TABLE_formal_timing.csv,timing,all,,results/formal_timing.csv,all,c7_formal_campaign.py --rollup,1bbf36b5acfd94bbd895bd925a12f0a814d3fb5a6fab2427f407b529473292bf,68051b9f8e18006a5b9cf97eedaa1c06b609f72033507e3e7fae1e890e2f4109
TABLE_formal_break_even.csv,break_even,all,,results/formal_break_even.csv,all,c7_formal_campaign.py --rollup,1bbf36b5acfd94bbd895bd925a12f0a814d3fb5a6fab2427f407b529473292bf,68051b9f8e18006a5b9cf97eedaa1c06b609f72033507e3e7fae1e890e2f4109
TABLE_formal_scalability.csv,scalability,all,,results/formal_scalability.csv,all,c7_formal_campaign.py --rollup,1bbf36b5acfd94bbd895bd925a12f0a814d3fb5a6fab2427f407b529473292bf,68051b9f8e18006a5b9cf97eedaa1c06b609f72033507e3e7fae1e890e2f4109
