case_id,width,break_even_bucket,cold_K16,cold_K64
1_add8_err_0.0299377_size_63_depth_12,8,K<=16,0.9897,7.1116
2_add8_err_0.11734_size_59_depth_10,8,K<=16,0.3559,0.1642
3_add8_err_0.188568_size_56_depth_8,8,K<=16,0.1354,0.1448
4_add8_err_0.269669_size_53_depth_7,8,K<=16,0.161,0.1721
5_add8_err_0.325058_size_50_depth_7,8,K<=16,0.1782,0.1794
6_add8_err_0.400146_size_47_depth_7,8,K<=16,0.1456,0.1932
7_add8_err_0.453918_size_45_depth_7,8,K<=16,0.1551,0.1664
add12u_054,12,K<=16,0.525,0.4017
add12u_2MB,12,K<=16,3.0839,2.6576
add12u_4FZ,12,K<=16,0.1284,0.1448
add12u_4R6,12,K<=16,0.235,0.2554
add12u_4RF,12,K<=16,0.402,0.5201
add12u_4XD,12,K<=16,0.1974,0.3088
add12u_4YK,12,K<=16,0.1409,0.1573
add12u_4YR,12,K<=16,0.2332,0.2715
1_add16_err_0.00215149_size_143_depth_16,16,K<=16,0.243,0.2503
2_add16_err_0.0311737_size_138_depth_13,16,K<=16,0.4693,0.5539
3_add16_err_0.0585022_size_127_depth_13,16,K<=16,0.2542,0.2988
4_add16_err_0.125626_size_123_depth_13,16,K<=16,0.4617,0.7104
5_add16_err_0.204422_size_119_depth_13,16,K<=16,0.4598,0.5486
6_add16_err_0.298309_size_116_depth_13,16,K<=16,0.463,0.5199
7_add16_err_0.386383_size_113_depth_13,16,K<=16,0.4421,0.4655
8_add16_err_0.458023_size_110_depth_13,16,K<=16,0.5566,0.6552
9_add16_err_0.507919_size_108_depth_13,16,K<=16,0.5024,0.5998
10_add16_err_0.566452_size_105_depth_13,16,K<=16,0.4522,0.5368
1_add32_err_0_size_310_depth_20,32,K<=16,2.0568,5.4987
3_add32_err_0.00389099_size_290_depth_17,32,K<=16,1.1141,1.9867
4_add32_err_0.0318451_size_286_depth_17,32,K<=16,1.0263,1.4477
5_add32_err_0.0593414_size_282_depth_17,32,K<=16,3.3744,3.3888
7_add32_err_0.114944_size_273_depth_17,32,16<K<=64,19.9407,12.3481
8_add32_err_0.14183_size_268_depth_17,32,16<K<=64,13.8796,10.6925
10_add32_err_0.197418_size_259_depth_14,32,K<=16,2.9219,3.4994
11_add32_err_0.223526_size_257_depth_14,32,K<=16,1.378,1.7569
12_add32_err_0.25061_size_254_depth_14,32,K<=16,1.4199,1.7886
14_add32_err_0.295059_size_249_depth_14,32,K<=16,1.5993,2.0399
1_add64_err_0_size_630_depth_22,64,K<=16,1.5544,1.7071
2_add64_err_1.52588e-05_size_616_depth_22,64,16<K<=64,19.8927,20.8898
3_add64_err_0.00190735_size_612_depth_22,64,16<K<=64,13.3994,15.0847
4_add64_err_0.00386047_size_605_depth_22,64,>64,49.069,55.2399
5_add64_err_0.0058136_size_596_depth_22,64,16<K<=64,20.7519,22.9306
6_add64_err_0.00787354_size_594_depth_22,64,16<K<=64,12.7423,14.615
7_add64_err_0.0100861_size_585_depth_22,64,K<=16,9.8915,12.4533
8_add64_err_0.0155334_size_581_depth_22,64,16<K<=64,25.9091,32.6183
10_add64_err_0.0665131_size_574_depth_22,64,16<K<=64,58.9315,44.0582
11_add64_err_0.0929413_size_571_depth_22,64,K<=16,16.7515,19.952
1_add128_err_0_size_1291_depth_27,128,K<=16,1.6226,1.5937
2_add128_err_0_size_1272_depth_27,128,16<K<=64,11.2084,12.7785
4_add128_err_0_size_1253_depth_27,128,>64,,149.8932
6_add128_err_0.00038147_size_1248_depth_27,128,16<K<=64,43.8004,52.3116
8_add128_err_0.00361633_size_1230_depth_27,128,16<K<=64,53.0152,60.404
10_add128_err_0.00714111_size_1215_depth_27,128,>64,85.0948,94.0066
11_add128_err_0.00904846_size_1205_depth_27,128,16<K<=64,25.3189,30.15
13_add128_err_0.0129547_size_1191_depth_27,128,16<K<=64,28.2055,52.2312
15_add128_err_0.0169067_size_1176_depth_27,128,16<K<=64,120.5378,133.3938
17_add128_err_0.0470276_size_1167_depth_27,128,16<K<=64,82.2681,103.9495
3_add192_err_0_size_1935_depth_28,192,16<K<=64,61.5469,73.5795
6_add192_err_0_size_1912_depth_28,192,16<K<=64,185.5311,208.0429
25_add192_err_0.0267792_size_1775_depth_28,192,16<K<=64,155.7807,167.1214
