width,metric,distribution,tau_b,strict_inversions,n_designs
8,ER,D0,1.0,0,7
8,ER,D1,1.0,0,7
8,ER,D2,1.0,0,7
8,ER,D3,1.0,0,7
8,ER,D4,1.0,0,7
8,ER,D5,1.0,0,7
8,MED,D0,1.0,0,7
8,MED,D1,0.205738,7,7
8,MED,D2,0.205738,7,7
8,MED,D3,0.308607,6,7
8,MED,D4,0.92582,0,7
8,MED,D5,0.92582,0,7
12,ER,D0,1.0,0,8
12,ER,D1,1.0,0,8
12,ER,D2,0.785714,3,8
12,ER,D3,1.0,0,8
12,ER,D4,0.928571,1,8
12,ER,D5,0.928571,1,8
12,MED,D0,1.0,0,8
12,MED,D1,0.928571,1,8
12,MED,D2,1.0,0,8
12,MED,D3,1.0,0,8
12,MED,D4,0.857143,2,8
12,MED,D5,0.857143,2,8
16,ER,D0,1.0,0,10
16,ER,D1,1.0,0,10
16,ER,D2,1.0,0,10
16,ER,D3,1.0,0,10
16,ER,D4,1.0,0,10
16,ER,D5,1.0,0,10
16,MED,D0,1.0,0,10
16,MED,D1,0.50128,9,10
16,MED,D2,0.50128,9,10
16,MED,D3,0.644503,6,10
16,MED,D4,0.262575,14,10
16,MED,D5,0.262575,14,10
32,ER,D0,1.0,0,10
32,ER,D1,1.0,0,10
32,ER,D2,0.511111,11,10
32,ER,D3,1.0,0,10
32,ER,D4,1.0,0,10
32,ER,D5,1.0,0,10
32,MED,D0,1.0,0,10
32,MED,D1,0.918937,0,10
32,MED,D2,0.290191,13,10
32,MED,D3,0.918937,0,10
32,MED,D4,0.918937,0,10
32,MED,D5,0.918937,0,10
64,ER,D0,1.0,0,10
64,ER,D1,1.0,0,10
64,ER,D2,0.955556,1,10
64,ER,D3,1.0,0,10
64,ER,D4,1.0,0,10
64,ER,D5,1.0,0,10
64,MED,D0,1.0,0,10
64,MED,D1,0.843274,0,10
64,MED,D2,0.68516,3,10
64,MED,D3,0.737865,2,10
64,MED,D4,0.843274,0,10
64,MED,D5,0.843274,0,10
128,ER,D0,1.0,0,9
128,ER,D1,1.0,0,9
128,ER,D2,1.0,0,9
128,ER,D3,1.0,0,9
128,ER,D4,1.0,0,9
128,ER,D5,1.0,0,9
128,MED,D0,1.0,0,10
128,MED,D1,0.942809,0,10
128,MED,D2,0.942809,0,10
128,MED,D3,0.942809,0,10
128,MED,D4,0.942809,0,10
128,MED,D5,0.942809,0,10
192,ER,D0,1.0,0,3
192,ER,D1,1.0,0,3
192,ER,D2,1.0,0,3
192,ER,D3,1.0,0,3
192,ER,D4,1.0,0,3
192,ER,D5,1.0,0,3
192,MED,D0,1.0,0,6
192,MED,D1,0.930949,0,6
192,MED,D2,0.930949,0,6
192,MED,D3,0.930949,0,6
192,MED,D4,0.930949,0,6
192,MED,D5,0.930949,0,6
