width,case_id,ER_rows,ER_match,MED_rows,MED_total_match
8,1_add8_err_0.0299377_size_63_depth_12,16,16,6,6
8,2_add8_err_0.11734_size_59_depth_10,16,16,6,6
8,3_add8_err_0.188568_size_56_depth_8,16,16,6,6
8,4_add8_err_0.269669_size_53_depth_7,16,16,6,6
8,5_add8_err_0.325058_size_50_depth_7,16,16,6,6
8,6_add8_err_0.400146_size_47_depth_7,16,16,6,6
8,7_add8_err_0.453918_size_45_depth_7,16,16,6,6
12,add12u_054,16,16,6,6
12,add12u_2MB,16,16,6,6
12,add12u_4FZ,16,16,6,6
12,add12u_4R6,16,16,6,6
12,add12u_4RF,16,16,6,6
12,add12u_4XD,16,16,6,6
12,add12u_4YK,16,16,6,6
12,add12u_4YR,16,16,6,6
16,10_add16_err_0.566452_size_105_depth_13,16,16,6,6
16,1_add16_err_0.00215149_size_143_depth_16,16,16,6,6
16,2_add16_err_0.0311737_size_138_depth_13,16,16,6,6
16,3_add16_err_0.0585022_size_127_depth_13,16,16,6,6
16,4_add16_err_0.125626_size_123_depth_13,16,16,6,6
16,5_add16_err_0.204422_size_119_depth_13,16,16,6,6
16,6_add16_err_0.298309_size_116_depth_13,16,16,6,6
16,7_add16_err_0.386383_size_113_depth_13,16,16,6,6
16,8_add16_err_0.458023_size_110_depth_13,16,16,6,6
16,9_add16_err_0.507919_size_108_depth_13,16,16,6,6
32,10_add32_err_0.197418_size_259_depth_14,16,16,6,6
32,11_add32_err_0.223526_size_257_depth_14,16,16,6,6
32,12_add32_err_0.25061_size_254_depth_14,16,16,6,6
32,14_add32_err_0.295059_size_249_depth_14,16,16,6,6
32,1_add32_err_0_size_310_depth_20,16,16,6,6
32,3_add32_err_0.00389099_size_290_depth_17,16,16,6,6
32,4_add32_err_0.0318451_size_286_depth_17,16,16,6,6
32,5_add32_err_0.0593414_size_282_depth_17,16,16,6,6
32,7_add32_err_0.114944_size_273_depth_17,16,16,6,6
32,8_add32_err_0.14183_size_268_depth_17,16,16,6,6
64,10_add64_err_0.0665131_size_574_depth_22,16,16,6,6
64,11_add64_err_0.0929413_size_571_depth_22,16,16,6,6
64,1_add64_err_0_size_630_depth_22,16,16,6,6
64,2_add64_err_1.52588e-05_size_616_depth_22,16,16,6,6
64,3_add64_err_0.00190735_size_612_depth_22,16,16,6,6
64,4_add64_err_0.00386047_size_605_depth_22,16,16,6,6
64,5_add64_err_0.0058136_size_596_depth_22,16,16,6,6
64,6_add64_err_0.00787354_size_594_depth_22,16,16,6,6
64,7_add64_err_0.0100861_size_585_depth_22,16,16,6,6
64,8_add64_err_0.0155334_size_581_depth_22,16,16,6,6
128,10_add128_err_0.00714111_size_1215_depth_27,16,16,6,6
128,11_add128_err_0.00904846_size_1205_depth_27,16,16,6,6
128,13_add128_err_0.0129547_size_1191_depth_27,16,16,6,6
128,15_add128_err_0.0169067_size_1176_depth_27,16,16,6,6
128,17_add128_err_0.0470276_size_1167_depth_27,16,16,6,6
128,1_add128_err_0_size_1291_depth_27,16,16,6,6
128,2_add128_err_0_size_1272_depth_27,16,16,6,6
128,4_add128_err_0_size_1253_depth_27,16,0,6,6
128,6_add128_err_0.00038147_size_1248_depth_27,16,16,6,6
128,8_add128_err_0.00361633_size_1230_depth_27,16,16,6,6
192,10_add192_err_0.000213623_size_1884_depth_28,16,0,6,0
192,13_add192_err_0.00364685_size_1864_depth_28,16,16,6,6
192,16_add192_err_0.00900269_size_1841_depth_28,16,0,6,6
192,19_add192_err_0.0145569_size_1814_depth_28,16,0,6,6
192,21_add192_err_0.0184631_size_1799_depth_28,16,0,6,0
192,25_add192_err_0.0267792_size_1775_depth_28,16,0,6,0
192,28_add192_err_0.0333099_size_1758_depth_28,16,0,6,6
192,30_add192_err_0.0512085_size_1751_depth_28,16,0,6,0
192,3_add192_err_0_size_1935_depth_28,16,16,6,6
192,6_add192_err_0_size_1912_depth_28,16,16,6,6
256,10_add256_err_0_size_2531_depth_31,16,16,0,0
256,14_add256_err_0.000198364_size_2509_depth_31,0,0,0,0
256,18_add256_err_0.00532532_size_2478_depth_31,0,0,0,0
256,21_add256_err_0.0107269_size_2459_depth_31,0,0,0,0
256,25_add256_err_0.0180206_size_2431_depth_31,0,0,0,0
256,29_add256_err_0.0253906_size_2409_depth_31,0,0,0,0
256,32_add256_err_0.0311584_size_2389_depth_31,0,0,0,0
256,36_add256_err_0.039444_size_2366_depth_31,0,0,0,0
256,3_add256_err_0_size_2601_depth_31,0,0,0,0
256,5_add256_err_0_size_2581_depth_31,0,0,0,0
