task_id,width,case_id,status,error_type,error_message,elapsed_s
width128__4_add128_err_0_size_1253_depth_27__compile_ER,128,4_add128_err_0_size_1253_depth_27,TIMEOUT,,,181.834
width128__4_add128_err_0_size_1253_depth_27__timing_K16,128,4_add128_err_0_size_1253_depth_27,TIMEOUT,,,181.204
width192__10_add192_err_0.000213623_size_1884_depth_28__compile_ER,192,10_add192_err_0.000213623_size_1884_depth_28,TIMEOUT,,,181.212
width192__10_add192_err_0.000213623_size_1884_depth_28__compile_MED,192,10_add192_err_0.000213623_size_1884_depth_28,TIMEOUT,,,635.781
width192__10_add192_err_0.000213623_size_1884_depth_28__timing_K16,192,10_add192_err_0.000213623_size_1884_depth_28,TIMEOUT,,,181.307
width192__10_add192_err_0.000213623_size_1884_depth_28__timing_K64,192,10_add192_err_0.000213623_size_1884_depth_28,TIMEOUT,,,181.179
width192__13_add192_err_0.00364685_size_1864_depth_28__timing_K64,192,13_add192_err_0.00364685_size_1864_depth_28,TIMEOUT,,,181.378
width192__16_add192_err_0.00900269_size_1841_depth_28__compile_ER,192,16_add192_err_0.00900269_size_1841_depth_28,TIMEOUT,,,181.339
width192__16_add192_err_0.00900269_size_1841_depth_28__timing_K16,192,16_add192_err_0.00900269_size_1841_depth_28,TIMEOUT,,,181.383
width192__16_add192_err_0.00900269_size_1841_depth_28__timing_K64,192,16_add192_err_0.00900269_size_1841_depth_28,TIMEOUT,,,181.409
width192__19_add192_err_0.0145569_size_1814_depth_28__compile_ER,192,19_add192_err_0.0145569_size_1814_depth_28,TIMEOUT,,,181.39
width192__19_add192_err_0.0145569_size_1814_depth_28__timing_K16,192,19_add192_err_0.0145569_size_1814_depth_28,TIMEOUT,,,181.388
width192__19_add192_err_0.0145569_size_1814_depth_28__timing_K64,192,19_add192_err_0.0145569_size_1814_depth_28,TIMEOUT,,,181.415
width192__21_add192_err_0.0184631_size_1799_depth_28__compile_ER,192,21_add192_err_0.0184631_size_1799_depth_28,TIMEOUT,,,181.387
width192__21_add192_err_0.0184631_size_1799_depth_28__compile_MED,192,21_add192_err_0.0184631_size_1799_depth_28,TIMEOUT,,,794.001
width192__21_add192_err_0.0184631_size_1799_depth_28__timing_K16,192,21_add192_err_0.0184631_size_1799_depth_28,TIMEOUT,,,181.403
width192__21_add192_err_0.0184631_size_1799_depth_28__timing_K64,192,21_add192_err_0.0184631_size_1799_depth_28,TIMEOUT,,,181.4
width192__25_add192_err_0.0267792_size_1775_depth_28__compile_ER,192,25_add192_err_0.0267792_size_1775_depth_28,TIMEOUT,,,181.42
width192__25_add192_err_0.0267792_size_1775_depth_28__compile_MED,192,25_add192_err_0.0267792_size_1775_depth_28,TIMEOUT,,,46.053
width192__28_add192_err_0.0333099_size_1758_depth_28__compile_ER,192,28_add192_err_0.0333099_size_1758_depth_28,TIMEOUT,,,181.226
width192__28_add192_err_0.0333099_size_1758_depth_28__timing_K16,192,28_add192_err_0.0333099_size_1758_depth_28,TIMEOUT,,,181.152
width192__28_add192_err_0.0333099_size_1758_depth_28__timing_K64,192,28_add192_err_0.0333099_size_1758_depth_28,TIMEOUT,,,181.171
width192__30_add192_err_0.0512085_size_1751_depth_28__compile_ER,192,30_add192_err_0.0512085_size_1751_depth_28,TIMEOUT,,,181.238
width192__30_add192_err_0.0512085_size_1751_depth_28__timing_K16,192,30_add192_err_0.0512085_size_1751_depth_28,TIMEOUT,,,184.947
width192__30_add192_err_0.0512085_size_1751_depth_28__timing_K64,192,30_add192_err_0.0512085_size_1751_depth_28,TIMEOUT,,,181.126
