task_id,width,case_id,distribution,med_d4_total,med_ganak_total,total_match,d4_total_complete,ganak_total_complete
width128__10_add128_err_0.00714111_size_1215_depth_27__MED__D0,128,10_add128_err_0.00714111_size_1215_depth_27,D0,309485009821345068724781055/2,309485009821345068724781055/2,True,True,True
width128__10_add128_err_0.00714111_size_1215_depth_27__MED__D1,128,10_add128_err_0.00714111_size_1215_depth_27,D1,114308748430101418445840062255213018084091571/36893488147419103232,114308748430101418445840062255213018084091571/36893488147419103232,True,True,True
width128__10_add128_err_0.00714111_size_1215_depth_27__MED__D2,128,10_add128_err_0.00714111_size_1215_depth_27,D2,1028778735870912766012560560296917162756824139/36893488147419103232,1028778735870912766012560560296917162756824139/36893488147419103232,True,True,True
width128__10_add128_err_0.00714111_size_1215_depth_27__MED__D3,128,10_add128_err_0.00714111_size_1215_depth_27,D3,779377830205236943948909515376452396027897075/36893488147419103232,779377830205236943948909515376452396027897075/36893488147419103232,True,True,True
width128__10_add128_err_0.00714111_size_1215_depth_27__MED__D4,128,10_add128_err_0.00714111_size_1215_depth_27,D4,34027809184303721157287209594154550555437109375/36893488147419103232,34027809184303721157287209594154550555437109375/36893488147419103232,True,True,True
width128__10_add128_err_0.00714111_size_1215_depth_27__MED__D5,128,10_add128_err_0.00714111_size_1215_depth_27,D5,34027809184303721157287209594154550555437109375/36893488147419103232,34027809184303721157287209594154550555437109375/36893488147419103232,True,True,True
width128__11_add128_err_0.00904846_size_1205_depth_27__MED__D0,128,11_add128_err_0.00904846_size_1205_depth_27,D0,79228162514264337593543950335/2,79228162514264337593543950335/2,True,True,True
width128__11_add128_err_0.00904846_size_1205_depth_27__MED__D1,128,11_add128_err_0.00904846_size_1205_depth_27,D1,29365902816605996614851137251152049351282206387/36893488147419103232,29365902816605996614851137251152049351282206387/36893488147419103232,True,True,True
width128__11_add128_err_0.00904846_size_1205_depth_27__MED__D2,128,11_add128_err_0.00904846_size_1205_depth_27,D2,264293125349453969533660235260368444161539857483/36893488147419103232,264293125349453969533660235260368444161539857483/36893488147419103232,True,True,True
width128__11_add128_err_0.00904846_size_1205_depth_27__MED__D3,128,11_add128_err_0.00904846_size_1205_depth_27,D3,200222064658677249646712299439673063758742316275/36893488147419103232,200222064658677249646712299439673063758742316275/36893488147419103232,True,True,True
width128__11_add128_err_0.00904846_size_1205_depth_27__MED__D4,128,11_add128_err_0.00904846_size_1205_depth_27,D4,8542432306323811681580204646987260763829037109375/36893488147419103232,8542432306323811681580204646987260763829037109375/36893488147419103232,True,True,True
width128__11_add128_err_0.00904846_size_1205_depth_27__MED__D5,128,11_add128_err_0.00904846_size_1205_depth_27,D5,8542432306323811681580204646987260763829037109375/36893488147419103232,8542432306323811681580204646987260763829037109375/36893488147419103232,True,True,True
width128__13_add128_err_0.0129547_size_1191_depth_27__MED__D0,128,13_add128_err_0.0129547_size_1191_depth_27,D0,79228162514264337593543950335/2,79228162514264337593543950335/2,True,True,True
width128__13_add128_err_0.0129547_size_1191_depth_27__MED__D1,128,13_add128_err_0.0129547_size_1191_depth_27,D1,448088143045992508329838831487158377818067/562949953421312,448088143045992508329838831487158377818067/562949953421312,True,True,True
width128__13_add128_err_0.0129547_size_1191_depth_27__MED__D2,128,13_add128_err_0.0129547_size_1191_depth_27,D2,4032793287413932574968549483384425400362603/562949953421312,4032793287413932574968549483384425400362603/562949953421312,True,True,True
width128__13_add128_err_0.0129547_size_1191_depth_27__MED__D3,128,13_add128_err_0.0129547_size_1191_depth_27,D3,3055146429859039829521628396503352576032275/562949953421312,3055146429859039829521628396503352576032275/562949953421312,True,True,True
width128__13_add128_err_0.0129547_size_1191_depth_27__MED__D4,128,13_add128_err_0.0129547_size_1191_depth_27,D4,130346905459852527303543457465185422424609375/562949953421312,130346905459852527303543457465185422424609375/562949953421312,True,True,True
width128__13_add128_err_0.0129547_size_1191_depth_27__MED__D5,128,13_add128_err_0.0129547_size_1191_depth_27,D5,130346905459852527303543457465185422424609375/562949953421312,130346905459852527303543457465185422424609375/562949953421312,True,True,True
width128__15_add128_err_0.0169067_size_1176_depth_27__MED__D0,128,15_add128_err_0.0169067_size_1176_depth_27,D0,20282409603651670423947251286015/2,20282409603651670423947251286015/2,True,True,True
width128__15_add128_err_0.0169067_size_1176_depth_27__MED__D1,128,15_add128_err_0.0169067_size_1176_depth_27,D1,114712133600689783650927469626778663350478803/562949953421312,114712133600689783650927469626778663350478803/562949953421312,True,True,True
width128__15_add128_err_0.0169067_size_1176_depth_27__MED__D2,128,15_add128_err_0.0169067_size_1176_depth_27,D2,1032409202406208052858347226641007970154309227/562949953421312,1032409202406208052858347226641007970154309227/562949953421312,True,True,True
width128__15_add128_err_0.0169067_size_1176_depth_27__MED__D3,128,15_add128_err_0.0169067_size_1176_depth_27,D3,782128183641066706710869111091672704662355475/562949953421312,782128183641066706710869111091672704662355475/562949953421312,True,True,True
width128__15_add128_err_0.0169067_size_1176_depth_27__MED__D4,128,15_add128_err_0.0169067_size_1176_depth_27,D4,33366292145645131598540407893287135169624609375/562949953421312,33366292145645131598540407893287135169624609375/562949953421312,True,True,True
width128__15_add128_err_0.0169067_size_1176_depth_27__MED__D5,128,15_add128_err_0.0169067_size_1176_depth_27,D5,33366292145645131598540407893287135169624609375/562949953421312,33366292145645131598540407893287135169624609375/562949953421312,True,True,True
width128__17_add128_err_0.0470276_size_1167_depth_27__MED__D0,128,17_add128_err_0.0470276_size_1167_depth_27,D0,20282409603651670423947251286015/2,20282409603651670423947251286015/2,True,True,True
width128__17_add128_err_0.0470276_size_1167_depth_27__MED__D1,128,17_add128_err_0.0470276_size_1167_depth_27,D1,114712133600689783656940942454090339702581203/562949953421312,114712133600689783656940942454090339702581203/562949953421312,True,True,True
width128__17_add128_err_0.0470276_size_1167_depth_27__MED__D2,128,17_add128_err_0.0470276_size_1167_depth_27,D2,1032409202406208052912468482086813057323230827/562949953421312,1032409202406208052912468482086813057323230827/562949953421312,True,True,True
width128__17_add128_err_0.0470276_size_1167_depth_27__MED__D3,128,17_add128_err_0.0470276_size_1167_depth_27,D3,782128183641066706751870062186979588881235475/562949953421312,782128183641066706751870062186979588881235475/562949953421312,True,True,True
width128__17_add128_err_0.0470276_size_1167_depth_27__MED__D4,128,17_add128_err_0.0470276_size_1167_depth_27,D4,33366292145645131544567591092589353334094369375/562949953421312,33366292145645131544567591092589353334094369375/562949953421312,True,True,True
width128__17_add128_err_0.0470276_size_1167_depth_27__MED__D5,128,17_add128_err_0.0470276_size_1167_depth_27,D5,33366292145645131544567591092589353334094369375/562949953421312,33366292145645131544567591092589353334094369375/562949953421312,True,True,True
width128__1_add128_err_0_size_1291_depth_27__MED__D0,128,1_add128_err_0_size_1291_depth_27,D0,65535/2,65535/2,True,True,True
width128__1_add128_err_0_size_1291_depth_27__MED__D1,128,1_add128_err_0_size_1291_depth_27,D1,2423314587584983541427/36893488147419103232,2423314587584983541427/36893488147419103232,True,True,True
width128__1_add128_err_0_size_1291_depth_27__MED__D2,128,1_add128_err_0_size_1291_depth_27,D2,21809831288264851872843/36893488147419103232,21809831288264851872843/36893488147419103232,True,True,True
width128__1_add128_err_0_size_1291_depth_27__MED__D3,128,1_add128_err_0_size_1291_depth_27,D3,16522599460806705964275/36893488147419103232,16522599460806705964275/36893488147419103232,True,True,True
width128__1_add128_err_0_size_1291_depth_27__MED__D4,128,1_add128_err_0_size_1291_depth_27,D4,42926389895634613037109375/36893488147419103232,42926389895634613037109375/36893488147419103232,True,True,True
width128__1_add128_err_0_size_1291_depth_27__MED__D5,128,1_add128_err_0_size_1291_depth_27,D5,42926389895634613037109375/36893488147419103232,42926389895634613037109375/36893488147419103232,True,True,True
width128__2_add128_err_0_size_1272_depth_27__MED__D0,128,2_add128_err_0_size_1272_depth_27,D0,4294967295/2,4294967295/2,True,True,True
width128__2_add128_err_0_size_1272_depth_27__MED__D1,128,2_add128_err_0_size_1272_depth_27,D1,158816768126557066354501299/36893488147419103232,158816768126557066354501299/36893488147419103232,True,True,True
width128__2_add128_err_0_size_1272_depth_27__MED__D2,128,2_add128_err_0_size_1272_depth_27,D2,1429350913139013597190511691/36893488147419103232,1429350913139013597190511691/36893488147419103232,True,True,True
width128__2_add128_err_0_size_1272_depth_27__MED__D3,128,2_add128_err_0_size_1272_depth_27,D3,1082841600862889088780690675/36893488147419103232,1082841600862889088780690675/36893488147419103232,True,True,True
width128__2_add128_err_0_size_1272_depth_27__MED__D4,128,2_add128_err_0_size_1272_depth_27,D4,2813266814590205634613037109375/36893488147419103232,2813266814590205634613037109375/36893488147419103232,True,True,True
width128__2_add128_err_0_size_1272_depth_27__MED__D5,128,2_add128_err_0_size_1272_depth_27,D5,2813266814590205634613037109375/36893488147419103232,2813266814590205634613037109375/36893488147419103232,True,True,True
width128__4_add128_err_0_size_1253_depth_27__MED__D0,128,4_add128_err_0_size_1253_depth_27,D0,1208925819614629174706175/2,1208925819614629174706175/2,True,True,True
width128__4_add128_err_0_size_1253_depth_27__MED__D1,128,4_add128_err_0_size_1253_depth_27,D1,44702270854112208945331444399924623648435/36893488147419103232,44702270854112208945331444399924623648435/36893488147419103232,True,True,True
width128__4_add128_err_0_size_1253_depth_27__MED__D2,128,4_add128_err_0_size_1253_depth_27,D2,402320437687009880507982999599321612835915/36893488147419103232,402320437687009880507982999599321612835915/36893488147419103232,True,True,True
width128__4_add128_err_0_size_1253_depth_27__MED__D3,128,4_add128_err_0_size_1253_depth_27,D3,304788210368946879172714393635849706693875/36893488147419103232,304788210368946879172714393635849706693875/36893488147419103232,True,True,True
width128__4_add128_err_0_size_1253_depth_27__MED__D4,128,4_add128_err_0_size_1253_depth_27,D4,792281392496369976069720703475634613037109375/36893488147419103232,792281392496369976069720703475634613037109375/36893488147419103232,True,True,True
width128__4_add128_err_0_size_1253_depth_27__MED__D5,128,4_add128_err_0_size_1253_depth_27,D5,792281392496369976069720703475634613037109375/36893488147419103232,792281392496369976069720703475634613037109375/36893488147419103232,True,True,True
width128__6_add128_err_0.00038147_size_1248_depth_27__MED__D0,128,6_add128_err_0.00038147_size_1248_depth_27,D0,1208925819614629174706175/2,1208925819614629174706175/2,True,True,True
width128__6_add128_err_0.00038147_size_1248_depth_27__MED__D1,128,6_add128_err_0.00038147_size_1248_depth_27,D1,44702271369973793611914074192746096109235/36893488147419103232,44702271369973793611914074192746096109235/36893488147419103232,True,True,True
width128__6_add128_err_0.00038147_size_1248_depth_27__MED__D2,128,6_add128_err_0.00038147_size_1248_depth_27,D2,402320442329764142507226667734714864983115/36893488147419103232,402320442329764142507226667734714864983115/36893488147419103232,True,True,True
width128__6_add128_err_0.00038147_size_1248_depth_27__MED__D3,128,6_add128_err_0.00038147_size_1248_depth_27,D3,304788213886184956444868687677814291653875/36893488147419103232,304788213886184956444868687677814291653875/36893488147419103232,True,True,True
width128__6_add128_err_0.00038147_size_1248_depth_27__MED__D4,128,6_add128_err_0.00038147_size_1248_depth_27,D4,792280100472026030811189871263426613037109375/36893488147419103232,792280100472026030811189871263426613037109375/36893488147419103232,True,True,True
width128__6_add128_err_0.00038147_size_1248_depth_27__MED__D5,128,6_add128_err_0.00038147_size_1248_depth_27,D5,792280100472026030811189871263426613037109375/36893488147419103232,792280100472026030811189871263426613037109375/36893488147419103232,True,True,True
width128__8_add128_err_0.00361633_size_1230_depth_27__MED__D0,128,8_add128_err_0.00361633_size_1230_depth_27,D0,1208925819614629174706175/2,1208925819614629174706175/2,True,True,True
width128__8_add128_err_0.00361633_size_1230_depth_27__MED__D1,128,8_add128_err_0.00361633_size_1230_depth_27,D1,44702297455617378298997832451963759699635/36893488147419103232,44702297455617378298997832451963759699635/36893488147419103232,True,True,True
width128__8_add128_err_0.00361633_size_1230_depth_27__MED__D2,128,8_add128_err_0.00361633_size_1230_depth_27,D2,402320677100556404690980492067673837296715/36893488147419103232,402320677100556404690980492067673837296715/36893488147419103232,True,True,True
width128__8_add128_err_0.00361633_size_1230_depth_27__MED__D3,128,8_add128_err_0.00361633_size_1230_depth_27,D3,304788391742845761129530675808843816133875/36893488147419103232,304788391742845761129530675808843816133875/36893488147419103232,True,True,True
width128__8_add128_err_0.00361633_size_1230_depth_27__MED__D4,128,8_add128_err_0.00361633_size_1230_depth_27,D4,792271633064822650414598096572600808237109375/36893488147419103232,792271633064822650414598096572600808237109375/36893488147419103232,True,True,True
width128__8_add128_err_0.00361633_size_1230_depth_27__MED__D5,128,8_add128_err_0.00361633_size_1230_depth_27,D5,792271633064822650414598096572600808237109375/36893488147419103232,792271633064822650414598096572600808237109375/36893488147419103232,True,True,True
width12__add12u_054__MED__D0,12,add12u_054,D0,266389/512,266389/512,True,True,True
width12__add12u_054__MED__D1,12,add12u_054,D1,1905281362355/4294967296,1905281362355/4294967296,True,True,True
width12__add12u_054__MED__D2,12,add12u_054,D2,2644823373355/4294967296,2644823373355/4294967296,True,True,True
width12__add12u_054__MED__D3,12,add12u_054,D3,1207460898745/2147483648,1207460898745/2147483648,True,True,True
width12__add12u_054__MED__D4,12,add12u_054,D4,2168417010331/4294967296,2168417010331/4294967296,True,True,True
width12__add12u_054__MED__D5,12,add12u_054,D5,2170068699859/4294967296,2170068699859/4294967296,True,True,True
width12__add12u_2MB__MED__D0,12,add12u_2MB,D0,1024,1024,True,True,True
width12__add12u_2MB__MED__D1,12,add12u_2MB,D1,6143/8,6143/8,True,True,True
width12__add12u_2MB__MED__D2,12,add12u_2MB,D2,6147/8,6147/8,True,True,True
width12__add12u_2MB__MED__D3,12,add12u_2MB,D3,9207/8,9207/8,True,True,True
width12__add12u_2MB__MED__D4,12,add12u_2MB,D4,7025/8,7025/8,True,True,True
width12__add12u_2MB__MED__D5,12,add12u_2MB,D5,7021/8,7021/8,True,True,True
width12__add12u_4FZ__MED__D0,12,add12u_4FZ,D0,31/8,31/8,True,True,True
width12__add12u_4FZ__MED__D1,12,add12u_4FZ,D1,103/128,103/128,True,True,True
width12__add12u_4FZ__MED__D2,12,add12u_4FZ,D2,999/128,999/128,True,True,True
width12__add12u_4FZ__MED__D3,12,add12u_4FZ,D3,623/128,623/128,True,True,True
width12__add12u_4FZ__MED__D4,12,add12u_4FZ,D4,423/128,423/128,True,True,True
width12__add12u_4FZ__MED__D5,12,add12u_4FZ,D5,423/128,423/128,True,True,True
width12__add12u_4R6__MED__D0,12,add12u_4R6,D0,9303/512,9303/512,True,True,True
width12__add12u_4R6__MED__D1,12,add12u_4R6,D1,10896719/2097152,10896719/2097152,True,True,True
width12__add12u_4R6__MED__D2,12,add12u_4R6,D2,84615423/2097152,84615423/2097152,True,True,True
width12__add12u_4R6__MED__D3,12,add12u_4R6,D3,50344775/2097152,50344775/2097152,True,True,True
width12__add12u_4R6__MED__D4,12,add12u_4R6,D4,30910923/2097152,30910923/2097152,True,True,True
width12__add12u_4R6__MED__D5,12,add12u_4R6,D5,31258659/2097152,31258659/2097152,True,True,True
width12__add12u_4RF__MED__D0,12,add12u_4RF,D0,3/4,3/4,True,True,True
width12__add12u_4RF__MED__D1,12,add12u_4RF,D1,9/64,9/64,True,True,True
width12__add12u_4RF__MED__D2,12,add12u_4RF,D2,81/64,81/64,True,True,True
width12__add12u_4RF__MED__D3,12,add12u_4RF,D3,57/64,57/64,True,True,True
width12__add12u_4RF__MED__D4,12,add12u_4RF,D4,45/64,45/64,True,True,True
width12__add12u_4RF__MED__D5,12,add12u_4RF,D5,45/64,45/64,True,True,True
width12__add12u_4XD__MED__D0,12,add12u_4XD,D0,63/4,63/4,True,True,True
width12__add12u_4XD__MED__D1,12,add12u_4XD,D1,44091/16384,44091/16384,True,True,True
width12__add12u_4XD__MED__D2,12,add12u_4XD,D2,396819/16384,396819/16384,True,True,True
width12__add12u_4XD__MED__D3,12,add12u_4XD,D3,282747/16384,282747/16384,True,True,True
width12__add12u_4XD__MED__D4,12,add12u_4XD,D4,271095/16384,271095/16384,True,True,True
width12__add12u_4XD__MED__D5,12,add12u_4XD,D5,271095/16384,271095/16384,True,True,True
width12__add12u_4YK__MED__D0,12,add12u_4YK,D0,15/4,15/4,True,True,True
width12__add12u_4YK__MED__D1,12,add12u_4YK,D1,21/32,21/32,True,True,True
width12__add12u_4YK__MED__D2,12,add12u_4YK,D2,189/32,189/32,True,True,True
width12__add12u_4YK__MED__D3,12,add12u_4YK,D3,141/32,141/32,True,True,True
width12__add12u_4YK__MED__D4,12,add12u_4YK,D4,15/4,15/4,True,True,True
width12__add12u_4YK__MED__D5,12,add12u_4YK,D5,15/4,15/4,True,True,True
width12__add12u_4YR__MED__D0,12,add12u_4YR,D0,157/8,157/8,True,True,True
width12__add12u_4YR__MED__D1,12,add12u_4YR,D1,111071/32768,111071/32768,True,True,True
width12__add12u_4YR__MED__D2,12,add12u_4YR,D2,1467999/32768,1467999/32768,True,True,True
width12__add12u_4YR__MED__D3,12,add12u_4YR,D3,897639/32768,897639/32768,True,True,True
width12__add12u_4YR__MED__D4,12,add12u_4YR,D4,581967/32768,581967/32768,True,True,True
width12__add12u_4YR__MED__D5,12,add12u_4YR,D5,581967/32768,581967/32768,True,True,True
width16__10_add16_err_0.566452_size_105_depth_13__MED__D0,16,10_add16_err_0.566452_size_105_depth_13,D0,105493/256,105493/256,True,True,True
width16__10_add16_err_0.566452_size_105_depth_13__MED__D1,16,10_add16_err_0.566452_size_105_depth_13,D1,70079381/524288,70079381/524288,True,True,True
width16__10_add16_err_0.566452_size_105_depth_13__MED__D2,16,10_add16_err_0.566452_size_105_depth_13,D2,92851317/524288,92851317/524288,True,True,True
width16__10_add16_err_0.566452_size_105_depth_13__MED__D3,16,10_add16_err_0.566452_size_105_depth_13,D3,298583381/524288,298583381/524288,True,True,True
width16__10_add16_err_0.566452_size_105_depth_13__MED__D4,16,10_add16_err_0.566452_size_105_depth_13,D4,255918369/524288,255918369/524288,True,True,True
width16__10_add16_err_0.566452_size_105_depth_13__MED__D5,16,10_add16_err_0.566452_size_105_depth_13,D5,255918369/524288,255918369/524288,True,True,True
width16__1_add16_err_0.00215149_size_143_depth_16__MED__D0,16,1_add16_err_0.00215149_size_143_depth_16,D0,255/2,255/2,True,True,True
width16__1_add16_err_0.00215149_size_143_depth_16__MED__D1,16,1_add16_err_0.00215149_size_143_depth_16,D1,22006453491/8589934592,22006453491/8589934592,True,True,True
width16__1_add16_err_0.00215149_size_143_depth_16__MED__D2,16,1_add16_err_0.00215149_size_143_depth_16,D2,198058081419/8589934592,198058081419/8589934592,True,True,True
width16__1_add16_err_0.00215149_size_143_depth_16__MED__D3,16,1_add16_err_0.00215149_size_143_depth_16,D3,150044001075/8589934592,150044001075/8589934592,True,True,True
width16__1_add16_err_0.00215149_size_143_depth_16__MED__D4,16,1_add16_err_0.00215149_size_143_depth_16,D4,6401012109375/8589934592,6401012109375/8589934592,True,True,True
width16__1_add16_err_0.00215149_size_143_depth_16__MED__D5,16,1_add16_err_0.00215149_size_143_depth_16,D5,6401012109375/8589934592,6401012109375/8589934592,True,True,True
width16__2_add16_err_0.0311737_size_138_depth_13__MED__D0,16,2_add16_err_0.0311737_size_138_depth_13,D0,255/2,255/2,True,True,True
width16__2_add16_err_0.0311737_size_138_depth_13__MED__D1,16,2_add16_err_0.0311737_size_138_depth_13,D1,6309171/2097152,6309171/2097152,True,True,True
width16__2_add16_err_0.0311737_size_138_depth_13__MED__D2,16,2_add16_err_0.0311737_size_138_depth_13,D2,56782539/2097152,56782539/2097152,True,True,True
width16__2_add16_err_0.0311737_size_138_depth_13__MED__D3,16,2_add16_err_0.0311737_size_138_depth_13,D3,43017075/2097152,43017075/2097152,True,True,True
width16__2_add16_err_0.0311737_size_138_depth_13__MED__D4,16,2_add16_err_0.0311737_size_138_depth_13,D4,1390569375/2097152,1390569375/2097152,True,True,True
width16__2_add16_err_0.0311737_size_138_depth_13__MED__D5,16,2_add16_err_0.0311737_size_138_depth_13,D5,1390569375/2097152,1390569375/2097152,True,True,True
width16__3_add16_err_0.0585022_size_127_depth_13__MED__D0,16,3_add16_err_0.0585022_size_127_depth_13,D0,255/2,255/2,True,True,True
width16__3_add16_err_0.0585022_size_127_depth_13__MED__D1,16,3_add16_err_0.0585022_size_127_depth_13,D1,1105731/131072,1105731/131072,True,True,True
width16__3_add16_err_0.0585022_size_127_depth_13__MED__D2,16,3_add16_err_0.0585022_size_127_depth_13,D2,9951579/131072,9951579/131072,True,True,True
width16__3_add16_err_0.0585022_size_127_depth_13__MED__D3,16,3_add16_err_0.0585022_size_127_depth_13,D3,7539075/131072,7539075/131072,True,True,True
width16__3_add16_err_0.0585022_size_127_depth_13__MED__D4,16,3_add16_err_0.0585022_size_127_depth_13,D4,36879375/131072,36879375/131072,True,True,True
width16__3_add16_err_0.0585022_size_127_depth_13__MED__D5,16,3_add16_err_0.0585022_size_127_depth_13,D5,36879375/131072,36879375/131072,True,True,True
width16__4_add16_err_0.125626_size_123_depth_13__MED__D0,16,4_add16_err_0.125626_size_123_depth_13,D0,53049/128,53049/128,True,True,True
width16__4_add16_err_0.125626_size_123_depth_13__MED__D1,16,4_add16_err_0.125626_size_123_depth_13,D1,286218339291/2147483648,286218339291/2147483648,True,True,True
width16__4_add16_err_0.125626_size_123_depth_13__MED__D2,16,4_add16_err_0.125626_size_123_depth_13,D2,372773274363/2147483648,372773274363/2147483648,True,True,True
width16__4_add16_err_0.125626_size_123_depth_13__MED__D3,16,4_add16_err_0.125626_size_123_depth_13,D3,1220947366995/2147483648,1220947366995/2147483648,True,True,True
width16__4_add16_err_0.125626_size_123_depth_13__MED__D4,16,4_add16_err_0.125626_size_123_depth_13,D4,1071528652155/2147483648,1071528652155/2147483648,True,True,True
width16__4_add16_err_0.125626_size_123_depth_13__MED__D5,16,4_add16_err_0.125626_size_123_depth_13,D5,1071528652155/2147483648,1071528652155/2147483648,True,True,True
width16__5_add16_err_0.204422_size_119_depth_13__MED__D0,16,5_add16_err_0.204422_size_119_depth_13,D0,53049/128,53049/128,True,True,True
width16__5_add16_err_0.204422_size_119_depth_13__MED__D1,16,5_add16_err_0.204422_size_119_depth_13,D1,17937290691/134217728,17937290691/134217728,True,True,True
width16__5_add16_err_0.204422_size_119_depth_13__MED__D2,16,5_add16_err_0.204422_size_119_depth_13,D2,23742276579/134217728,23742276579/134217728,True,True,True
width16__5_add16_err_0.204422_size_119_depth_13__MED__D3,16,5_add16_err_0.204422_size_119_depth_13,D3,76574134395/134217728,76574134395/134217728,True,True,True
width16__5_add16_err_0.204422_size_119_depth_13__MED__D4,16,5_add16_err_0.204422_size_119_depth_13,D4,66256485555/134217728,66256485555/134217728,True,True,True
width16__5_add16_err_0.204422_size_119_depth_13__MED__D5,16,5_add16_err_0.204422_size_119_depth_13,D5,66256485555/134217728,66256485555/134217728,True,True,True
width16__6_add16_err_0.298309_size_116_depth_13__MED__D0,16,6_add16_err_0.298309_size_116_depth_13,D0,106043/256,106043/256,True,True,True
width16__6_add16_err_0.298309_size_116_depth_13__MED__D1,16,6_add16_err_0.298309_size_116_depth_13,D1,2242432497/16777216,2242432497/16777216,True,True,True
width16__6_add16_err_0.298309_size_116_depth_13__MED__D2,16,6_add16_err_0.298309_size_116_depth_13,D2,2970259281/16777216,2970259281/16777216,True,True,True
width16__6_add16_err_0.298309_size_116_depth_13__MED__D3,16,6_add16_err_0.298309_size_116_depth_13,D3,9571983393/16777216,9571983393/16777216,True,True,True
width16__6_add16_err_0.298309_size_116_depth_13__MED__D4,16,6_add16_err_0.298309_size_116_depth_13,D4,8268428295/16777216,8268428295/16777216,True,True,True
width16__6_add16_err_0.298309_size_116_depth_13__MED__D5,16,6_add16_err_0.298309_size_116_depth_13,D5,8268428295/16777216,8268428295/16777216,True,True,True
width16__7_add16_err_0.386383_size_113_depth_13__MED__D0,16,7_add16_err_0.386383_size_113_depth_13,D0,105273/256,105273/256,True,True,True
width16__7_add16_err_0.386383_size_113_depth_13__MED__D1,16,7_add16_err_0.386383_size_113_depth_13,D1,1118977731/8388608,1118977731/8388608,True,True,True
width16__7_add16_err_0.386383_size_113_depth_13__MED__D2,16,7_add16_err_0.386383_size_113_depth_13,D2,1464700131/8388608,1464700131/8388608,True,True,True
width16__7_add16_err_0.386383_size_113_depth_13__MED__D3,16,7_add16_err_0.386383_size_113_depth_13,D3,4773438483/8388608,4773438483/8388608,True,True,True
width16__7_add16_err_0.386383_size_113_depth_13__MED__D4,16,7_add16_err_0.386383_size_113_depth_13,D4,4091753475/8388608,4091753475/8388608,True,True,True
width16__7_add16_err_0.386383_size_113_depth_13__MED__D5,16,7_add16_err_0.386383_size_113_depth_13,D5,4091753475/8388608,4091753475/8388608,True,True,True
width16__8_add16_err_0.458023_size_110_depth_13__MED__D0,16,8_add16_err_0.458023_size_110_depth_13,D0,105273/256,105273/256,True,True,True
width16__8_add16_err_0.458023_size_110_depth_13__MED__D1,16,8_add16_err_0.458023_size_110_depth_13,D1,69956301/524288,69956301/524288,True,True,True
width16__8_add16_err_0.458023_size_110_depth_13__MED__D2,16,8_add16_err_0.458023_size_110_depth_13,D2,91728045/524288,91728045/524288,True,True,True
width16__8_add16_err_0.458023_size_110_depth_13__MED__D3,16,8_add16_err_0.458023_size_110_depth_13,D3,298485069/524288,298485069/524288,True,True,True
width16__8_add16_err_0.458023_size_110_depth_13__MED__D4,16,8_add16_err_0.458023_size_110_depth_13,D4,31951395/65536,31951395/65536,True,True,True
width16__8_add16_err_0.458023_size_110_depth_13__MED__D5,16,8_add16_err_0.458023_size_110_depth_13,D5,31951395/65536,31951395/65536,True,True,True
width16__9_add16_err_0.507919_size_108_depth_13__MED__D0,16,9_add16_err_0.507919_size_108_depth_13,D0,105493/256,105493/256,True,True,True
width16__9_add16_err_0.507919_size_108_depth_13__MED__D1,16,9_add16_err_0.507919_size_108_depth_13,D1,140143377/1048576,140143377/1048576,True,True,True
width16__9_add16_err_0.507919_size_108_depth_13__MED__D2,16,9_add16_err_0.507919_size_108_depth_13,D2,185562225/1048576,185562225/1048576,True,True,True
width16__9_add16_err_0.507919_size_108_depth_13__MED__D3,16,9_add16_err_0.507919_size_108_depth_13,D3,597154473/1048576,597154473/1048576,True,True,True
width16__9_add16_err_0.507919_size_108_depth_13__MED__D4,16,9_add16_err_0.507919_size_108_depth_13,D4,511880625/1048576,511880625/1048576,True,True,True
width16__9_add16_err_0.507919_size_108_depth_13__MED__D5,16,9_add16_err_0.507919_size_108_depth_13,D5,511880625/1048576,511880625/1048576,True,True,True
width192__10_add192_err_0.000213623_size_1884_depth_28__MED__D0,192,10_add192_err_0.000213623_size_1884_depth_28,D0,,,,,
width192__10_add192_err_0.000213623_size_1884_depth_28__MED__D1,192,10_add192_err_0.000213623_size_1884_depth_28,D1,,,,,
width192__10_add192_err_0.000213623_size_1884_depth_28__MED__D2,192,10_add192_err_0.000213623_size_1884_depth_28,D2,,,,,
width192__10_add192_err_0.000213623_size_1884_depth_28__MED__D3,192,10_add192_err_0.000213623_size_1884_depth_28,D3,,,,,
width192__10_add192_err_0.000213623_size_1884_depth_28__MED__D4,192,10_add192_err_0.000213623_size_1884_depth_28,D4,,,,,
width192__10_add192_err_0.000213623_size_1884_depth_28__MED__D5,192,10_add192_err_0.000213623_size_1884_depth_28,D5,,,,,
width192__13_add192_err_0.00364685_size_1864_depth_28__MED__D0,192,13_add192_err_0.00364685_size_1864_depth_28,D0,1461501637330902918203684832716283019655932542975/2,1461501637330902918203684832716283019655932542975/2,True,True,True
width192__13_add192_err_0.00364685_size_1864_depth_28__MED__D1,192,13_add192_err_0.00364685_size_1864_depth_28,D1,3541678779986377275982546927863833714300663519176602322825082189588595/2417851639229258349412352,3541678779986377275982546927863833714300663519176602322825082189588595/2417851639229258349412352,True,True,True
width192__13_add192_err_0.00364685_size_1864_depth_28__MED__D2,192,13_add192_err_0.00364685_size_1864_depth_28,D2,31875109019877395483842922350774503428705971672589420905425739706297355/2417851639229258349412352,31875109019877395483842922350774503428705971672589420905425739706297355/2417851639229258349412352,True,True,True
width192__13_add192_err_0.00364685_size_1864_depth_28__MED__D3,192,13_add192_err_0.00364685_size_1864_depth_28,D3,24147809863543481427153729053617048052049978539840470382898287656285875/2417851639229258349412352,24147809863543481427153729053617048052049978539840470382898287656285875/2417851639229258349412352,True,True,True
width192__13_add192_err_0.00364685_size_1864_depth_28__MED__D4,192,13_add192_err_0.00364685_size_1864_depth_28,D4,62770998921729864789671993116403113319320273689425244155806667725862109375/2417851639229258349412352,62770998921729864789671993116403113319320273689425244155806667725862109375/2417851639229258349412352,True,True,True
width192__13_add192_err_0.00364685_size_1864_depth_28__MED__D5,192,13_add192_err_0.00364685_size_1864_depth_28,D5,62770998921729864789671993116403113319320273689425244155806667725862109375/2417851639229258349412352,62770998921729864789671993116403113319320273689425244155806667725862109375/2417851639229258349412352,True,True,True
width192__16_add192_err_0.00900269_size_1841_depth_28__MED__D0,192,16_add192_err_0.00900269_size_1841_depth_28,D0,1461501637330902918203684832716283019655932542975/2,1461501637330902918203684832716283019655932542975/2,True,True,True
width192__16_add192_err_0.00900269_size_1841_depth_28__MED__D1,192,16_add192_err_0.00900269_size_1841_depth_28,D1,54041761703282691115801731336304527057497234393122508885891797395/36893488147419103232,54041761703282691115801731336304527057497234393122508885891797395/36893488147419103232,True,True,True
width192__16_add192_err_0.00900269_size_1841_depth_28__MED__D2,192,16_add192_err_0.00900269_size_1841_depth_28,D2,486375855329544220042215582026740743517475109538102579973026176555/36893488147419103232,486375855329544220042215582026740743517475109538102579973026176555/36893488147419103232,True,True,True
width192__16_add192_err_0.00900269_size_1841_depth_28__MED__D3,192,16_add192_err_0.00900269_size_1841_depth_28,D3,368466557067836530335011804565712684482935689044017106040171345875/36893488147419103232,368466557067836530335011804565712684482935689044017106040171345875/36893488147419103232,True,True,True
width192__16_add192_err_0.00900269_size_1841_depth_28__MED__D4,192,16_add192_err_0.00900269_size_1841_depth_28,D4,957797633175468797325725637629162517641613619108008762601140849609375/36893488147419103232,957797633175468797325725637629162517641613619108008762601140849609375/36893488147419103232,True,True,True
width192__16_add192_err_0.00900269_size_1841_depth_28__MED__D5,192,16_add192_err_0.00900269_size_1841_depth_28,D5,957797633175468797325725637629162517641613619108008762601140849609375/36893488147419103232,957797633175468797325725637629162517641613619108008762601140849609375/36893488147419103232,True,True,True
width192__19_add192_err_0.0145569_size_1814_depth_28__MED__D0,192,19_add192_err_0.0145569_size_1814_depth_28,D0,95780971304118053647396689196894323976171195136475135/2,95780971304118053647396689196894323976171195136475135/2,True,True,True
width192__19_add192_err_0.0145569_size_1814_depth_28__MED__D1,192,19_add192_err_0.0145569_size_1814_depth_28,D1,35376890656347037241783745382399327123214512545733622841944452486713747/36893488147419103232,35376890656347037241783745382399327123214512545733622841944452486713747/36893488147419103232,True,True,True
width192__19_add192_err_0.0145569_size_1814_depth_28__MED__D2,192,19_add192_err_0.0145569_size_1814_depth_28,D2,318392015907123335176053708441593944108930612911602605577500072380423723/36893488147419103232,318392015907123335176053708441593944108930612911602605577500072380423723/36893488147419103232,True,True,True
width192__19_add192_err_0.0145569_size_1814_depth_28__MED__D3,192,19_add192_err_0.0145569_size_1814_depth_28,D3,241206072656911617557616445789086321294644403720911064831439448773048275/36893488147419103232,241206072656911617557616445789086321294644403720911064831439448773048275/36893488147419103232,True,True,True
width192__19_add192_err_0.0145569_size_1814_depth_28__MED__D4,192,19_add192_err_0.0145569_size_1814_depth_28,D4,10526477468972545599405608022254833303731271282321951370410048385649609375/36893488147419103232,10526477468972545599405608022254833303731271282321951370410048385649609375/36893488147419103232,True,True,True
width192__19_add192_err_0.0145569_size_1814_depth_28__MED__D5,192,19_add192_err_0.0145569_size_1814_depth_28,D5,10526477468972545599405608022254833303731271282321951370410048385649609375/36893488147419103232,10526477468972545599405608022254833303731271282321951370410048385649609375/36893488147419103232,True,True,True
width192__21_add192_err_0.0184631_size_1799_depth_28__MED__D0,192,21_add192_err_0.0184631_size_1799_depth_28,D0,,,,,
width192__21_add192_err_0.0184631_size_1799_depth_28__MED__D1,192,21_add192_err_0.0184631_size_1799_depth_28,D1,,,,,
width192__21_add192_err_0.0184631_size_1799_depth_28__MED__D2,192,21_add192_err_0.0184631_size_1799_depth_28,D2,,,,,
width192__21_add192_err_0.0184631_size_1799_depth_28__MED__D3,192,21_add192_err_0.0184631_size_1799_depth_28,D3,,,,,
width192__21_add192_err_0.0184631_size_1799_depth_28__MED__D4,192,21_add192_err_0.0184631_size_1799_depth_28,D4,,,,,
width192__21_add192_err_0.0184631_size_1799_depth_28__MED__D5,192,21_add192_err_0.0184631_size_1799_depth_28,D5,,,,,
width192__25_add192_err_0.0267792_size_1775_depth_28__MED__D0,192,25_add192_err_0.0267792_size_1775_depth_28,D0,,,,,
width192__25_add192_err_0.0267792_size_1775_depth_28__MED__D1,192,25_add192_err_0.0267792_size_1775_depth_28,D1,,,,,
width192__25_add192_err_0.0267792_size_1775_depth_28__MED__D2,192,25_add192_err_0.0267792_size_1775_depth_28,D2,,,,,
width192__25_add192_err_0.0267792_size_1775_depth_28__MED__D3,192,25_add192_err_0.0267792_size_1775_depth_28,D3,,,,,
width192__25_add192_err_0.0267792_size_1775_depth_28__MED__D4,192,25_add192_err_0.0267792_size_1775_depth_28,D4,,,,,
width192__25_add192_err_0.0267792_size_1775_depth_28__MED__D5,192,25_add192_err_0.0267792_size_1775_depth_28,D5,,,,,
width192__28_add192_err_0.0333099_size_1758_depth_28__MED__D0,192,28_add192_err_0.0333099_size_1758_depth_28,D0,95780971304118053647396689196894323976171195136475135/2,95780971304118053647396689196894323976171195136475135/2,True,True,True
width192__28_add192_err_0.0333099_size_1758_depth_28__MED__D1,192,28_add192_err_0.0333099_size_1758_depth_28,D1,8265767297233206569903177573228741785137073595006359448504307/8589934592,8265767297233206569903177573228741785137073595006359448504307/8589934592,True,True,True
width192__28_add192_err_0.0333099_size_1758_depth_28__MED__D2,192,28_add192_err_0.0333099_size_1758_depth_28,D2,74391905675098859129128598159058676066233662355057235036538763/8589934592,74391905675098859129128598159058676066233662355057235036538763/8589934592,True,True,True
width192__28_add192_err_0.0333099_size_1758_depth_28__MED__D3,192,28_add192_err_0.0333099_size_1758_depth_28,D3,56357504299317317522067119817468693989570956329588814421620275/8589934592,56357504299317317522067119817468693989570956329588814421620275/8589934592,True,True,True
width192__28_add192_err_0.0333099_size_1758_depth_28__MED__D4,192,28_add192_err_0.0333099_size_1758_depth_28,D4,2404476005817870602995643748621717359210903426303986948112109375/8589934592,2404476005817870602995643748621717359210903426303986948112109375/8589934592,True,True,True
width192__28_add192_err_0.0333099_size_1758_depth_28__MED__D5,192,28_add192_err_0.0333099_size_1758_depth_28,D5,2404476005817870602995643748621717359210903426303986948112109375/8589934592,2404476005817870602995643748621717359210903426303986948112109375/8589934592,True,True,True
width192__30_add192_err_0.0512085_size_1751_depth_28__MED__D0,192,30_add192_err_0.0512085_size_1751_depth_28,D0,,254629497041810760783555711049019272840773303536250357319770624082480796796607935789288465/5316911983139663491615228241121378304,False,False,True
width192__30_add192_err_0.0512085_size_1751_depth_28__MED__D1,192,30_add192_err_0.0512085_size_1751_depth_28,D1,,38825543992013012074039009460501751203843321582435498785546059580486570585947203085735527146271241900957804720890923124038260396144191811643074890269671329682594212133873/40347654345107946713373737062547060536401653012956617387979052445947619094013143666088208645002153616185987062074179584,False,False,True
width192__30_add192_err_0.0512085_size_1751_depth_28__MED__D2,192,30_add192_err_0.0512085_size_1751_depth_28,D2,,349429895928117108666351085144511753560683677608826186381077649521666008731715893142851006755527201155431718109791154219156579784371617437753233686775690870718757760023997/40347654345107946713373737062547060536401653012956617387979052445947619094013143666088208645002153616185987062074179584,False,False,True
width192__30_add192_err_0.0512085_size_1751_depth_28__MED__D3,192,30_add192_err_0.0512085_size_1751_depth_28,D3,,264719618127361445959356882682756551997730920147092627972562757821117076359692346036079948106860851268189646637699357890907210689556855906567800907676965657946667222198225/40347654345107946713373737062547060536401653012956617387979052445947619094013143666088208645002153616185987062074179584,False,False,True
width192__30_add192_err_0.0512085_size_1751_depth_28__MED__D4,192,30_add192_err_0.0512085_size_1751_depth_28,D4,,11293177128590286605054538347557180764142355218746687852363080361569159199797114328013680163640915423583843428604000819182031692950134518766323780287457676162756685171920375/40347654345107946713373737062547060536401653012956617387979052445947619094013143666088208645002153616185987062074179584,False,False,True
width192__30_add192_err_0.0512085_size_1751_depth_28__MED__D5,192,30_add192_err_0.0512085_size_1751_depth_28,D5,,11293177128590286605054538347557180764142355218746687852363080361569159199797114328013680163640915423583843428604000819182031692950134518766323780287457676162756685171920375/40347654345107946713373737062547060536401653012956617387979052445947619094013143666088208645002153616185987062074179584,False,False,True
width192__3_add192_err_0_size_1935_depth_28__MED__D0,192,3_add192_err_0_size_1935_depth_28,D0,1208925819614629174706175/2,1208925819614629174706175/2,True,True,True
width192__3_add192_err_0_size_1935_depth_28__MED__D1,192,3_add192_err_0_size_1935_depth_28,D1,824623806418171188788826309934652323814144515095675878890035/680564733841876926926749214863536422912,824623806418171188788826309934652323814144515095675878890035/680564733841876926926749214863536422912,True,True,True
width192__3_add192_err_0_size_1935_depth_28__MED__D2,192,3_add192_err_0_size_1935_depth_28,D2,7421614257763540699099436789411870914327300635861082910010315/680564733841876926926749214863536422912,7421614257763540699099436789411870914327300635861082910010315/680564733841876926926749214863536422912,True,True,True
width192__3_add192_err_0_size_1935_depth_28__MED__D3,192,3_add192_err_0_size_1935_depth_28,D3,5622435043760258105378361204099902207823712602925062810613875/680564733841876926926749214863536422912,5622435043760258105378361204099902207823712602925062810613875/680564733841876926926749214863536422912,True,True,True
width192__3_add192_err_0_size_1935_depth_28__MED__D4,192,3_add192_err_0_size_1935_depth_28,D4,14607316447019829761713275367085350537488340948045029144287109375/680564733841876926926749214863536422912,14607316447019829761713275367085350537488340948045029144287109375/680564733841876926926749214863536422912,True,True,True
width192__3_add192_err_0_size_1935_depth_28__MED__D5,192,3_add192_err_0_size_1935_depth_28,D5,14607316447019829761713275367085350537488340948045029144287109375/680564733841876926926749214863536422912,14607316447019829761713275367085350537488340948045029144287109375/680564733841876926926749214863536422912,True,True,True
width192__6_add192_err_0_size_1912_depth_28__MED__D0,192,6_add192_err_0_size_1912_depth_28,D0,340282366920938463463374607431768211455/2,340282366920938463463374607431768211455/2,True,True,True
width192__6_add192_err_0_size_1912_depth_28__MED__D1,192,6_add192_err_0_size_1912_depth_28,D1,232110966706608053461198421304718720938392124625228040258312742424630909491/680564733841876926926749214863536422912,232110966706608053461198421304718720938392124625228040258312742424630909491/680564733841876926926749214863536422912,True,True,True
width192__6_add192_err_0_size_1912_depth_28__MED__D2,192,6_add192_err_0_size_1912_depth_28,D2,2088998700359472481150785791742468488445529121627052362324814681821678185419/680564733841876926926749214863536422912,2088998700359472481150785791742468488445529121627052362324814681821678185419/680564733841876926926749214863536422912,True,True,True
width192__6_add192_err_0_size_1912_depth_28__MED__D3,192,6_add192_err_0_size_1912_depth_28,D3,1582574772999600364508171054350354915489037213353827547215768698349756201075/680564733841876926926749214863536422912,1582574772999600364508171054350354915489037213353827547215768698349756201075/680564733841876926926749214863536422912,True,True,True
width192__6_add192_err_0_size_1912_depth_28__MED__D4,192,6_add192_err_0_size_1912_depth_28,D4,4111594056729584308458835469663758315404969815950643738422350925029144287109375/680564733841876926926749214863536422912,4111594056729584308458835469663758315404969815950643738422350925029144287109375/680564733841876926926749214863536422912,True,True,True
width192__6_add192_err_0_size_1912_depth_28__MED__D5,192,6_add192_err_0_size_1912_depth_28,D5,4111594056729584308458835469663758315404969815950643738422350925029144287109375/680564733841876926926749214863536422912,4111594056729584308458835469663758315404969815950643738422350925029144287109375/680564733841876926926749214863536422912,True,True,True
width32__10_add32_err_0.197418_size_259_depth_14__MED__D0,32,10_add32_err_0.197418_size_259_depth_14,D0,70372513006515/8388608,70372513006515/8388608,True,True,True
width32__10_add32_err_0.197418_size_259_depth_14__MED__D1,32,10_add32_err_0.197418_size_259_depth_14,D1,335642710152844051464344832729/604462909807314587353088,335642710152844051464344832729/604462909807314587353088,True,True,True
width32__10_add32_err_0.197418_size_259_depth_14__MED__D2,32,10_add32_err_0.197418_size_259_depth_14,D2,3019461554881551198806126494713/604462909807314587353088,3019461554881551198806126494713/604462909807314587353088,True,True,True
width32__10_add32_err_0.197418_size_259_depth_14__MED__D3,32,10_add32_err_0.197418_size_259_depth_14,D3,2287565906310119538837452921625/604462909807314587353088,2287565906310119538837452921625/604462909807314587353088,True,True,True
width32__10_add32_err_0.197418_size_259_depth_14__MED__D4,32,10_add32_err_0.197418_size_259_depth_14,D4,11190970432690239284357327909625/604462909807314587353088,11190970432690239284357327909625/604462909807314587353088,True,True,True
width32__10_add32_err_0.197418_size_259_depth_14__MED__D5,32,10_add32_err_0.197418_size_259_depth_14,D5,11190970432690239284357327909625/604462909807314587353088,11190970432690239284357327909625/604462909807314587353088,True,True,True
width32__11_add32_err_0.223526_size_257_depth_14__MED__D0,32,11_add32_err_0.223526_size_257_depth_14,D0,70429482691473/8388608,70429482691473/8388608,True,True,True
width32__11_add32_err_0.223526_size_257_depth_14__MED__D1,32,11_add32_err_0.223526_size_257_depth_14,D1,337907140564794042639726744399/604462909807314587353088,337907140564794042639726744399/604462909807314587353088,True,True,True
width32__11_add32_err_0.223526_size_257_depth_14__MED__D2,32,11_add32_err_0.223526_size_257_depth_14,D2,3019224571887990247605607472127/604462909807314587353088,3019224571887990247605607472127/604462909807314587353088,True,True,True
width32__11_add32_err_0.223526_size_257_depth_14__MED__D3,32,11_add32_err_0.223526_size_257_depth_14,D3,2288894295380389280163238944015/604462909807314587353088,2288894295380389280163238944015/604462909807314587353088,True,True,True
width32__11_add32_err_0.223526_size_257_depth_14__MED__D4,32,11_add32_err_0.223526_size_257_depth_14,D4,11208330680277183266963588892375/604462909807314587353088,11208330680277183266963588892375/604462909807314587353088,True,True,True
width32__11_add32_err_0.223526_size_257_depth_14__MED__D5,32,11_add32_err_0.223526_size_257_depth_14,D5,11208330680277183266963588892375/604462909807314587353088,11208330680277183266963588892375/604462909807314587353088,True,True,True
width32__12_add32_err_0.25061_size_254_depth_14__MED__D0,32,12_add32_err_0.25061_size_254_depth_14,D0,142738602073011/16777216,142738602073011/16777216,True,True,True
width32__12_add32_err_0.25061_size_254_depth_14__MED__D1,32,12_add32_err_0.25061_size_254_depth_14,D1,748499255821690629224459935653/1208925819614629174706176,748499255821690629224459935653/1208925819614629174706176,True,True,True
width32__12_add32_err_0.25061_size_254_depth_14__MED__D2,32,12_add32_err_0.25061_size_254_depth_14,D2,6031090533392465409393127909965/1208925819614629174706176,6031090533392465409393127909965/1208925819614629174706176,True,True,True
width32__12_add32_err_0.25061_size_254_depth_14__MED__D3,32,12_add32_err_0.25061_size_254_depth_14,D3,4621461948415269632538392116005/1208925819614629174706176,4621461948415269632538392116005/1208925819614629174706176,True,True,True
width32__12_add32_err_0.25061_size_254_depth_14__MED__D4,32,12_add32_err_0.25061_size_254_depth_14,D4,22986317462643365971707474779625/1208925819614629174706176,22986317462643365971707474779625/1208925819614629174706176,True,True,True
width32__12_add32_err_0.25061_size_254_depth_14__MED__D5,32,12_add32_err_0.25061_size_254_depth_14,D5,22986317462643365971707474779625/1208925819614629174706176,22986317462643365971707474779625/1208925819614629174706176,True,True,True
width32__14_add32_err_0.295059_size_249_depth_14__MED__D0,32,14_add32_err_0.295059_size_249_depth_14,D0,562950325373163/33554432,562950325373163/33554432,True,True,True
width32__14_add32_err_0.295059_size_249_depth_14__MED__D1,32,14_add32_err_0.295059_size_249_depth_14,D1,32207713235470258135737444891873/2417851639229258349412352,32207713235470258135737444891873/2417851639229258349412352,True,True,True
width32__14_add32_err_0.295059_size_249_depth_14__MED__D2,32,14_add32_err_0.295059_size_249_depth_14,D2,3578648036938727013160209386001/2417851639229258349412352,3578648036938727013160209386001/2417851639229258349412352,True,True,True
width32__14_add32_err_0.295059_size_249_depth_14__MED__D3,32,14_add32_err_0.295059_size_249_depth_14,D3,24399789866995236113175836230305/2417851639229258349412352,24399789866995236113175836230305/2417851639229258349412352,True,True,True
width32__14_add32_err_0.295059_size_249_depth_14__MED__D4,32,14_add32_err_0.295059_size_249_depth_14,D4,71615062515364968960329090005625/2417851639229258349412352,71615062515364968960329090005625/2417851639229258349412352,True,True,True
width32__14_add32_err_0.295059_size_249_depth_14__MED__D5,32,14_add32_err_0.295059_size_249_depth_14,D5,71615062515364968960329090005625/2417851639229258349412352,71615062515364968960329090005625/2417851639229258349412352,True,True,True
width32__1_add32_err_0_size_310_depth_20__MED__D0,32,1_add32_err_0_size_310_depth_20,D0,65535/2,65535/2,True,True,True
width32__1_add32_err_0_size_310_depth_20__MED__D1,32,1_add32_err_0_size_310_depth_20,D1,2423314587584983541427/36893488147419103232,2423314587584983541427/36893488147419103232,True,True,True
width32__1_add32_err_0_size_310_depth_20__MED__D2,32,1_add32_err_0_size_310_depth_20,D2,21809831288264851872843/36893488147419103232,21809831288264851872843/36893488147419103232,True,True,True
width32__1_add32_err_0_size_310_depth_20__MED__D3,32,1_add32_err_0_size_310_depth_20,D3,16522599460806705964275/36893488147419103232,16522599460806705964275/36893488147419103232,True,True,True
width32__1_add32_err_0_size_310_depth_20__MED__D4,32,1_add32_err_0_size_310_depth_20,D4,42926389895634613037109375/36893488147419103232,42926389895634613037109375/36893488147419103232,True,True,True
width32__1_add32_err_0_size_310_depth_20__MED__D5,32,1_add32_err_0_size_310_depth_20,D5,42926389895634613037109375/36893488147419103232,42926389895634613037109375/36893488147419103232,True,True,True
width32__3_add32_err_0.00389099_size_290_depth_17__MED__D0,32,3_add32_err_0.00389099_size_290_depth_17,D0,65535/2,65535/2,True,True,True
width32__3_add32_err_0.00389099_size_290_depth_17__MED__D1,32,3_add32_err_0.00389099_size_290_depth_17,D1,5655658547187/8589934592,5655658547187/8589934592,True,True,True
width32__3_add32_err_0.00389099_size_290_depth_17__MED__D2,32,3_add32_err_0.00389099_size_290_depth_17,D2,50900926924683/8589934592,50900926924683/8589934592,True,True,True
width32__3_add32_err_0.00389099_size_290_depth_17__MED__D3,32,3_add32_err_0.00389099_size_290_depth_17,D3,38561308276275/8589934592,38561308276275/8589934592,True,True,True
width32__3_add32_err_0.00389099_size_290_depth_17__MED__D4,32,3_add32_err_0.00389099_size_290_depth_17,D4,1645060112109375/8589934592,1645060112109375/8589934592,True,True,True
width32__3_add32_err_0.00389099_size_290_depth_17__MED__D5,32,3_add32_err_0.00389099_size_290_depth_17,D5,1645060112109375/8589934592,1645060112109375/8589934592,True,True,True
width32__4_add32_err_0.0318451_size_286_depth_17__MED__D0,32,4_add32_err_0.0318451_size_286_depth_17,D0,65535/2,65535/2,True,True,True
width32__4_add32_err_0.0318451_size_286_depth_17__MED__D1,32,4_add32_err_0.0318451_size_286_depth_17,D1,17827129119987/8589934592,17827129119987/8589934592,True,True,True
width32__4_add32_err_0.0318451_size_286_depth_17__MED__D2,32,4_add32_err_0.0318451_size_286_depth_17,D2,160444162079883/8589934592,160444162079883/8589934592,True,True,True
width32__4_add32_err_0.0318451_size_286_depth_17__MED__D3,32,4_add32_err_0.0318451_size_286_depth_17,D3,121548607636275/8589934592,121548607636275/8589934592,True,True,True
width32__4_add32_err_0.0318451_size_286_depth_17__MED__D4,32,4_add32_err_0.0318451_size_286_depth_17,D4,677595779469375/8589934592,677595779469375/8589934592,True,True,True
width32__4_add32_err_0.0318451_size_286_depth_17__MED__D5,32,4_add32_err_0.0318451_size_286_depth_17,D5,677595779469375/8589934592,677595779469375/8589934592,True,True,True
width32__5_add32_err_0.0593414_size_282_depth_17__MED__D0,32,5_add32_err_0.0593414_size_282_depth_17,D0,65535/2,65535/2,True,True,True
width32__5_add32_err_0.0593414_size_282_depth_17__MED__D1,32,5_add32_err_0.0593414_size_282_depth_17,D1,18573094278387/8589934592,18573094278387/8589934592,True,True,True
width32__5_add32_err_0.0593414_size_282_depth_17__MED__D2,32,5_add32_err_0.0593414_size_282_depth_17,D2,167157848505483/8589934592,167157848505483/8589934592,True,True,True
width32__5_add32_err_0.0593414_size_282_depth_17__MED__D3,32,5_add32_err_0.0593414_size_282_depth_17,D3,126634733716275/8589934592,126634733716275/8589934592,True,True,True
width32__5_add32_err_0.0593414_size_282_depth_17__MED__D4,32,5_add32_err_0.0593414_size_282_depth_17,D4,625134252429375/8589934592,625134252429375/8589934592,True,True,True
width32__5_add32_err_0.0593414_size_282_depth_17__MED__D5,32,5_add32_err_0.0593414_size_282_depth_17,D5,625134252429375/8589934592,625134252429375/8589934592,True,True,True
width32__7_add32_err_0.114944_size_273_depth_17__MED__D0,32,7_add32_err_0.114944_size_273_depth_17,D0,16777215/2,16777215/2,True,True,True
width32__7_add32_err_0.114944_size_273_depth_17__MED__D1,32,7_add32_err_0.114944_size_273_depth_17,D1,4767651577451763/8589934592,4767651577451763/8589934592,True,True,True
width32__7_add32_err_0.114944_size_273_depth_17__MED__D2,32,7_add32_err_0.114944_size_273_depth_17,D2,42908864197065867/8589934592,42908864197065867/8589934592,True,True,True
width32__7_add32_err_0.114944_size_273_depth_17__MED__D3,32,7_add32_err_0.114944_size_273_depth_17,D3,32506715300807475/8589934592,32506715300807475/8589934592,True,True,True
width32__7_add32_err_0.114944_size_273_depth_17__MED__D4,32,7_add32_err_0.114944_size_273_depth_17,D4,159020843774349375/8589934592,159020843774349375/8589934592,True,True,True
width32__7_add32_err_0.114944_size_273_depth_17__MED__D5,32,7_add32_err_0.114944_size_273_depth_17,D5,159020843774349375/8589934592,159020843774349375/8589934592,True,True,True
width32__8_add32_err_0.14183_size_268_depth_17__MED__D0,32,8_add32_err_0.14183_size_268_depth_17,D0,16777215/2,16777215/2,True,True,True
width32__8_add32_err_0.14183_size_268_depth_17__MED__D1,32,8_add32_err_0.14183_size_268_depth_17,D1,18623824696323/33554432,18623824696323/33554432,True,True,True
width32__8_add32_err_0.14183_size_268_depth_17__MED__D2,32,8_add32_err_0.14183_size_268_depth_17,D2,167614422266907/33554432,167614422266907/33554432,True,True,True
width32__8_add32_err_0.14183_size_268_depth_17__MED__D3,32,8_add32_err_0.14183_size_268_depth_17,D3,126980622929475/33554432,126980622929475/33554432,True,True,True
width32__8_add32_err_0.14183_size_268_depth_17__MED__D4,32,8_add32_err_0.14183_size_268_depth_17,D4,621160408659375/33554432,621160408659375/33554432,True,True,True
width32__8_add32_err_0.14183_size_268_depth_17__MED__D5,32,8_add32_err_0.14183_size_268_depth_17,D5,621160408659375/33554432,621160408659375/33554432,True,True,True
width64__10_add64_err_0.0665131_size_574_depth_22__MED__D0,64,10_add64_err_0.0665131_size_574_depth_22,D0,1099511627775/2,1099511627775/2,True,True,True
width64__10_add64_err_0.0665131_size_574_depth_22__MED__D1,64,10_add64_err_0.0665131_size_574_depth_22,D1,111362777083711706355/8589934592,111362777083711706355/8589934592,True,True,True
width64__10_add64_err_0.0665131_size_574_depth_22__MED__D2,64,10_add64_err_0.0665131_size_574_depth_22,D2,1002264993753405357195/8589934592,1002264993753405357195/8589934592,True,True,True
width64__10_add64_err_0.0665131_size_574_depth_22__MED__D3,64,10_add64_err_0.0665131_size_574_depth_22,D3,759291661934397997875/8589934592,759291661934397997875/8589934592,True,True,True
width64__10_add64_err_0.0665131_size_574_depth_22__MED__D4,64,10_add64_err_0.0665131_size_574_depth_22,D4,24570966489770258829375/8589934592,24570966489770258829375/8589934592,True,True,True
width64__10_add64_err_0.0665131_size_574_depth_22__MED__D5,64,10_add64_err_0.0665131_size_574_depth_22,D5,24570966489770258829375/8589934592,24570966489770258829375/8589934592,True,True,True
width64__11_add64_err_0.0929413_size_571_depth_22__MED__D0,64,11_add64_err_0.0929413_size_571_depth_22,D0,1099511627775/2,1099511627775/2,True,True,True
width64__11_add64_err_0.0929413_size_571_depth_22__MED__D1,64,11_add64_err_0.0929413_size_571_depth_22,D1,111362777829676864755/8589934592,111362777829676864755/8589934592,True,True,True
width64__11_add64_err_0.0929413_size_571_depth_22__MED__D2,64,11_add64_err_0.0929413_size_571_depth_22,D2,1002265000467091782795/8589934592,1002265000467091782795/8589934592,True,True,True
width64__11_add64_err_0.0929413_size_571_depth_22__MED__D3,64,11_add64_err_0.0929413_size_571_depth_22,D3,759291667020524077875/8589934592,759291667020524077875/8589934592,True,True,True
width64__11_add64_err_0.0929413_size_571_depth_22__MED__D4,64,11_add64_err_0.0929413_size_571_depth_22,D4,24570966437308731789375/8589934592,24570966437308731789375/8589934592,True,True,True
width64__11_add64_err_0.0929413_size_571_depth_22__MED__D5,64,11_add64_err_0.0929413_size_571_depth_22,D5,24570966437308731789375/8589934592,24570966437308731789375/8589934592,True,True,True
width64__1_add64_err_0_size_630_depth_22__MED__D0,64,1_add64_err_0_size_630_depth_22,D0,65535/2,65535/2,True,True,True
width64__1_add64_err_0_size_630_depth_22__MED__D1,64,1_add64_err_0_size_630_depth_22,D1,2423314587584983541427/36893488147419103232,2423314587584983541427/36893488147419103232,True,True,True
width64__1_add64_err_0_size_630_depth_22__MED__D2,64,1_add64_err_0_size_630_depth_22,D2,21809831288264851872843/36893488147419103232,21809831288264851872843/36893488147419103232,True,True,True
width64__1_add64_err_0_size_630_depth_22__MED__D3,64,1_add64_err_0_size_630_depth_22,D3,16522599460806705964275/36893488147419103232,16522599460806705964275/36893488147419103232,True,True,True
width64__1_add64_err_0_size_630_depth_22__MED__D4,64,1_add64_err_0_size_630_depth_22,D4,42926389895634613037109375/36893488147419103232,42926389895634613037109375/36893488147419103232,True,True,True
width64__1_add64_err_0_size_630_depth_22__MED__D5,64,1_add64_err_0_size_630_depth_22,D5,42926389895634613037109375/36893488147419103232,42926389895634613037109375/36893488147419103232,True,True,True
width64__2_add64_err_1.52588e-05_size_616_depth_22__MED__D0,64,2_add64_err_1.52588e-05_size_616_depth_22,D0,4294967295/2,4294967295/2,True,True,True
width64__2_add64_err_1.52588e-05_size_616_depth_22__MED__D1,64,2_add64_err_1.52588e-05_size_616_depth_22,D1,158816768126557066354501299/36893488147419103232,158816768126557066354501299/36893488147419103232,True,True,True
width64__2_add64_err_1.52588e-05_size_616_depth_22__MED__D2,64,2_add64_err_1.52588e-05_size_616_depth_22,D2,1429350913139013597190511691/36893488147419103232,1429350913139013597190511691/36893488147419103232,True,True,True
width64__2_add64_err_1.52588e-05_size_616_depth_22__MED__D3,64,2_add64_err_1.52588e-05_size_616_depth_22,D3,1082841600862889088780690675/36893488147419103232,1082841600862889088780690675/36893488147419103232,True,True,True
width64__2_add64_err_1.52588e-05_size_616_depth_22__MED__D4,64,2_add64_err_1.52588e-05_size_616_depth_22,D4,2813266814590205634613037109375/36893488147419103232,2813266814590205634613037109375/36893488147419103232,True,True,True
width64__2_add64_err_1.52588e-05_size_616_depth_22__MED__D5,64,2_add64_err_1.52588e-05_size_616_depth_22,D5,2813266814590205634613037109375/36893488147419103232,2813266814590205634613037109375/36893488147419103232,True,True,True
width64__3_add64_err_0.00190735_size_612_depth_22__MED__D0,64,3_add64_err_0.00190735_size_612_depth_22,D0,4294967295/2,4294967295/2,True,True,True
width64__3_add64_err_0.00190735_size_612_depth_22__MED__D1,64,3_add64_err_0.00190735_size_612_depth_22,D1,164948951486448996004472499/36893488147419103232,164948951486448996004472499/36893488147419103232,True,True,True
width64__3_add64_err_0.00190735_size_612_depth_22__MED__D2,64,3_add64_err_0.00190735_size_612_depth_22,D2,1484540563378040964040252491/36893488147419103232,1484540563378040964040252491/36893488147419103232,True,True,True
width64__3_add64_err_0.00190735_size_612_depth_22__MED__D3,64,3_add64_err_0.00190735_size_612_depth_22,D3,1124651941953061336394130675/36893488147419103232,1124651941953061336394130675/36893488147419103232,True,True,True
width64__3_add64_err_0.00190735_size_612_depth_22__MED__D4,64,3_add64_err_0.00190735_size_612_depth_22,D4,2751058418230866589774637109375/36893488147419103232,2751058418230866589774637109375/36893488147419103232,True,True,True
width64__3_add64_err_0.00190735_size_612_depth_22__MED__D5,64,3_add64_err_0.00190735_size_612_depth_22,D5,2751058418230866589774637109375/36893488147419103232,2751058418230866589774637109375/36893488147419103232,True,True,True
width64__4_add64_err_0.00386047_size_605_depth_22__MED__D0,64,4_add64_err_0.00386047_size_605_depth_22,D0,4294967295/2,4294967295/2,True,True,True
width64__4_add64_err_0.00386047_size_605_depth_22__MED__D1,64,4_add64_err_0.00386047_size_605_depth_22,D1,2517253631374100834259/562949953421312,2517253631374100834259/562949953421312,True,True,True
width64__4_add64_err_0.00386047_size_605_depth_22__MED__D2,64,4_add64_err_0.00386047_size_605_depth_22,D2,22655282682366907508331/562949953421312,22655282682366907508331/562949953421312,True,True,True
width64__4_add64_err_0.00386047_size_605_depth_22__MED__D3,64,4_add64_err_0.00386047_size_605_depth_22,D3,17163092941187051142675/562949953421312,17163092941187051142675/562949953421312,True,True,True
width64__4_add64_err_0.00386047_size_605_depth_22__MED__D4,64,4_add64_err_0.00386047_size_605_depth_22,D4,41977274989229198424609375/562949953421312,41977274989229198424609375/562949953421312,True,True,True
width64__4_add64_err_0.00386047_size_605_depth_22__MED__D5,64,4_add64_err_0.00386047_size_605_depth_22,D5,41977274989229198424609375/562949953421312,41977274989229198424609375/562949953421312,True,True,True
width64__5_add64_err_0.0058136_size_596_depth_22__MED__D0,64,5_add64_err_0.0058136_size_596_depth_22,D0,4294967295/2,4294967295/2,True,True,True
width64__5_add64_err_0.0058136_size_596_depth_22__MED__D1,64,5_add64_err_0.0058136_size_596_depth_22,D1,38410261981272819/8589934592,38410261981272819/8589934592,True,True,True
width64__5_add64_err_0.0058136_size_596_depth_22__MED__D2,64,5_add64_err_0.0058136_size_596_depth_22,D2,345692357831455371/8589934592,345692357831455371/8589934592,True,True,True
width64__5_add64_err_0.0058136_size_596_depth_22__MED__D3,64,5_add64_err_0.0058136_size_596_depth_22,D3,261888149872314675/8589934592,261888149872314675/8589934592,True,True,True
width64__5_add64_err_0.0058136_size_596_depth_22__MED__D4,64,5_add64_err_0.0058136_size_596_depth_22,D4,640522352727212109375/8589934592,640522352727212109375/8589934592,True,True,True
width64__5_add64_err_0.0058136_size_596_depth_22__MED__D5,64,5_add64_err_0.0058136_size_596_depth_22,D5,640522352727212109375/8589934592,640522352727212109375/8589934592,True,True,True
width64__6_add64_err_0.00787354_size_594_depth_22__MED__D0,64,6_add64_err_0.00787354_size_594_depth_22,D0,4294967295/2,4294967295/2,True,True,True
width64__6_add64_err_0.00787354_size_594_depth_22__MED__D1,64,6_add64_err_0.00787354_size_594_depth_22,D1,370654894206994419/8589934592,370654894206994419/8589934592,True,True,True
width64__6_add64_err_0.00787354_size_594_depth_22__MED__D2,64,6_add64_err_0.00787354_size_594_depth_22,D2,3335894047862949771/8589934592,3335894047862949771/8589934592,True,True,True
width64__6_add64_err_0.00787354_size_594_depth_22__MED__D3,64,6_add64_err_0.00787354_size_594_depth_22,D3,2527192460502234675/8589934592,2527192460502234675/8589934592,True,True,True
width64__6_add64_err_0.00787354_size_594_depth_22__MED__D4,64,6_add64_err_0.00787354_size_594_depth_22,D4,107812304567312109375/8589934592,107812304567312109375/8589934592,True,True,True
width64__6_add64_err_0.00787354_size_594_depth_22__MED__D5,64,6_add64_err_0.00787354_size_594_depth_22,D5,107812304567312109375/8589934592,107812304567312109375/8589934592,True,True,True
width64__7_add64_err_0.0100861_size_585_depth_22__MED__D0,64,7_add64_err_0.0100861_size_585_depth_22,D0,1099511627775/2,1099511627775/2,True,True,True
width64__7_add64_err_0.0100861_size_585_depth_22__MED__D1,64,7_add64_err_0.0100861_size_585_depth_22,D1,94887652938997024755/8589934592,94887652938997024755/8589934592,True,True,True
width64__7_add64_err_0.0100861_size_585_depth_22__MED__D2,64,7_add64_err_0.0100861_size_585_depth_22,D2,853988876450973222795/8589934592,853988876450973222795/8589934592,True,True,True
width64__7_add64_err_0.0100861_size_585_depth_22__MED__D3,64,7_add64_err_0.0100861_size_585_depth_22,D3,646961270038616077875/8589934592,646961270038616077875/8589934592,True,True,True
width64__7_add64_err_0.0100861_size_585_depth_22__MED__D4,64,7_add64_err_0.0100861_size_585_depth_22,D4,27599949975632912109375/8589934592,27599949975632912109375/8589934592,True,True,True
width64__7_add64_err_0.0100861_size_585_depth_22__MED__D5,64,7_add64_err_0.0100861_size_585_depth_22,D5,27599949975632912109375/8589934592,27599949975632912109375/8589934592,True,True,True
width64__8_add64_err_0.0155334_size_581_depth_22__MED__D0,64,8_add64_err_0.0155334_size_581_depth_22,D0,19021508305291115775/33554432,19021508305291115775/33554432,True,True,True
width64__8_add64_err_0.0155334_size_581_depth_22__MED__D1,64,8_add64_err_0.0155334_size_581_depth_22,D1,569243895130275989307864320776456141516215/40564819207303340847894502572032,569243895130275989307864320776456141516215/40564819207303340847894502572032,True,True,True
width64__8_add64_err_0.0155334_size_581_depth_22__MED__D2,64,8_add64_err_0.0155334_size_581_depth_22,D2,4032369611027827894523648086423137396586215/40564819207303340847894502572032,4032369611027827894523648086423137396586215/40564819207303340847894502572032,True,True,True
width64__8_add64_err_0.0155334_size_581_depth_22__MED__D3,64,8_add64_err_0.0155334_size_581_depth_22,D3,3087880737923701398144290831071850115031095/40564819207303340847894502572032,3087880737923701398144290831071850115031095/40564819207303340847894502572032,True,True,True
width64__8_add64_err_0.0155334_size_581_depth_22__MED__D4,64,8_add64_err_0.0155334_size_581_depth_22,D4,142126301082618173239796101608345101325609375/40564819207303340847894502572032,142126301082618173239796101608345101325609375/40564819207303340847894502572032,True,True,True
width64__8_add64_err_0.0155334_size_581_depth_22__MED__D5,64,8_add64_err_0.0155334_size_581_depth_22,D5,142126301082618173239796101608345101325609375/40564819207303340847894502572032,142126301082618173239796101608345101325609375/40564819207303340847894502572032,True,True,True
width8__1_add8_err_0.0299377_size_63_depth_12__MED__D0,8,1_add8_err_0.0299377_size_63_depth_12,D0,15/2,15/2,True,True,True
width8__1_add8_err_0.0299377_size_63_depth_12__MED__D1,8,1_add8_err_0.0299377_size_63_depth_12,D1,65043/131072,65043/131072,True,True,True
width8__1_add8_err_0.0299377_size_63_depth_12__MED__D2,8,1_add8_err_0.0299377_size_63_depth_12,D2,585387/131072,585387/131072,True,True,True
width8__1_add8_err_0.0299377_size_63_depth_12__MED__D3,8,1_add8_err_0.0299377_size_63_depth_12,D3,443475/131072,443475/131072,True,True,True
width8__1_add8_err_0.0299377_size_63_depth_12__MED__D4,8,1_add8_err_0.0299377_size_63_depth_12,D4,2169375/131072,2169375/131072,True,True,True
width8__1_add8_err_0.0299377_size_63_depth_12__MED__D5,8,1_add8_err_0.0299377_size_63_depth_12,D5,2169375/131072,2169375/131072,True,True,True
width8__2_add8_err_0.11734_size_59_depth_10__MED__D0,8,2_add8_err_0.11734_size_59_depth_10,D0,15/2,15/2,True,True,True
width8__2_add8_err_0.11734_size_59_depth_10__MED__D1,8,2_add8_err_0.11734_size_59_depth_10,D1,7227/8192,7227/8192,True,True,True
width8__2_add8_err_0.11734_size_59_depth_10__MED__D2,8,2_add8_err_0.11734_size_59_depth_10,D2,65043/8192,65043/8192,True,True,True
width8__2_add8_err_0.11734_size_59_depth_10__MED__D3,8,2_add8_err_0.11734_size_59_depth_10,D3,49275/8192,49275/8192,True,True,True
width8__2_add8_err_0.11734_size_59_depth_10__MED__D4,8,2_add8_err_0.11734_size_59_depth_10,D4,86775/8192,86775/8192,True,True,True
width8__2_add8_err_0.11734_size_59_depth_10__MED__D5,8,2_add8_err_0.11734_size_59_depth_10,D5,86775/8192,86775/8192,True,True,True
width8__3_add8_err_0.188568_size_56_depth_8__MED__D0,8,3_add8_err_0.188568_size_56_depth_8,D0,15/2,15/2,True,True,True
width8__3_add8_err_0.188568_size_56_depth_8__MED__D1,8,3_add8_err_0.188568_size_56_depth_8,D1,495/512,495/512,True,True,True
width8__3_add8_err_0.188568_size_56_depth_8__MED__D2,8,3_add8_err_0.188568_size_56_depth_8,D2,4455/512,4455/512,True,True,True
width8__3_add8_err_0.188568_size_56_depth_8__MED__D3,8,3_add8_err_0.188568_size_56_depth_8,D3,3375/512,3375/512,True,True,True
width8__3_add8_err_0.188568_size_56_depth_8__MED__D4,8,3_add8_err_0.188568_size_56_depth_8,D4,4875/512,4875/512,True,True,True
width8__3_add8_err_0.188568_size_56_depth_8__MED__D5,8,3_add8_err_0.188568_size_56_depth_8,D5,4875/512,4875/512,True,True,True
width8__4_add8_err_0.269669_size_53_depth_7__MED__D0,8,4_add8_err_0.269669_size_53_depth_7,D0,29/4,29/4,True,True,True
width8__4_add8_err_0.269669_size_53_depth_7__MED__D1,8,4_add8_err_0.269669_size_53_depth_7,D1,123/128,123/128,True,True,True
width8__4_add8_err_0.269669_size_53_depth_7__MED__D2,8,4_add8_err_0.269669_size_53_depth_7,D2,1107/128,1107/128,True,True,True
width8__4_add8_err_0.269669_size_53_depth_7__MED__D3,8,4_add8_err_0.269669_size_53_depth_7,D3,843/128,843/128,True,True,True
width8__4_add8_err_0.269669_size_53_depth_7__MED__D4,8,4_add8_err_0.269669_size_53_depth_7,D4,1155/128,1155/128,True,True,True
width8__4_add8_err_0.269669_size_53_depth_7__MED__D5,8,4_add8_err_0.269669_size_53_depth_7,D5,1155/128,1155/128,True,True,True
width8__5_add8_err_0.325058_size_50_depth_7__MED__D0,8,5_add8_err_0.325058_size_50_depth_7,D0,27/4,27/4,True,True,True
width8__5_add8_err_0.325058_size_50_depth_7__MED__D1,8,5_add8_err_0.325058_size_50_depth_7,D1,117/128,117/128,True,True,True
width8__5_add8_err_0.325058_size_50_depth_7__MED__D2,8,5_add8_err_0.325058_size_50_depth_7,D2,1053/128,1053/128,True,True,True
width8__5_add8_err_0.325058_size_50_depth_7__MED__D3,8,5_add8_err_0.325058_size_50_depth_7,D3,789/128,789/128,True,True,True
width8__5_add8_err_0.325058_size_50_depth_7__MED__D4,8,5_add8_err_0.325058_size_50_depth_7,D4,1065/128,1065/128,True,True,True
width8__5_add8_err_0.325058_size_50_depth_7__MED__D5,8,5_add8_err_0.325058_size_50_depth_7,D5,1065/128,1065/128,True,True,True
width8__6_add8_err_0.400146_size_47_depth_7__MED__D0,8,6_add8_err_0.400146_size_47_depth_7,D0,15/4,15/4,True,True,True
width8__6_add8_err_0.400146_size_47_depth_7__MED__D1,8,6_add8_err_0.400146_size_47_depth_7,D1,21/32,21/32,True,True,True
width8__6_add8_err_0.400146_size_47_depth_7__MED__D2,8,6_add8_err_0.400146_size_47_depth_7,D2,189/32,189/32,True,True,True
width8__6_add8_err_0.400146_size_47_depth_7__MED__D3,8,6_add8_err_0.400146_size_47_depth_7,D3,141/32,141/32,True,True,True
width8__6_add8_err_0.400146_size_47_depth_7__MED__D4,8,6_add8_err_0.400146_size_47_depth_7,D4,15/4,15/4,True,True,True
width8__6_add8_err_0.400146_size_47_depth_7__MED__D5,8,6_add8_err_0.400146_size_47_depth_7,D5,15/4,15/4,True,True,True
width8__7_add8_err_0.453918_size_45_depth_7__MED__D0,8,7_add8_err_0.453918_size_45_depth_7,D0,19/4,19/4,True,True,True
width8__7_add8_err_0.453918_size_45_depth_7__MED__D1,8,7_add8_err_0.453918_size_45_depth_7,D1,57/64,57/64,True,True,True
width8__7_add8_err_0.453918_size_45_depth_7__MED__D2,8,7_add8_err_0.453918_size_45_depth_7,D2,513/64,513/64,True,True,True
width8__7_add8_err_0.453918_size_45_depth_7__MED__D3,8,7_add8_err_0.453918_size_45_depth_7,D3,297/64,297/64,True,True,True
width8__7_add8_err_0.453918_size_45_depth_7__MED__D4,8,7_add8_err_0.453918_size_45_depth_7,D4,285/64,285/64,True,True,True
width8__7_add8_err_0.453918_size_45_depth_7__MED__D5,8,7_add8_err_0.453918_size_45_depth_7,D5,285/64,285/64,True,True,True
