width,case_id,status,compile_wall_s,nnf_mb,nnf_nodes,d4_count
8,1_add8_err_0.0299377_size_63_depth_12,PASS,2.242,0.0011,32,1920
8,2_add8_err_0.11734_size_59_depth_10,PASS,0.158,0.001,30,480
8,3_add8_err_0.188568_size_56_depth_8,PASS,0.263,0.0013,37,768
8,4_add8_err_0.269669_size_53_depth_7,PASS,0.151,0.0023,57,1104
8,5_add8_err_0.325058_size_50_depth_7,PASS,0.153,0.0025,64,1328
8,6_add8_err_0.400146_size_47_depth_7,PASS,0.149,0.0018,48,408
8,7_add8_err_0.453918_size_45_depth_7,PASS,0.164,0.0019,51,464
12,add12u_054,PASS,0.31,0.0107,230,3756544
12,add12u_2MB,PASS,1.809,0.1159,1769,8388604
12,add12u_4FZ,PASS,0.125,0.0011,34,604
12,add12u_4R6,PASS,0.236,0.0023,57,2848
12,add12u_4RF,PASS,0.439,0.0061,145,1048576
12,add12u_4XD,PASS,0.278,0.0032,85,6016
12,add12u_4YK,PASS,0.145,0.0018,48,408
12,add12u_4YR,PASS,0.258,0.0061,138,8257536
16,10_add16_err_0.566452_size_105_depth_13,PASS,0.455,0.0156,355,9521920
16,1_add16_err_0.00215149_size_143_depth_16,PASS,0.21,0.005,124,8355840
16,2_add16_err_0.0311737_size_138_depth_13,PASS,0.422,0.0158,362,133693440
16,3_add16_err_0.0585022_size_127_depth_13,PASS,0.232,0.0061,136,983040
16,4_add16_err_0.125626_size_123_depth_13,PASS,0.705,0.0146,325,2128128
16,5_add16_err_0.204422_size_119_depth_13,PASS,0.676,0.0145,314,3452928
16,6_add16_err_0.298309_size_116_depth_13,PASS,0.576,0.0146,325,5044224
16,7_add16_err_0.386383_size_113_depth_13,PASS,0.37,0.0129,292,6516224
16,8_add16_err_0.458023_size_110_depth_13,PASS,0.524,0.0213,448,7694848
16,9_add16_err_0.507919_size_108_depth_13,PASS,0.455,0.0171,379,8519168
32,10_add32_err_0.197418_size_259_depth_14,PASS,2.569,0.1385,2555,14311467541069824
32,11_add32_err_0.223526_size_257_depth_14,PASS,1.256,0.0687,1174,16117920014794752
32,12_add32_err_0.25061_size_254_depth_14,PASS,1.592,0.0678,1202,17856666531790848
32,14_add32_err_0.295059_size_249_depth_14,PASS,1.749,0.0774,1419,21000170162356224
32,1_add32_err_0_size_310_depth_20,PASS,0.521,0.0211,461,140735340871680
32,3_add32_err_0.00389099_size_290_depth_17,PASS,0.876,0.0355,721,17523466567680
32,4_add32_err_0.0318451_size_286_depth_17,PASS,1.606,0.0273,597,36364615680
32,5_add32_err_0.0593414_size_282_depth_17,PASS,1.096,0.024,529,66563604480
32,7_add32_err_0.114944_size_273_depth_17,PASS,17.773,0.1118,2080,8390680321720320
32,8_add32_err_0.14183_size_268_depth_17,PASS,14.675,0.0769,1481,10306496621445120
64,10_add64_err_0.0665131_size_574_depth_22,PASS,46.992,0.4347,7611,5298703893612330278191104000
64,11_add64_err_0.0929413_size_571_depth_22,PASS,46.606,0.2988,5297,7398682564823155932030566400
64,1_add64_err_0_size_630_depth_22,PASS,1.6,0.0199,433,140735340871680
64,2_add64_err_1.52588e-05_size_616_depth_22,PASS,19.904,0.3517,6462,1208907372870555465154560
64,3_add64_err_0.00190735_size_612_depth_22,PASS,13.829,0.238,4241,155344597413866377272360960
64,4_add64_err_0.00386047_size_605_depth_22,PASS,47.641,0.8687,15702,309479111492871529860956160
64,5_add64_err_0.0058136_size_596_depth_22,PASS,16.963,0.3289,6046,462714010073287140059381760
64,6_add64_err_0.00787354_size_594_depth_22,PASS,12.353,0.2465,4087,9394112294821413519360
64,7_add64_err_0.0100861_size_585_depth_22,PASS,9.675,0.1912,3325,768891544109504397941145600
64,8_add64_err_0.0155334_size_581_depth_22,PASS,27.198,0.497,8903,1231614408664982914859008000
128,10_add128_err_0.00714111_size_1215_depth_27,PASS,80.795,1.64,26499,49632703015683615429667529505474791306764322557541744640
128,11_add128_err_0.00904846_size_1205_depth_27,PASS,26.344,0.5829,9503,4048284946967693628210557923327784684182958243156450586132480
128,13_add128_err_0.0129547_size_1191_depth_27,PASS,43.661,1.1605,17715,5769960106495272920897438978522764578622711179285685387520901120
128,15_add128_err_0.0169067_size_1176_depth_27,PASS,103.114,2.4226,36815,1890964438612250275609422260418566806500470307298553900530170593280
128,17_add128_err_0.0470276_size_1167_depth_27,PASS,80.739,2.2058,31520,1295811516235901544375227055985864318731019496465465876222280990720
128,1_add128_err_0_size_1291_depth_27,PASS,1.633,0.021,446,140735340871680
128,2_add128_err_0_size_1272_depth_27,PASS,10.669,0.1902,3538,1208907372870555465154560
128,4_add128_err_0_size_1253_depth_27,TIMEOUT,180,,,
128,6_add128_err_0.00038147_size_1248_depth_27,PASS,40.746,0.8493,13639,30034108537853026962186167020130694704862459404054519809080900084930969600
128,8_add128_err_0.00361633_size_1230_depth_27,PASS,54.108,1.0435,16512,108692045025863163846315550160425323288569791650237439113009561600
192,10_add192_err_0.000213623_size_1884_depth_28,TIMEOUT,180,,,
192,13_add192_err_0.00364685_size_1864_depth_28,PASS,154.467,3.5592,49077,39353623003722014890080988125101710073301429894396868003088328454775544121817397393035093511685904793600
192,16_add192_err_0.00900269_size_1841_depth_28,TIMEOUT,180,,,
192,19_add192_err_0.0145569_size_1814_depth_28,TIMEOUT,180,,,
192,21_add192_err_0.0184631_size_1799_depth_28,TIMEOUT,180,,,
192,25_add192_err_0.0267792_size_1775_depth_28,TIMEOUT,180,,,
192,28_add192_err_0.0333099_size_1758_depth_28,TIMEOUT,180,,,
192,30_add192_err_0.0512085_size_1751_depth_28,TIMEOUT,180,,,
192,3_add192_err_0_size_1935_depth_28,PASS,56.115,2.0113,31521,45530723202861131663994190476783455225462866876777242867685197806365124114723635200
192,6_add192_err_0_size_1912_depth_28,PASS,178.735,4.9312,74117,1803634834227905651423945324649780317336463787479137403220546145637923143277816621491149872801783986794623139840
256,10_add256_err_0_size_2531_depth_31,PASS,134.304,4.7485,62620,818726917236501539254813490896488994019323399989377528374458366568773078891426635748324518229747246156791168918760817972572636772881045680044778717184
