width,metric,distribution,n_designs,kendall_tau_b_vs_D0,strict_inversions,rank_shift
8,ER,D0,7,1.0,0,"[0, 0, 0, 0, 0, 0, 0]"
8,ER,D1,7,1.0,0,"[0, 0, 0, 0, 0, 0, 0]"
8,ER,D2,7,1.0,0,"[0, 0, 0, 0, 0, 0, 0]"
8,ER,D3,7,1.0,0,"[0, 0, 0, 0, 0, 0, 0]"
8,ER,D4,7,1.0,0,"[0, 0, 0, 0, 0, 0, 0]"
8,ER,D5,7,1.0,0,"[0, 0, 0, 0, 0, 0, 0]"
8,MED,D0,7,1.0,0,"[0, 0, 0, 0, 0, 0, 0]"
8,MED,D1,7,0.205738,7,"[-4, -2, 2, 2, 2, 1, 2]"
8,MED,D2,7,0.205738,7,"[-4, -2, 2, 2, 2, 1, 2]"
8,MED,D3,7,0.308607,6,"[-4, -1, 2, 2, 2, 1, 1]"
8,MED,D4,7,0.92582,0,"[2, 1, 0, 0, 0, 0, 0]"
8,MED,D5,7,0.92582,0,"[2, 1, 0, 0, 0, 0, 0]"
12,ER,D0,8,1.0,0,"[0, 0, 0, 0, 0, 0, 0, 0]"
12,ER,D1,8,1.0,0,"[0, 0, 0, 0, 0, 0, 0, 0]"
12,ER,D2,8,0.785714,3,"[-3, 0, 1, 1, 0, 0, 0, 1]"
12,ER,D3,8,1.0,0,"[0, 0, 0, 0, 0, 0, 0, 0]"
12,ER,D4,8,0.928571,1,"[0, 0, 0, 0, 0, 1, -1, 0]"
12,ER,D5,8,0.928571,1,"[0, 0, 0, 0, 0, 1, -1, 0]"
12,MED,D0,8,1.0,0,"[0, 0, 0, 0, 0, 0, 0, 0]"
12,MED,D1,8,0.928571,1,"[0, 0, 0, 1, 0, 0, 0, -1]"
12,MED,D2,8,1.0,0,"[0, 0, 0, 0, 0, 0, 0, 0]"
12,MED,D3,8,1.0,0,"[0, 0, 0, 0, 0, 0, 0, 0]"
12,MED,D4,8,0.857143,2,"[0, 0, -1, -1, 0, 1, 1, 0]"
12,MED,D5,8,0.857143,2,"[0, 0, -1, -1, 0, 1, 1, 0]"
16,ER,D0,10,1.0,0,"[0, 0, 0, 0, 0, 0, 0, 0, 0, 0]"
16,ER,D1,10,1.0,0,"[0, 0, 0, 0, 0, 0, 0, 0, 0, 0]"
16,ER,D2,10,1.0,0,"[0, 0, 0, 0, 0, 0, 0, 0, 0, 0]"
16,ER,D3,10,1.0,0,"[0, 0, 0, 0, 0, 0, 0, 0, 0, 0]"
16,ER,D4,10,1.0,0,"[0, 0, 0, 0, 0, 0, 0, 0, 0, 0]"
16,ER,D5,10,1.0,0,"[0, 0, 0, 0, 0, 0, 0, 0, 0, 0]"
16,MED,D0,10,1.0,0,"[0, 0, 0, 0, 0, 0, 0, 0, 0, 0]"
16,MED,D1,10,0.50128,9,"[4, 0, 1, 2, -5, -2, 1, 1, 2, 2]"
16,MED,D2,10,0.50128,9,"[4, 0, 1, 2, -5, -2, 1, 1, 2, 2]"
16,MED,D3,10,0.644503,6,"[2, 0, 1, 2, -5, 0, 2, 1, 2, 1]"
16,MED,D4,10,0.262575,14,"[-2, 9, 8, 0, -1, -2, -2, -1, -2, -1]"
16,MED,D5,10,0.262575,14,"[-2, 9, 8, 0, -1, -2, -2, -1, -2, -1]"
32,ER,D0,10,1.0,0,"[0, 0, 0, 0, 0, 0, 0, 0, 0, 0]"
32,ER,D1,10,1.0,0,"[0, 0, 0, 0, 0, 0, 0, 0, 0, 0]"
32,ER,D2,10,0.511111,11,"[3, 0, -3, -5, 0, 0, 0, 0, 2, 3]"
32,ER,D3,10,1.0,0,"[0, 0, 0, 0, 0, 0, 0, 0, 0, 0]"
32,ER,D4,10,1.0,0,"[0, 0, 0, 0, 0, 0, 0, 0, 0, 0]"
32,ER,D5,10,1.0,0,"[0, 0, 0, 0, 0, 0, 0, 0, 0, 0]"
32,MED,D0,10,1.0,0,"[0, 0, 0, 0, 0, 0, 0, 0, 0, 0]"
32,MED,D1,10,0.918937,0,"[0, 0, 0, 0, 0, 1, 2, 3, 0, 1]"
32,MED,D2,10,0.290191,13,"[2, -1, -3, -5, 0, 1, 2, 3, 3, 5]"
32,MED,D3,10,0.918937,0,"[0, 0, 0, 0, 0, 1, 2, 3, 0, 1]"
32,MED,D4,10,0.918937,0,"[0, 0, 0, 0, 3, 2, 1, 0, 1, 0]"
32,MED,D5,10,0.918937,0,"[0, 0, 0, 0, 3, 2, 1, 0, 1, 0]"
64,ER,D0,10,1.0,0,"[0, 0, 0, 0, 0, 0, 0, 0, 0, 0]"
64,ER,D1,10,1.0,0,"[0, 0, 0, 0, 0, 0, 0, 0, 0, 0]"
64,ER,D2,10,0.955556,1,"[0, 0, 0, 0, 0, 0, 0, 0, 1, -1]"
64,ER,D3,10,1.0,0,"[0, 0, 0, 0, 0, 0, 0, 0, 0, 0]"
64,ER,D4,10,1.0,0,"[0, 0, 0, 0, 0, 0, 0, 0, 0, 0]"
64,ER,D5,10,1.0,0,"[0, 0, 0, 0, 0, 0, 0, 0, 0, 0]"
64,MED,D0,10,1.0,0,"[0, 0, 0, 0, 0, 0, 0, 0, 0, 0]"
64,MED,D1,10,0.843274,0,"[1, 2, 0, 0, 1, 2, 3, 4, 0, 0]"
64,MED,D2,10,0.68516,3,"[2, 3, 0, 0, 1, 2, 3, 4, 1, -3]"
64,MED,D3,10,0.737865,2,"[2, 3, 0, 0, 1, 2, 3, 4, 0, -2]"
64,MED,D4,10,0.843274,0,"[1, 0, 0, 4, 3, 2, 1, 0, 2, 0]"
64,MED,D5,10,0.843274,0,"[1, 0, 0, 4, 3, 2, 1, 0, 2, 0]"
128,ER,D0,9,1.0,0,"[0, 0, 0, 0, 0, 0, 0, 0, 0]"
128,ER,D1,9,1.0,0,"[0, 0, 0, 0, 0, 0, 0, 0, 0]"
128,ER,D2,9,1.0,0,"[0, 0, 0, 0, 0, 0, 0, 0, 0]"
128,ER,D3,9,1.0,0,"[0, 0, 0, 0, 0, 0, 0, 0, 0]"
128,ER,D4,9,1.0,0,"[0, 0, 0, 0, 0, 0, 0, 0, 0]"
128,ER,D5,9,1.0,0,"[0, 0, 0, 0, 0, 0, 0, 0, 0]"
128,MED,D0,10,1.0,0,"[0, 0, 0, 0, 0, 0, 0, 0, 0, 0]"
128,MED,D1,10,0.942809,0,"[0, 0, 1, 0, 1, 0, 0, 0, 1, 2]"
128,MED,D2,10,0.942809,0,"[0, 0, 1, 0, 1, 0, 0, 0, 1, 2]"
128,MED,D3,10,0.942809,0,"[0, 0, 1, 0, 1, 0, 0, 0, 1, 2]"
128,MED,D4,10,0.942809,0,"[0, 1, 0, 1, 0, 0, 0, 2, 1, 0]"
128,MED,D5,10,0.942809,0,"[0, 1, 0, 1, 0, 0, 0, 2, 1, 0]"
192,ER,D0,3,1.0,0,"[0, 0, 0]"
192,ER,D1,3,1.0,0,"[0, 0, 0]"
192,ER,D2,3,1.0,0,"[0, 0, 0]"
192,ER,D3,3,1.0,0,"[0, 0, 0]"
192,ER,D4,3,1.0,0,"[0, 0, 0]"
192,ER,D5,3,1.0,0,"[0, 0, 0]"
192,MED,D0,6,1.0,0,"[0, 0, 0, 0, 0, 0]"
192,MED,D1,6,0.930949,0,"[0, 1, 0, 1, 0, 0]"
192,MED,D2,6,0.930949,0,"[0, 1, 0, 1, 0, 0]"
192,MED,D3,6,0.930949,0,"[0, 1, 0, 1, 0, 0]"
192,MED,D4,6,0.930949,0,"[1, 0, 1, 0, 0, 0]"
192,MED,D5,6,0.930949,0,"[1, 0, 1, 0, 0, 0]"
