task_id,width,case_id,K,fresh_compile_s,parse_build_s,warm_s,cold_s,marginal_per_eval_s,ganak_e2e_s,ganak_internal_sum_s,amortized_warm,amortized_cold
width128__10_add128_err_0.00714111_size_1215_depth_27__timing_K16,128,10_add128_err_0.00714111_size_1215_depth_27,16,80.832,0.2523,4.0102,85.0948,0.250639,23.395,18.6,True,False
width128__10_add128_err_0.00714111_size_1215_depth_27__timing_K64,128,10_add128_err_0.00714111_size_1215_depth_27,64,78.98,0.1107,14.9164,94.0066,0.233068,87.771,67.7,True,False
width128__11_add128_err_0.00904846_size_1205_depth_27__timing_K16,128,11_add128_err_0.00904846_size_1205_depth_27,16,24.023,0.0464,1.2493,25.3189,0.078083,22.534,18.49,True,False
width128__11_add128_err_0.00904846_size_1205_depth_27__timing_K64,128,11_add128_err_0.00904846_size_1205_depth_27,64,25.232,0.0351,4.883,30.15,0.076298,91.085,74.31,True,True
width128__13_add128_err_0.0129547_size_1191_depth_27__timing_K16,128,13_add128_err_0.0129547_size_1191_depth_27,16,25.603,0.071,2.5316,28.2055,0.158227,19.013,15.11,True,False
width128__13_add128_err_0.0129547_size_1191_depth_27__timing_K64,128,13_add128_err_0.0129547_size_1191_depth_27,64,42.41,0.0812,9.7396,52.2312,0.152181,77.623,61.66,True,True
width128__15_add128_err_0.0169067_size_1176_depth_27__timing_K16,128,15_add128_err_0.0169067_size_1176_depth_27,16,115.549,0.1605,4.8285,120.5378,0.301784,89.216,83.82,True,False
width128__15_add128_err_0.0169067_size_1176_depth_27__timing_K64,128,15_add128_err_0.0169067_size_1176_depth_27,64,111.378,0.1789,21.8366,133.3938,0.341197,333.546,312.72,True,True
width128__17_add128_err_0.0470276_size_1167_depth_27__timing_K16,128,17_add128_err_0.0470276_size_1167_depth_27,16,77.944,0.1426,4.1817,82.2681,0.261358,22.783,18.64,True,False
width128__17_add128_err_0.0470276_size_1167_depth_27__timing_K64,128,17_add128_err_0.0470276_size_1167_depth_27,64,86.205,0.1186,17.6262,103.9495,0.275409,107.058,84.27,True,True
width128__1_add128_err_0_size_1291_depth_27__timing_K16,128,1_add128_err_0_size_1291_depth_27,16,1.573,0.0016,0.0481,1.6226,0.003005,6.668,2.57,True,True
width128__1_add128_err_0_size_1291_depth_27__timing_K64,128,1_add128_err_0_size_1291_depth_27,64,1.404,0.0022,0.1879,1.5937,0.002935,27.426,10.94,True,True
width128__2_add128_err_0_size_1272_depth_27__timing_K16,128,2_add128_err_0_size_1272_depth_27,16,10.585,0.011,0.6121,11.2084,0.038256,9.162,4.87,True,False
width128__2_add128_err_0_size_1272_depth_27__timing_K64,128,2_add128_err_0_size_1272_depth_27,64,10.603,0.0112,2.1642,12.7785,0.033815,38.24,17.59,True,True
width128__4_add128_err_0_size_1253_depth_27__timing_K16,128,4_add128_err_0_size_1253_depth_27,16,180,,,,,,,,
width128__4_add128_err_0_size_1253_depth_27__timing_K64,128,4_add128_err_0_size_1253_depth_27,64,136.66,0.0874,13.1463,149.8932,0.20541,82.589,63.3,True,False
width128__6_add128_err_0.00038147_size_1248_depth_27__timing_K16,128,6_add128_err_0.00038147_size_1248_depth_27,16,41.93,0.056,1.8145,43.8004,0.113405,20.414,15.49,True,False
width128__6_add128_err_0.00038147_size_1248_depth_27__timing_K64,128,6_add128_err_0.00038147_size_1248_depth_27,64,44.193,0.1975,7.9212,52.3116,0.123769,81.184,62.09,True,True
width128__8_add128_err_0.00361633_size_1230_depth_27__timing_K16,128,8_add128_err_0.00361633_size_1230_depth_27,16,49.92,0.0585,3.0365,53.0152,0.189779,21.837,17.57,True,False
width128__8_add128_err_0.00361633_size_1230_depth_27__timing_K64,128,8_add128_err_0.00361633_size_1230_depth_27,64,50.481,0.0973,9.8255,60.404,0.153524,86.277,67.72,True,True
width12__add12u_054__timing_K16,12,add12u_054,16,0.502,0.0008,0.0222,0.525,0.00139,3.176,1.1,True,True
width12__add12u_054__timing_K64,12,add12u_054,64,0.316,0.0009,0.0844,0.4017,0.001319,13.307,4.33,True,True
width12__add12u_2MB__timing_K16,12,add12u_2MB,16,2.879,0.0058,0.1989,3.0839,0.012432,3.668,1.56,True,True
width12__add12u_2MB__timing_K64,12,add12u_2MB,64,1.85,0.0057,0.802,2.6576,0.012532,14.883,6.06,True,True
width12__add12u_4FZ__timing_K16,12,add12u_4FZ,16,0.126,0.0002,0.0023,0.1284,0.000143,2.043,0.09,True,True
width12__add12u_4FZ__timing_K64,12,add12u_4FZ,64,0.134,0.0002,0.0108,0.1448,0.000169,8.457,0.41,True,True
width12__add12u_4R6__timing_K16,12,add12u_4R6,16,0.23,0.0003,0.0046,0.235,0.000286,2.31,0.13,True,True
width12__add12u_4R6__timing_K64,12,add12u_4R6,64,0.237,0.0003,0.0179,0.2554,0.00028,9.18,0.57,True,True
width12__add12u_4RF__timing_K16,12,add12u_4RF,16,0.389,0.0005,0.0125,0.402,0.000783,2.471,0.12,True,True
width12__add12u_4RF__timing_K64,12,add12u_4RF,64,0.47,0.0006,0.0499,0.5201,0.000779,8.639,0.43,True,True
width12__add12u_4XD__timing_K16,12,add12u_4XD,16,0.191,0.0003,0.0064,0.1974,0.000399,2.217,0.13,True,True
width12__add12u_4XD__timing_K64,12,add12u_4XD,64,0.281,0.0003,0.0273,0.3088,0.000427,8.785,0.46,True,True
width12__add12u_4YK__timing_K16,12,add12u_4YK,16,0.137,0.0002,0.0038,0.1409,0.000235,2.031,0.13,True,True
width12__add12u_4YK__timing_K64,12,add12u_4YK,64,0.142,0.0003,0.015,0.1573,0.000234,8.887,0.53,True,True
width12__add12u_4YR__timing_K16,12,add12u_4YR,16,0.22,0.0005,0.0127,0.2332,0.000796,2.113,0.13,True,True
width12__add12u_4YR__timing_K64,12,add12u_4YR,64,0.22,0.0005,0.0505,0.2715,0.000789,9.173,0.68,True,True
width16__10_add16_err_0.566452_size_105_depth_13__timing_K16,16,10_add16_err_0.566452_size_105_depth_13,16,0.421,0.0011,0.0304,0.4522,0.001899,3.138,1.18,True,True
width16__10_add16_err_0.566452_size_105_depth_13__timing_K64,16,10_add16_err_0.566452_size_105_depth_13,64,0.416,0.0011,0.1197,0.5368,0.00187,13.015,4.72,True,True
width16__1_add16_err_0.00215149_size_143_depth_16__timing_K16,16,1_add16_err_0.00215149_size_143_depth_16,16,0.232,0.0005,0.0106,0.243,0.000663,2.8,0.6,True,True
width16__1_add16_err_0.00215149_size_143_depth_16__timing_K64,16,1_add16_err_0.00215149_size_143_depth_16,64,0.205,0.0006,0.045,0.2503,0.000703,10.913,2.4,True,True
width16__2_add16_err_0.0311737_size_138_depth_13__timing_K16,16,2_add16_err_0.0311737_size_138_depth_13,16,0.438,0.0012,0.0301,0.4693,0.00188,2.636,0.64,True,True
width16__2_add16_err_0.0311737_size_138_depth_13__timing_K64,16,2_add16_err_0.0311737_size_138_depth_13,64,0.43,0.0013,0.1225,0.5539,0.001914,10.874,2.56,True,True
width16__3_add16_err_0.0585022_size_127_depth_13__timing_K16,16,3_add16_err_0.0585022_size_127_depth_13,16,0.24,0.0006,0.0139,0.2542,0.00087,2.635,0.59,True,True
width16__3_add16_err_0.0585022_size_127_depth_13__timing_K64,16,3_add16_err_0.0585022_size_127_depth_13,64,0.247,0.0007,0.051,0.2988,0.000796,11.056,2.31,True,True
width16__4_add16_err_0.125626_size_123_depth_13__timing_K16,16,4_add16_err_0.125626_size_123_depth_13,16,0.431,0.001,0.0299,0.4617,0.001867,3.343,1.28,True,True
width16__4_add16_err_0.125626_size_123_depth_13__timing_K64,16,4_add16_err_0.125626_size_123_depth_13,64,0.596,0.0013,0.1131,0.7104,0.001766,13.853,5.09,True,True
width16__5_add16_err_0.204422_size_119_depth_13__timing_K16,16,5_add16_err_0.204422_size_119_depth_13,16,0.431,0.0011,0.0277,0.4598,0.00173,3.308,0.98,True,True
width16__5_add16_err_0.204422_size_119_depth_13__timing_K64,16,5_add16_err_0.204422_size_119_depth_13,64,0.437,0.0011,0.1104,0.5486,0.001725,14.128,3.9,True,True
width16__6_add16_err_0.298309_size_116_depth_13__timing_K16,16,6_add16_err_0.298309_size_116_depth_13,16,0.433,0.0012,0.0292,0.463,0.001827,3.219,1.15,True,True
width16__6_add16_err_0.298309_size_116_depth_13__timing_K64,16,6_add16_err_0.298309_size_116_depth_13,64,0.406,0.0011,0.1125,0.5199,0.001757,13.153,4.6,True,True
width16__7_add16_err_0.386383_size_113_depth_13__timing_K16,16,7_add16_err_0.386383_size_113_depth_13,16,0.415,0.001,0.0257,0.4421,0.001605,3.034,1.04,True,True
width16__7_add16_err_0.386383_size_113_depth_13__timing_K64,16,7_add16_err_0.386383_size_113_depth_13,64,0.365,0.001,0.1,0.4655,0.001563,12.875,4.07,True,True
width16__8_add16_err_0.458023_size_110_depth_13__timing_K16,16,8_add16_err_0.458023_size_110_depth_13,16,0.515,0.0015,0.0401,0.5566,0.002505,3.289,1.12,True,True
width16__8_add16_err_0.458023_size_110_depth_13__timing_K64,16,8_add16_err_0.458023_size_110_depth_13,64,0.496,0.0013,0.1581,0.6552,0.002471,13.247,4.66,True,True
width16__9_add16_err_0.507919_size_108_depth_13__timing_K16,16,9_add16_err_0.507919_size_108_depth_13,16,0.469,0.0014,0.0325,0.5024,0.002031,3.261,1.2,True,True
width16__9_add16_err_0.507919_size_108_depth_13__timing_K64,16,9_add16_err_0.507919_size_108_depth_13,64,0.467,0.0018,0.1307,0.5998,0.002042,13.438,4.83,True,True
width192__10_add192_err_0.000213623_size_1884_depth_28__timing_K16,192,10_add192_err_0.000213623_size_1884_depth_28,16,180,,,,,,,,
width192__10_add192_err_0.000213623_size_1884_depth_28__timing_K64,192,10_add192_err_0.000213623_size_1884_depth_28,64,180,,,,,,,,
width192__13_add192_err_0.00364685_size_1864_depth_28__timing_K16,192,13_add192_err_0.00364685_size_1864_depth_28,16,149.39,0.2227,7.7587,157.3711,0.484916,116.286,111.29,True,False
width192__13_add192_err_0.00364685_size_1864_depth_28__timing_K64,192,13_add192_err_0.00364685_size_1864_depth_28,64,180,,,,,,,,
width192__16_add192_err_0.00900269_size_1841_depth_28__timing_K16,192,16_add192_err_0.00900269_size_1841_depth_28,16,180,,,,,,,,
width192__16_add192_err_0.00900269_size_1841_depth_28__timing_K64,192,16_add192_err_0.00900269_size_1841_depth_28,64,180,,,,,,,,
width192__19_add192_err_0.0145569_size_1814_depth_28__timing_K16,192,19_add192_err_0.0145569_size_1814_depth_28,16,180,,,,,,,,
width192__19_add192_err_0.0145569_size_1814_depth_28__timing_K64,192,19_add192_err_0.0145569_size_1814_depth_28,64,180,,,,,,,,
width192__21_add192_err_0.0184631_size_1799_depth_28__timing_K16,192,21_add192_err_0.0184631_size_1799_depth_28,16,180,,,,,,,,
width192__21_add192_err_0.0184631_size_1799_depth_28__timing_K64,192,21_add192_err_0.0184631_size_1799_depth_28,64,180,,,,,,,,
width192__25_add192_err_0.0267792_size_1775_depth_28__timing_K16,192,25_add192_err_0.0267792_size_1775_depth_28,16,145.86,0.7339,9.1869,155.7807,0.574184,125.713,121.2,True,False
width192__25_add192_err_0.0267792_size_1775_depth_28__timing_K64,192,25_add192_err_0.0267792_size_1775_depth_28,64,133.761,0.4044,32.9559,167.1214,0.514937,521.189,499.88,True,True
width192__28_add192_err_0.0333099_size_1758_depth_28__timing_K16,192,28_add192_err_0.0333099_size_1758_depth_28,16,180,,,,,,,,
width192__28_add192_err_0.0333099_size_1758_depth_28__timing_K64,192,28_add192_err_0.0333099_size_1758_depth_28,64,180,,,,,,,,
width192__30_add192_err_0.0512085_size_1751_depth_28__timing_K16,192,30_add192_err_0.0512085_size_1751_depth_28,16,180,,,,,,,,
width192__30_add192_err_0.0512085_size_1751_depth_28__timing_K64,192,30_add192_err_0.0512085_size_1751_depth_28,64,180,,,,,,,,
width192__3_add192_err_0_size_1935_depth_28__timing_K16,192,3_add192_err_0_size_1935_depth_28,16,56.719,0.1626,4.665,61.5469,0.291561,56.574,53.01,True,False
width192__3_add192_err_0_size_1935_depth_28__timing_K64,192,3_add192_err_0_size_1935_depth_28,64,55.165,0.1628,18.2519,73.5795,0.285186,287.366,264.9,True,True
width192__6_add192_err_0_size_1912_depth_28__timing_K16,192,6_add192_err_0_size_1912_depth_28,16,173.932,0.2648,11.3341,185.5311,0.708384,110.53,106.12,True,False
width192__6_add192_err_0_size_1912_depth_28__timing_K64,192,6_add192_err_0_size_1912_depth_28,64,172.217,0.3747,35.4513,208.0429,0.553927,404.79,386.6,True,True
width32__10_add32_err_0.197418_size_259_depth_14__timing_K16,32,10_add32_err_0.197418_size_259_depth_14,16,2.69,0.0073,0.225,2.9219,0.014064,5.183,3.01,True,True
width32__10_add32_err_0.197418_size_259_depth_14__timing_K64,32,10_add32_err_0.197418_size_259_depth_14,64,2.585,0.009,0.9055,3.4994,0.014149,20.71,11.87,True,True
width32__11_add32_err_0.223526_size_257_depth_14__timing_K16,32,11_add32_err_0.223526_size_257_depth_14,16,1.259,0.004,0.1153,1.378,0.007208,5.214,2.86,True,True
width32__11_add32_err_0.223526_size_257_depth_14__timing_K64,32,11_add32_err_0.223526_size_257_depth_14,64,1.292,0.0036,0.461,1.7569,0.007203,20.191,11.3,True,True
width32__12_add32_err_0.25061_size_254_depth_14__timing_K16,32,12_add32_err_0.25061_size_254_depth_14,16,1.304,0.0037,0.1124,1.4199,0.007028,5.235,3.0,True,True
width32__12_add32_err_0.25061_size_254_depth_14__timing_K64,32,12_add32_err_0.25061_size_254_depth_14,64,1.329,0.0038,0.456,1.7886,0.007126,21.115,12.18,True,True
width32__14_add32_err_0.295059_size_249_depth_14__timing_K16,32,14_add32_err_0.295059_size_249_depth_14,16,1.466,0.0043,0.1287,1.5993,0.008041,5.215,2.94,True,True
width32__14_add32_err_0.295059_size_249_depth_14__timing_K64,32,14_add32_err_0.295059_size_249_depth_14,64,1.529,0.0046,0.5059,2.0399,0.007905,20.573,11.68,True,True
width32__1_add32_err_0_size_310_depth_20__timing_K16,32,1_add32_err_0_size_310_depth_20,16,1.999,0.0021,0.056,2.0568,0.0035,10.871,1.56,True,True
width32__1_add32_err_0_size_310_depth_20__timing_K64,32,1_add32_err_0_size_310_depth_20,64,5.243,0.0025,0.253,5.4987,0.003953,27.029,5.77,True,True
width32__3_add32_err_0.00389099_size_290_depth_17__timing_K16,32,3_add32_err_0.00389099_size_290_depth_17,16,1.009,0.003,0.1023,1.1141,0.006391,3.628,1.44,True,True
width32__3_add32_err_0.00389099_size_290_depth_17__timing_K64,32,3_add32_err_0.00389099_size_290_depth_17,64,1.6,0.0041,0.3826,1.9867,0.005979,16.439,5.79,True,True
width32__4_add32_err_0.0318451_size_286_depth_17__timing_K16,32,4_add32_err_0.0318451_size_286_depth_17,16,0.952,0.0034,0.0706,1.0263,0.004414,5.618,1.43,True,True
width32__4_add32_err_0.0318451_size_286_depth_17__timing_K64,32,4_add32_err_0.0318451_size_286_depth_17,64,1.249,0.002,0.197,1.4477,0.003079,16.669,5.81,True,True
width32__5_add32_err_0.0593414_size_282_depth_17__timing_K16,32,5_add32_err_0.0593414_size_282_depth_17,16,3.282,0.0037,0.0886,3.3744,0.005535,7.397,1.84,True,True
width32__5_add32_err_0.0593414_size_282_depth_17__timing_K64,32,5_add32_err_0.0593414_size_282_depth_17,64,3.117,0.0033,0.269,3.3888,0.004203,38.35,7.37,True,True
width32__7_add32_err_0.114944_size_273_depth_17__timing_K16,32,7_add32_err_0.114944_size_273_depth_17,16,19.631,0.0108,0.2992,19.9407,0.018703,11.436,2.85,True,False
width32__7_add32_err_0.114944_size_273_depth_17__timing_K64,32,7_add32_err_0.114944_size_273_depth_17,64,11.159,0.0117,1.1777,12.3481,0.018402,34.631,11.61,True,True
width32__8_add32_err_0.14183_size_268_depth_17__timing_K16,32,8_add32_err_0.14183_size_268_depth_17,16,13.639,0.0079,0.2324,13.8796,0.014528,10.867,3.23,True,False
width32__8_add32_err_0.14183_size_268_depth_17__timing_K64,32,8_add32_err_0.14183_size_268_depth_17,64,9.88,0.0088,0.8036,10.6925,0.012556,41.355,12.75,True,True
width64__10_add64_err_0.0665131_size_574_depth_22__timing_K16,64,10_add64_err_0.0665131_size_574_depth_22,16,49.1,0.0537,9.7774,58.9315,0.611089,17.825,6.17,True,False
width64__10_add64_err_0.0665131_size_574_depth_22__timing_K64,64,10_add64_err_0.0665131_size_574_depth_22,64,32.339,0.0533,11.6661,44.0582,0.182282,61.828,24.03,True,True
width64__11_add64_err_0.0929413_size_571_depth_22__timing_K16,64,11_add64_err_0.0929413_size_571_depth_22,16,16.039,0.0362,0.6762,16.7515,0.042264,30.286,25.38,True,True
width64__11_add64_err_0.0929413_size_571_depth_22__timing_K64,64,11_add64_err_0.0929413_size_571_depth_22,64,16.705,0.0169,3.2299,19.952,0.050467,116.049,98.91,True,True
width64__1_add64_err_0_size_630_depth_22__timing_K16,64,1_add64_err_0_size_630_depth_22,16,1.501,0.0018,0.0511,1.5544,0.003192,6.684,2.59,True,True
width64__1_add64_err_0_size_630_depth_22__timing_K64,64,1_add64_err_0_size_630_depth_22,64,1.509,0.0016,0.1967,1.7071,0.003074,26.389,10.41,True,True
width64__2_add64_err_1.52588e-05_size_616_depth_22__timing_K16,64,2_add64_err_1.52588e-05_size_616_depth_22,16,19.07,0.0277,0.7953,19.8927,0.049707,8.353,4.46,True,False
width64__2_add64_err_1.52588e-05_size_616_depth_22__timing_K64,64,2_add64_err_1.52588e-05_size_616_depth_22,64,17.817,0.0323,3.0404,20.8898,0.047506,33.986,17.08,True,True
width64__3_add64_err_0.00190735_size_612_depth_22__timing_K16,64,3_add64_err_0.00190735_size_612_depth_22,16,12.74,0.1109,0.5481,13.3994,0.034259,8.821,4.76,True,False
width64__3_add64_err_0.00190735_size_612_depth_22__timing_K64,64,3_add64_err_0.00190735_size_612_depth_22,64,12.822,0.0139,2.2488,15.0847,0.035137,35.913,19.02,True,True
width64__4_add64_err_0.00386047_size_605_depth_22__timing_K16,64,4_add64_err_0.00386047_size_605_depth_22,16,47.238,0.06,1.7707,49.069,0.110667,10.752,6.48,True,False
width64__4_add64_err_0.00386047_size_605_depth_22__timing_K64,64,4_add64_err_0.00386047_size_605_depth_22,64,47.489,0.0603,7.6909,55.2399,0.12017,43.292,25.82,True,False
width64__5_add64_err_0.0058136_size_596_depth_22__timing_K16,64,5_add64_err_0.0058136_size_596_depth_22,16,20.049,0.0197,0.6832,20.7519,0.042701,11.973,6.68,True,False
width64__5_add64_err_0.0058136_size_596_depth_22__timing_K64,64,5_add64_err_0.0058136_size_596_depth_22,64,19.487,0.0188,3.4249,22.9306,0.053514,43.528,26.07,True,True
width64__6_add64_err_0.00787354_size_594_depth_22__timing_K16,64,6_add64_err_0.00787354_size_594_depth_22,16,12.11,0.0139,0.6185,12.7423,0.038657,9.832,5.52,True,False
width64__6_add64_err_0.00787354_size_594_depth_22__timing_K64,64,6_add64_err_0.00787354_size_594_depth_22,64,12.348,0.0156,2.251,14.615,0.035171,39.872,23.01,True,True
width64__7_add64_err_0.0100861_size_585_depth_22__timing_K16,64,7_add64_err_0.0100861_size_585_depth_22,16,9.408,0.0114,0.4726,9.8915,0.029536,12.289,7.65,True,True
width64__7_add64_err_0.0100861_size_585_depth_22__timing_K64,64,7_add64_err_0.0100861_size_585_depth_22,64,10.593,0.0117,1.8483,12.4533,0.02888,47.957,30.43,True,True
width64__8_add64_err_0.0155334_size_581_depth_22__timing_K16,64,8_add64_err_0.0155334_size_581_depth_22,16,24.565,0.0411,1.3033,25.9091,0.081455,10.507,6.11,True,False
width64__8_add64_err_0.0155334_size_581_depth_22__timing_K64,64,8_add64_err_0.0155334_size_581_depth_22,64,27.316,0.0297,5.2726,32.6183,0.082384,41.097,23.98,True,True
width8__1_add8_err_0.0299377_size_63_depth_12__timing_K16,8,1_add8_err_0.0299377_size_63_depth_12,16,0.982,0.0006,0.0066,0.9897,0.000414,3.029,0.02,True,True
width8__1_add8_err_0.0299377_size_63_depth_12__timing_K64,8,1_add8_err_0.0299377_size_63_depth_12,64,7.094,0.0004,0.0168,7.1116,0.000262,21.511,0.17,True,True
width8__2_add8_err_0.11734_size_59_depth_10__timing_K16,8,2_add8_err_0.11734_size_59_depth_10,16,0.352,0.0003,0.0036,0.3559,0.000226,2.575,0.01,True,True
width8__2_add8_err_0.11734_size_59_depth_10__timing_K64,8,2_add8_err_0.11734_size_59_depth_10,64,0.148,0.0003,0.0161,0.1642,0.000251,29.777,0.1,True,True
width8__3_add8_err_0.188568_size_56_depth_8__timing_K16,8,3_add8_err_0.188568_size_56_depth_8,16,0.132,0.0002,0.0028,0.1354,0.000176,2.035,0.1,True,True
width8__3_add8_err_0.188568_size_56_depth_8__timing_K64,8,3_add8_err_0.188568_size_56_depth_8,64,0.133,0.0002,0.0119,0.1448,0.000186,8.662,0.4,True,True
width8__4_add8_err_0.269669_size_53_depth_7__timing_K16,8,4_add8_err_0.269669_size_53_depth_7,16,0.155,0.0008,0.0052,0.161,0.000324,2.125,0.14,True,True
width8__4_add8_err_0.269669_size_53_depth_7__timing_K64,8,4_add8_err_0.269669_size_53_depth_7,64,0.151,0.0003,0.0206,0.1721,0.000322,8.5,0.56,True,True
width8__5_add8_err_0.325058_size_50_depth_7__timing_K16,8,5_add8_err_0.325058_size_50_depth_7,16,0.173,0.0003,0.0051,0.1782,0.000321,2.131,0.14,True,True
width8__5_add8_err_0.325058_size_50_depth_7__timing_K64,8,5_add8_err_0.325058_size_50_depth_7,64,0.158,0.0003,0.0212,0.1794,0.000331,9.137,0.46,True,True
width8__6_add8_err_0.400146_size_47_depth_7__timing_K16,8,6_add8_err_0.400146_size_47_depth_7,16,0.142,0.0002,0.0036,0.1456,0.000224,2.339,0.11,True,True
width8__6_add8_err_0.400146_size_47_depth_7__timing_K64,8,6_add8_err_0.400146_size_47_depth_7,64,0.178,0.0002,0.0151,0.1932,0.000236,8.66,0.44,True,True
width8__7_add8_err_0.453918_size_45_depth_7__timing_K16,8,7_add8_err_0.453918_size_45_depth_7,16,0.151,0.0003,0.0039,0.1551,0.000244,2.208,0.11,True,True
width8__7_add8_err_0.453918_size_45_depth_7__timing_K64,8,7_add8_err_0.453918_size_45_depth_7,64,0.148,0.0002,0.0186,0.1664,0.000291,8.769,0.48,True,True
