case_id,distribution,elapsed_s,inversions,metric,task,tau_b,type,width
,D0,,0,ER,,1.0,no_ranking_shift,8
,D1,,0,ER,,1.0,no_ranking_shift,8
,D2,,0,ER,,1.0,no_ranking_shift,8
,D3,,0,ER,,1.0,no_ranking_shift,8
,D4,,0,ER,,1.0,no_ranking_shift,8
,D5,,0,ER,,1.0,no_ranking_shift,8
,D0,,0,MED,,1.0,no_ranking_shift,8
,D4,,0,MED,,0.92582,no_ranking_shift,8
,D5,,0,MED,,0.92582,no_ranking_shift,8
,D0,,0,ER,,1.0,no_ranking_shift,12
,D1,,0,ER,,1.0,no_ranking_shift,12
,D3,,0,ER,,1.0,no_ranking_shift,12
,D0,,0,MED,,1.0,no_ranking_shift,12
,D2,,0,MED,,1.0,no_ranking_shift,12
,D3,,0,MED,,1.0,no_ranking_shift,12
,D0,,0,ER,,1.0,no_ranking_shift,16
,D1,,0,ER,,1.0,no_ranking_shift,16
,D2,,0,ER,,1.0,no_ranking_shift,16
,D3,,0,ER,,1.0,no_ranking_shift,16
,D4,,0,ER,,1.0,no_ranking_shift,16
,D5,,0,ER,,1.0,no_ranking_shift,16
,D0,,0,MED,,1.0,no_ranking_shift,16
,D0,,0,ER,,1.0,no_ranking_shift,32
,D1,,0,ER,,1.0,no_ranking_shift,32
,D3,,0,ER,,1.0,no_ranking_shift,32
,D4,,0,ER,,1.0,no_ranking_shift,32
,D5,,0,ER,,1.0,no_ranking_shift,32
,D0,,0,MED,,1.0,no_ranking_shift,32
,D1,,0,MED,,0.918937,no_ranking_shift,32
,D3,,0,MED,,0.918937,no_ranking_shift,32
,D4,,0,MED,,0.918937,no_ranking_shift,32
,D5,,0,MED,,0.918937,no_ranking_shift,32
,D0,,0,ER,,1.0,no_ranking_shift,64
,D1,,0,ER,,1.0,no_ranking_shift,64
,D3,,0,ER,,1.0,no_ranking_shift,64
,D4,,0,ER,,1.0,no_ranking_shift,64
,D5,,0,ER,,1.0,no_ranking_shift,64
,D0,,0,MED,,1.0,no_ranking_shift,64
,D1,,0,MED,,0.843274,no_ranking_shift,64
,D4,,0,MED,,0.843274,no_ranking_shift,64
,D5,,0,MED,,0.843274,no_ranking_shift,64
,D0,,0,ER,,1.0,no_ranking_shift,128
,D1,,0,ER,,1.0,no_ranking_shift,128
,D2,,0,ER,,1.0,no_ranking_shift,128
,D3,,0,ER,,1.0,no_ranking_shift,128
,D4,,0,ER,,1.0,no_ranking_shift,128
,D5,,0,ER,,1.0,no_ranking_shift,128
,D0,,0,MED,,1.0,no_ranking_shift,128
,D1,,0,MED,,0.942809,no_ranking_shift,128
,D2,,0,MED,,0.942809,no_ranking_shift,128
,D3,,0,MED,,0.942809,no_ranking_shift,128
,D4,,0,MED,,0.942809,no_ranking_shift,128
,D5,,0,MED,,0.942809,no_ranking_shift,128
,D0,,0,ER,,1.0,no_ranking_shift,192
,D1,,0,ER,,1.0,no_ranking_shift,192
,D2,,0,ER,,1.0,no_ranking_shift,192
,D3,,0,ER,,1.0,no_ranking_shift,192
,D4,,0,ER,,1.0,no_ranking_shift,192
,D5,,0,ER,,1.0,no_ranking_shift,192
,D0,,0,MED,,1.0,no_ranking_shift,192
,D1,,0,MED,,0.930949,no_ranking_shift,192
,D2,,0,MED,,0.930949,no_ranking_shift,192
,D3,,0,MED,,0.930949,no_ranking_shift,192
,D4,,0,MED,,0.930949,no_ranking_shift,192
,D5,,0,MED,,0.930949,no_ranking_shift,192
4_add128_err_0_size_1253_depth_27,,181.834,,,compile_ER,,timeout,128
4_add128_err_0_size_1253_depth_27,,181.204,,,timing_K16,,timeout,128
10_add192_err_0.000213623_size_1884_depth_28,,181.212,,,compile_ER,,timeout,192
10_add192_err_0.000213623_size_1884_depth_28,,635.781,,,compile_MED,,timeout,192
10_add192_err_0.000213623_size_1884_depth_28,,181.307,,,timing_K16,,timeout,192
10_add192_err_0.000213623_size_1884_depth_28,,181.179,,,timing_K64,,timeout,192
13_add192_err_0.00364685_size_1864_depth_28,,181.378,,,timing_K64,,timeout,192
16_add192_err_0.00900269_size_1841_depth_28,,181.339,,,compile_ER,,timeout,192
16_add192_err_0.00900269_size_1841_depth_28,,181.383,,,timing_K16,,timeout,192
16_add192_err_0.00900269_size_1841_depth_28,,181.409,,,timing_K64,,timeout,192
19_add192_err_0.0145569_size_1814_depth_28,,181.39,,,compile_ER,,timeout,192
19_add192_err_0.0145569_size_1814_depth_28,,181.388,,,timing_K16,,timeout,192
19_add192_err_0.0145569_size_1814_depth_28,,181.415,,,timing_K64,,timeout,192
21_add192_err_0.0184631_size_1799_depth_28,,181.387,,,compile_ER,,timeout,192
21_add192_err_0.0184631_size_1799_depth_28,,794.001,,,compile_MED,,timeout,192
21_add192_err_0.0184631_size_1799_depth_28,,181.403,,,timing_K16,,timeout,192
21_add192_err_0.0184631_size_1799_depth_28,,181.4,,,timing_K64,,timeout,192
25_add192_err_0.0267792_size_1775_depth_28,,181.42,,,compile_ER,,timeout,192
25_add192_err_0.0267792_size_1775_depth_28,,46.053,,,compile_MED,,timeout,192
28_add192_err_0.0333099_size_1758_depth_28,,181.226,,,compile_ER,,timeout,192
28_add192_err_0.0333099_size_1758_depth_28,,181.152,,,timing_K16,,timeout,192
28_add192_err_0.0333099_size_1758_depth_28,,181.171,,,timing_K64,,timeout,192
30_add192_err_0.0512085_size_1751_depth_28,,181.238,,,compile_ER,,timeout,192
30_add192_err_0.0512085_size_1751_depth_28,,184.947,,,timing_K16,,timeout,192
30_add192_err_0.0512085_size_1751_depth_28,,181.126,,,timing_K64,,timeout,192
10_add192_err_0.000213623_size_1884_depth_28,,,,,D0,,skipped_dependency,192
10_add192_err_0.000213623_size_1884_depth_28,,,,,D1,,skipped_dependency,192
10_add192_err_0.000213623_size_1884_depth_28,,,,,D2,,skipped_dependency,192
10_add192_err_0.000213623_size_1884_depth_28,,,,,D3,,skipped_dependency,192
10_add192_err_0.000213623_size_1884_depth_28,,,,,D4,,skipped_dependency,192
10_add192_err_0.000213623_size_1884_depth_28,,,,,D5,,skipped_dependency,192
21_add192_err_0.0184631_size_1799_depth_28,,,,,D0,,skipped_dependency,192
21_add192_err_0.0184631_size_1799_depth_28,,,,,D1,,skipped_dependency,192
21_add192_err_0.0184631_size_1799_depth_28,,,,,D2,,skipped_dependency,192
21_add192_err_0.0184631_size_1799_depth_28,,,,,D3,,skipped_dependency,192
21_add192_err_0.0184631_size_1799_depth_28,,,,,D4,,skipped_dependency,192
21_add192_err_0.0184631_size_1799_depth_28,,,,,D5,,skipped_dependency,192
25_add192_err_0.0267792_size_1775_depth_28,,,,,D0,,skipped_dependency,192
25_add192_err_0.0267792_size_1775_depth_28,,,,,D1,,skipped_dependency,192
25_add192_err_0.0267792_size_1775_depth_28,,,,,D2,,skipped_dependency,192
25_add192_err_0.0267792_size_1775_depth_28,,,,,D3,,skipped_dependency,192
25_add192_err_0.0267792_size_1775_depth_28,,,,,D4,,skipped_dependency,192
25_add192_err_0.0267792_size_1775_depth_28,,,,,D5,,skipped_dependency,192
4_add64_err_0.00386047_size_605_depth_22,,,,,,,never_amortized_cold_by_K64,64
10_add128_err_0.00714111_size_1215_depth_27,,,,,,,never_amortized_cold_by_K64,128
4_add128_err_0_size_1253_depth_27,,,,,,,never_amortized_cold_by_K64,128
