width,design_name,source_repo,source_commit,original_path,local_path,file_type,sha256,exact_approx,selection_rule,selection_index,provenance_note
16,10_add16_err_0.566452_size_105_depth_13,VACSEM (scale-lab/VACSEM),b11ede7,Circuit2Cnf/input/add16/10_add16_err_0.566452_size_105_depth_13.blif,formal/assets/add16/10_add16_err_0.566452_size_105_depth_13.blif,blif,0622d8318233aab760cf912de73bb398261d6ada64b1457161f2f7469fe53ed6,approx,equal_interval_10_of_10,,"VACSEM official repository input BLIF, frozen commit b11ede7; selection = frozen REMV-Ax formal manifest deterministic equal-interval rule"
16,1_add16_err_0.00215149_size_143_depth_16,VACSEM (scale-lab/VACSEM),b11ede7,Circuit2Cnf/input/add16/1_add16_err_0.00215149_size_143_depth_16.blif,formal/assets/add16/1_add16_err_0.00215149_size_143_depth_16.blif,blif,64890a3288dea03ddb4f467cb2f39d7e42ac0e86082a06378b85082a48e7ace3,approx,equal_interval_10_of_10,,"VACSEM official repository input BLIF, frozen commit b11ede7; selection = frozen REMV-Ax formal manifest deterministic equal-interval rule"
16,2_add16_err_0.0311737_size_138_depth_13,VACSEM (scale-lab/VACSEM),b11ede7,Circuit2Cnf/input/add16/2_add16_err_0.0311737_size_138_depth_13.blif,formal/assets/add16/2_add16_err_0.0311737_size_138_depth_13.blif,blif,01e8f1ee2212fd298a7497c0ca27e6205939d78646544d39aab8193fb4ad32eb,approx,equal_interval_10_of_10,,"VACSEM official repository input BLIF, frozen commit b11ede7; selection = frozen REMV-Ax formal manifest deterministic equal-interval rule"
16,3_add16_err_0.0585022_size_127_depth_13,VACSEM (scale-lab/VACSEM),b11ede7,Circuit2Cnf/input/add16/3_add16_err_0.0585022_size_127_depth_13.blif,formal/assets/add16/3_add16_err_0.0585022_size_127_depth_13.blif,blif,8e4e9aef36ff122e9cf92f9244f6763111c8f3fc2589c5b98908b30f0ba13766,approx,equal_interval_10_of_10,,"VACSEM official repository input BLIF, frozen commit b11ede7; selection = frozen REMV-Ax formal manifest deterministic equal-interval rule"
16,4_add16_err_0.125626_size_123_depth_13,VACSEM (scale-lab/VACSEM),b11ede7,Circuit2Cnf/input/add16/4_add16_err_0.125626_size_123_depth_13.blif,formal/assets/add16/4_add16_err_0.125626_size_123_depth_13.blif,blif,b3d254e359261b4180d6421dc68d68b5af2c2ed3128deb00e94e3dc1aa18f609,approx,equal_interval_10_of_10,,"VACSEM official repository input BLIF, frozen commit b11ede7; selection = frozen REMV-Ax formal manifest deterministic equal-interval rule"
16,5_add16_err_0.204422_size_119_depth_13,VACSEM (scale-lab/VACSEM),b11ede7,Circuit2Cnf/input/add16/5_add16_err_0.204422_size_119_depth_13.blif,formal/assets/add16/5_add16_err_0.204422_size_119_depth_13.blif,blif,02c11808fcb7027b30064cbea1e204b72f2e96e3aee9966126c3eb1e8d309c37,approx,equal_interval_10_of_10,,"VACSEM official repository input BLIF, frozen commit b11ede7; selection = frozen REMV-Ax formal manifest deterministic equal-interval rule"
16,6_add16_err_0.298309_size_116_depth_13,VACSEM (scale-lab/VACSEM),b11ede7,Circuit2Cnf/input/add16/6_add16_err_0.298309_size_116_depth_13.blif,formal/assets/add16/6_add16_err_0.298309_size_116_depth_13.blif,blif,e05278540f59a91addd30f1230ff2ecfd6feb607d4cfec2b78b1ab261328b583,approx,equal_interval_10_of_10,,"VACSEM official repository input BLIF, frozen commit b11ede7; selection = frozen REMV-Ax formal manifest deterministic equal-interval rule"
16,7_add16_err_0.386383_size_113_depth_13,VACSEM (scale-lab/VACSEM),b11ede7,Circuit2Cnf/input/add16/7_add16_err_0.386383_size_113_depth_13.blif,formal/assets/add16/7_add16_err_0.386383_size_113_depth_13.blif,blif,9bee40f0d40d740eda0ea1d0718f87e1b1e1443330963d18f68326a6e7c6e247,approx,equal_interval_10_of_10,,"VACSEM official repository input BLIF, frozen commit b11ede7; selection = frozen REMV-Ax formal manifest deterministic equal-interval rule"
16,8_add16_err_0.458023_size_110_depth_13,VACSEM (scale-lab/VACSEM),b11ede7,Circuit2Cnf/input/add16/8_add16_err_0.458023_size_110_depth_13.blif,formal/assets/add16/8_add16_err_0.458023_size_110_depth_13.blif,blif,09ca1a2ed30c476d1867db236d8fc38c60330b6902cd16787ebb91f2fa513cad,approx,equal_interval_10_of_10,,"VACSEM official repository input BLIF, frozen commit b11ede7; selection = frozen REMV-Ax formal manifest deterministic equal-interval rule"
16,9_add16_err_0.507919_size_108_depth_13,VACSEM (scale-lab/VACSEM),b11ede7,Circuit2Cnf/input/add16/9_add16_err_0.507919_size_108_depth_13.blif,formal/assets/add16/9_add16_err_0.507919_size_108_depth_13.blif,blif,2ffd05e16df2f69653b590609a6f8c33c9e2762db7e4e85dce019a7f3ffdd9ee,approx,equal_interval_10_of_10,,"VACSEM official repository input BLIF, frozen commit b11ede7; selection = frozen REMV-Ax formal manifest deterministic equal-interval rule"
32,10_add32_err_0.197418_size_259_depth_14,VACSEM (scale-lab/VACSEM),b11ede7,Circuit2Cnf/input/add32/10_add32_err_0.197418_size_259_depth_14.blif,formal/assets/add32/10_add32_err_0.197418_size_259_depth_14.blif,blif,5bf982bdd995fbc1857cc5c3319e72fa36f9e310cb9b392c0efa0c0f0bc4fe47,approx,equal_interval_10_of_14,,"VACSEM official repository input BLIF, frozen commit b11ede7; selection = frozen REMV-Ax formal manifest deterministic equal-interval rule"
32,11_add32_err_0.223526_size_257_depth_14,VACSEM (scale-lab/VACSEM),b11ede7,Circuit2Cnf/input/add32/11_add32_err_0.223526_size_257_depth_14.blif,formal/assets/add32/11_add32_err_0.223526_size_257_depth_14.blif,blif,dcd7185818d5bcd93c37fa3984bd2ac7a69e378c4291017a498cb2b1a659aae6,approx,equal_interval_10_of_14,,"VACSEM official repository input BLIF, frozen commit b11ede7; selection = frozen REMV-Ax formal manifest deterministic equal-interval rule"
32,12_add32_err_0.25061_size_254_depth_14,VACSEM (scale-lab/VACSEM),b11ede7,Circuit2Cnf/input/add32/12_add32_err_0.25061_size_254_depth_14.blif,formal/assets/add32/12_add32_err_0.25061_size_254_depth_14.blif,blif,775c32b6b63bcafbed482b4d83bdf786357154360a078227d341a7112ace3eed,approx,equal_interval_10_of_14,,"VACSEM official repository input BLIF, frozen commit b11ede7; selection = frozen REMV-Ax formal manifest deterministic equal-interval rule"
32,14_add32_err_0.295059_size_249_depth_14,VACSEM (scale-lab/VACSEM),b11ede7,Circuit2Cnf/input/add32/14_add32_err_0.295059_size_249_depth_14.blif,formal/assets/add32/14_add32_err_0.295059_size_249_depth_14.blif,blif,ea57e2369bfc5e911005dd20d171b4abc91940d817d74ab6110683e4a58571db,approx,equal_interval_10_of_14,,"VACSEM official repository input BLIF, frozen commit b11ede7; selection = frozen REMV-Ax formal manifest deterministic equal-interval rule"
32,1_add32_err_0_size_310_depth_20,VACSEM (scale-lab/VACSEM),b11ede7,Circuit2Cnf/input/add32/1_add32_err_0_size_310_depth_20.blif,formal/assets/add32/1_add32_err_0_size_310_depth_20.blif,blif,5ac2c8be314e47a5e2c356cee409e7499673d82005c749e2504ef897dfb1b656,approx,equal_interval_10_of_14,,"VACSEM official repository input BLIF, frozen commit b11ede7; selection = frozen REMV-Ax formal manifest deterministic equal-interval rule"
32,3_add32_err_0.00389099_size_290_depth_17,VACSEM (scale-lab/VACSEM),b11ede7,Circuit2Cnf/input/add32/3_add32_err_0.00389099_size_290_depth_17.blif,formal/assets/add32/3_add32_err_0.00389099_size_290_depth_17.blif,blif,7b0f78d14693cb4ed4452987f796dac9481ae3b435016a0654c0fbacc44840d7,approx,equal_interval_10_of_14,,"VACSEM official repository input BLIF, frozen commit b11ede7; selection = frozen REMV-Ax formal manifest deterministic equal-interval rule"
32,4_add32_err_0.0318451_size_286_depth_17,VACSEM (scale-lab/VACSEM),b11ede7,Circuit2Cnf/input/add32/4_add32_err_0.0318451_size_286_depth_17.blif,formal/assets/add32/4_add32_err_0.0318451_size_286_depth_17.blif,blif,f7a3f2f9935671d6f956e21ba918382b0df8915726996720fdbfd2be27b8cf4f,approx,equal_interval_10_of_14,,"VACSEM official repository input BLIF, frozen commit b11ede7; selection = frozen REMV-Ax formal manifest deterministic equal-interval rule"
32,5_add32_err_0.0593414_size_282_depth_17,VACSEM (scale-lab/VACSEM),b11ede7,Circuit2Cnf/input/add32/5_add32_err_0.0593414_size_282_depth_17.blif,formal/assets/add32/5_add32_err_0.0593414_size_282_depth_17.blif,blif,f835fab53559ab2408d7476b39e8b69f08897d93c1e27e3142b62b5381c45b63,approx,equal_interval_10_of_14,,"VACSEM official repository input BLIF, frozen commit b11ede7; selection = frozen REMV-Ax formal manifest deterministic equal-interval rule"
32,7_add32_err_0.114944_size_273_depth_17,VACSEM (scale-lab/VACSEM),b11ede7,Circuit2Cnf/input/add32/7_add32_err_0.114944_size_273_depth_17.blif,formal/assets/add32/7_add32_err_0.114944_size_273_depth_17.blif,blif,a5d249c4fbd9e7edac0371082162daecbc4be0495cc64d307fad91f261842520,approx,equal_interval_10_of_14,,"VACSEM official repository input BLIF, frozen commit b11ede7; selection = frozen REMV-Ax formal manifest deterministic equal-interval rule"
32,8_add32_err_0.14183_size_268_depth_17,VACSEM (scale-lab/VACSEM),b11ede7,Circuit2Cnf/input/add32/8_add32_err_0.14183_size_268_depth_17.blif,formal/assets/add32/8_add32_err_0.14183_size_268_depth_17.blif,blif,8754093ef6419701691be6049c6446009809f9c8be4829db24d4a7348af16ca4,approx,equal_interval_10_of_14,,"VACSEM official repository input BLIF, frozen commit b11ede7; selection = frozen REMV-Ax formal manifest deterministic equal-interval rule"
64,10_add64_err_0.0665131_size_574_depth_22,VACSEM (scale-lab/VACSEM),b11ede7,Circuit2Cnf/input/add64/10_add64_err_0.0665131_size_574_depth_22.blif,formal/assets/add64/10_add64_err_0.0665131_size_574_depth_22.blif,blif,7c4c4d67525292d9f3c5233f1f14200552a388cddd29b030b3724dfe58a9d247,approx,equal_interval_10_of_11,,"VACSEM official repository input BLIF, frozen commit b11ede7; selection = frozen REMV-Ax formal manifest deterministic equal-interval rule"
64,11_add64_err_0.0929413_size_571_depth_22,VACSEM (scale-lab/VACSEM),b11ede7,Circuit2Cnf/input/add64/11_add64_err_0.0929413_size_571_depth_22.blif,formal/assets/add64/11_add64_err_0.0929413_size_571_depth_22.blif,blif,2f184f712e768c641011fe606da7f5d74182b803227464896c3669e1fea9d962,approx,equal_interval_10_of_11,,"VACSEM official repository input BLIF, frozen commit b11ede7; selection = frozen REMV-Ax formal manifest deterministic equal-interval rule"
64,1_add64_err_0_size_630_depth_22,VACSEM (scale-lab/VACSEM),b11ede7,Circuit2Cnf/input/add64/1_add64_err_0_size_630_depth_22.blif,formal/assets/add64/1_add64_err_0_size_630_depth_22.blif,blif,90cf741b2b55a5f3318e99af8cbbb4827087aa0716411cecd82c02e36a1f62f3,approx,equal_interval_10_of_11,,"VACSEM official repository input BLIF, frozen commit b11ede7; selection = frozen REMV-Ax formal manifest deterministic equal-interval rule"
64,2_add64_err_1.52588e-05_size_616_depth_22,VACSEM (scale-lab/VACSEM),b11ede7,Circuit2Cnf/input/add64/2_add64_err_1.52588e-05_size_616_depth_22.blif,formal/assets/add64/2_add64_err_1.52588e-05_size_616_depth_22.blif,blif,f266c6406568f1af9f0bdbc5f35dbff82941d0dfcafe44c170cb35e59dcf07d9,approx,equal_interval_10_of_11,,"VACSEM official repository input BLIF, frozen commit b11ede7; selection = frozen REMV-Ax formal manifest deterministic equal-interval rule"
64,3_add64_err_0.00190735_size_612_depth_22,VACSEM (scale-lab/VACSEM),b11ede7,Circuit2Cnf/input/add64/3_add64_err_0.00190735_size_612_depth_22.blif,formal/assets/add64/3_add64_err_0.00190735_size_612_depth_22.blif,blif,1a279fa7c0299d85555473130321bac033a91f8b1cfdff594494bb83fcf3dbab,approx,equal_interval_10_of_11,,"VACSEM official repository input BLIF, frozen commit b11ede7; selection = frozen REMV-Ax formal manifest deterministic equal-interval rule"
64,4_add64_err_0.00386047_size_605_depth_22,VACSEM (scale-lab/VACSEM),b11ede7,Circuit2Cnf/input/add64/4_add64_err_0.00386047_size_605_depth_22.blif,formal/assets/add64/4_add64_err_0.00386047_size_605_depth_22.blif,blif,c9bd4096a74528967245e727092ca3644b14f191458e7e5808d4a4eaec304d38,approx,equal_interval_10_of_11,,"VACSEM official repository input BLIF, frozen commit b11ede7; selection = frozen REMV-Ax formal manifest deterministic equal-interval rule"
64,5_add64_err_0.0058136_size_596_depth_22,VACSEM (scale-lab/VACSEM),b11ede7,Circuit2Cnf/input/add64/5_add64_err_0.0058136_size_596_depth_22.blif,formal/assets/add64/5_add64_err_0.0058136_size_596_depth_22.blif,blif,13a11bf6ac15e18f569dd3987129705e889bd6dbbf94a704f59482df74f2f58b,approx,equal_interval_10_of_11,,"VACSEM official repository input BLIF, frozen commit b11ede7; selection = frozen REMV-Ax formal manifest deterministic equal-interval rule"
64,6_add64_err_0.00787354_size_594_depth_22,VACSEM (scale-lab/VACSEM),b11ede7,Circuit2Cnf/input/add64/6_add64_err_0.00787354_size_594_depth_22.blif,formal/assets/add64/6_add64_err_0.00787354_size_594_depth_22.blif,blif,72f205a8376e54048c33b9dc43653e33ce2be9c3b6c24a0a63049dbe9bd94945,approx,equal_interval_10_of_11,,"VACSEM official repository input BLIF, frozen commit b11ede7; selection = frozen REMV-Ax formal manifest deterministic equal-interval rule"
64,7_add64_err_0.0100861_size_585_depth_22,VACSEM (scale-lab/VACSEM),b11ede7,Circuit2Cnf/input/add64/7_add64_err_0.0100861_size_585_depth_22.blif,formal/assets/add64/7_add64_err_0.0100861_size_585_depth_22.blif,blif,72d7f98dd680a4894c8f644f840b1e380dc14cf42555fb4b0d291d2bf85f10f9,approx,equal_interval_10_of_11,,"VACSEM official repository input BLIF, frozen commit b11ede7; selection = frozen REMV-Ax formal manifest deterministic equal-interval rule"
64,8_add64_err_0.0155334_size_581_depth_22,VACSEM (scale-lab/VACSEM),b11ede7,Circuit2Cnf/input/add64/8_add64_err_0.0155334_size_581_depth_22.blif,formal/assets/add64/8_add64_err_0.0155334_size_581_depth_22.blif,blif,b8a10d35951ac83ef22814455e87203250efe6d2f67723fe3366b8963f65fe2d,approx,equal_interval_10_of_11,,"VACSEM official repository input BLIF, frozen commit b11ede7; selection = frozen REMV-Ax formal manifest deterministic equal-interval rule"
16,add16,VACSEM,b11ede7,Circuit2Cnf/input/add16/add16.blif,formal/assets/add16/add16.blif,blif,1274da5bf1c5730b2128cb065b3d32b6322fda61d7f4d515315ffabe1012d426,exact,exact_counterpart,,VACSEM official exact adder
32,add32,VACSEM,b11ede7,Circuit2Cnf/input/add32/add32.blif,formal/assets/add32/add32.blif,blif,e8de7d5dbb5b0554267e77f6658922e2e9a60f697d8efcf67b88ac25d515f004,exact,exact_counterpart,,VACSEM official exact adder
64,add64,VACSEM,b11ede7,Circuit2Cnf/input/add64/add64.blif,formal/assets/add64/add64.blif,blif,2f9a2ecbb818594293af81d8dad0582d14bcc040c4184a09dfc919c3f65adee9,exact,exact_counterpart,,VACSEM official exact adder
,width_17_absolute_error,VACSEM,b11ede7,Circuit2Cnf/input/deviation-function/width_17_absolute_error.blif,formal/assets/deviation-function/width_17_absolute_error.blif,blif,979d0bac7cfd9eb94f471182ce43cbb695f3b05409d384406e6cc3f23b827221,deviation_function,,,VACSEM official absolute-error deviation function
,width_17_absolute_error,VACSEM,b11ede7,Circuit2Cnf/input/deviation-function/width_17_absolute_error.v,formal/assets/deviation-function/width_17_absolute_error.v,v,4728d975079a83a423d7472652014a08672780c64b431d9029839c76339f6cc9,deviation_function,,,VACSEM official absolute-error deviation function
,width_33_absolute_error,VACSEM,b11ede7,Circuit2Cnf/input/deviation-function/width_33_absolute_error.blif,formal/assets/deviation-function/width_33_absolute_error.blif,blif,6612bb4540393039b52047626ccb5fb926b8d66efe251f2bdaaab201b9691c40,deviation_function,,,VACSEM official absolute-error deviation function
,width_33_absolute_error,VACSEM,b11ede7,Circuit2Cnf/input/deviation-function/width_33_absolute_error.v,formal/assets/deviation-function/width_33_absolute_error.v,v,86e8b3d4767a2e6e5a17071906a4b2e9ad7502170f6334b04d7894081240271e,deviation_function,,,VACSEM official absolute-error deviation function
,width_65_absolute_error,VACSEM,b11ede7,Circuit2Cnf/input/deviation-function/width_65_absolute_error.blif,formal/assets/deviation-function/width_65_absolute_error.blif,blif,062f151d419838e8f13eb66cd91f1e9827414e4804a7844ed858304beb355f73,deviation_function,,,VACSEM official absolute-error deviation function
,width_65_absolute_error,VACSEM,b11ede7,Circuit2Cnf/input/deviation-function/width_65_absolute_error.v,formal/assets/deviation-function/width_65_absolute_error.v,v,1bc99faaf28da5ac48fe5ba35a4948b88841ff82ab83ad508f2612fb9a8f1c5a,deviation_function,,,VACSEM official absolute-error deviation function
