width,case_id,compile_ER_status,compile_MED_status,ER_cross_validation_status,supplementary_stress_probe
128,1_add128_err_0_size_1291_depth_27,PASS,PASS,FULL,False
128,2_add128_err_0_size_1272_depth_27,PASS,PASS,FULL,False
128,4_add128_err_0_size_1253_depth_27,TIMEOUT,PASS,PARTIAL,False
128,6_add128_err_0.00038147_size_1248_depth_27,PASS,PASS,FULL,False
128,8_add128_err_0.00361633_size_1230_depth_27,PASS,PASS,FULL,False
128,10_add128_err_0.00714111_size_1215_depth_27,PASS,PASS,FULL,False
128,11_add128_err_0.00904846_size_1205_depth_27,PASS,PASS,FULL,False
128,13_add128_err_0.0129547_size_1191_depth_27,PASS,PASS,FULL,False
128,15_add128_err_0.0169067_size_1176_depth_27,PASS,PASS,FULL,False
128,17_add128_err_0.0470276_size_1167_depth_27,PASS,PASS,FULL,False
192,3_add192_err_0_size_1935_depth_28,PASS,PASS,FULL,False
192,6_add192_err_0_size_1912_depth_28,PASS,PASS,FULL,False
192,10_add192_err_0.000213623_size_1884_depth_28,TIMEOUT,TIMEOUT,PARTIAL,False
192,13_add192_err_0.00364685_size_1864_depth_28,PASS,PASS,FULL,False
192,16_add192_err_0.00900269_size_1841_depth_28,TIMEOUT,PASS,PARTIAL,False
192,19_add192_err_0.0145569_size_1814_depth_28,TIMEOUT,PASS,PARTIAL,False
192,21_add192_err_0.0184631_size_1799_depth_28,TIMEOUT,TIMEOUT,PARTIAL,False
192,25_add192_err_0.0267792_size_1775_depth_28,TIMEOUT,TIMEOUT,PARTIAL,False
192,28_add192_err_0.0333099_size_1758_depth_28,TIMEOUT,PASS,PARTIAL,False
192,30_add192_err_0.0512085_size_1751_depth_28,TIMEOUT,PASS,PARTIAL,False
256,3_add256_err_0_size_2601_depth_31,NOT_RUN_RESOURCE_LIMIT,NOT_RUN_RESOURCE_LIMIT,NO_D4,True
256,5_add256_err_0_size_2581_depth_31,NOT_RUN_RESOURCE_LIMIT,NOT_RUN_RESOURCE_LIMIT,NO_D4,True
256,10_add256_err_0_size_2531_depth_31,PASS,NOT_RUN_RESOURCE_LIMIT,FULL,True
256,14_add256_err_0.000198364_size_2509_depth_31,NOT_RUN_RESOURCE_LIMIT,NOT_RUN_RESOURCE_LIMIT,NO_D4,True
256,18_add256_err_0.00532532_size_2478_depth_31,NOT_RUN_RESOURCE_LIMIT,NOT_RUN_RESOURCE_LIMIT,NO_D4,True
256,21_add256_err_0.0107269_size_2459_depth_31,NOT_RUN_RESOURCE_LIMIT,NOT_RUN_RESOURCE_LIMIT,NO_D4,True
256,25_add256_err_0.0180206_size_2431_depth_31,NOT_RUN_RESOURCE_LIMIT,NOT_RUN_RESOURCE_LIMIT,NO_D4,True
256,29_add256_err_0.0253906_size_2409_depth_31,NOT_RUN_RESOURCE_LIMIT,NOT_RUN_RESOURCE_LIMIT,NO_D4,True
256,32_add256_err_0.0311584_size_2389_depth_31,NOT_RUN_RESOURCE_LIMIT,NOT_RUN_RESOURCE_LIMIT,NO_D4,True
256,36_add256_err_0.039444_size_2366_depth_31,NOT_RUN_RESOURCE_LIMIT,NOT_RUN_RESOURCE_LIMIT,NO_D4,True
