width,case_id,task,reason
192,10_add192_err_0.000213623_size_1884_depth_28,D0,compile_MED timeout (180s)
192,10_add192_err_0.000213623_size_1884_depth_28,D1,compile_MED timeout (180s)
192,10_add192_err_0.000213623_size_1884_depth_28,D2,compile_MED timeout (180s)
192,10_add192_err_0.000213623_size_1884_depth_28,D3,compile_MED timeout (180s)
192,10_add192_err_0.000213623_size_1884_depth_28,D4,compile_MED timeout (180s)
192,10_add192_err_0.000213623_size_1884_depth_28,D5,compile_MED timeout (180s)
192,21_add192_err_0.0184631_size_1799_depth_28,D0,compile_MED timeout (180s)
192,21_add192_err_0.0184631_size_1799_depth_28,D1,compile_MED timeout (180s)
192,21_add192_err_0.0184631_size_1799_depth_28,D2,compile_MED timeout (180s)
192,21_add192_err_0.0184631_size_1799_depth_28,D3,compile_MED timeout (180s)
192,21_add192_err_0.0184631_size_1799_depth_28,D4,compile_MED timeout (180s)
192,21_add192_err_0.0184631_size_1799_depth_28,D5,compile_MED timeout (180s)
192,25_add192_err_0.0267792_size_1775_depth_28,D0,compile_MED timeout (180s)
192,25_add192_err_0.0267792_size_1775_depth_28,D1,compile_MED timeout (180s)
192,25_add192_err_0.0267792_size_1775_depth_28,D2,compile_MED timeout (180s)
192,25_add192_err_0.0267792_size_1775_depth_28,D3,compile_MED timeout (180s)
192,25_add192_err_0.0267792_size_1775_depth_28,D4,compile_MED timeout (180s)
192,25_add192_err_0.0267792_size_1775_depth_28,D5,compile_MED timeout (180s)
