width,case_id,task,elapsed_s
128,4_add128_err_0_size_1253_depth_27,compile_ER,181.834
128,4_add128_err_0_size_1253_depth_27,timing_K16,181.204
192,10_add192_err_0.000213623_size_1884_depth_28,compile_ER,181.212
192,10_add192_err_0.000213623_size_1884_depth_28,compile_MED,635.781
192,10_add192_err_0.000213623_size_1884_depth_28,timing_K16,181.307
192,10_add192_err_0.000213623_size_1884_depth_28,timing_K64,181.179
192,13_add192_err_0.00364685_size_1864_depth_28,timing_K64,181.378
192,16_add192_err_0.00900269_size_1841_depth_28,compile_ER,181.339
192,16_add192_err_0.00900269_size_1841_depth_28,timing_K16,181.383
192,16_add192_err_0.00900269_size_1841_depth_28,timing_K64,181.409
192,19_add192_err_0.0145569_size_1814_depth_28,compile_ER,181.39
192,19_add192_err_0.0145569_size_1814_depth_28,timing_K16,181.388
192,19_add192_err_0.0145569_size_1814_depth_28,timing_K64,181.415
192,21_add192_err_0.0184631_size_1799_depth_28,compile_ER,181.387
192,21_add192_err_0.0184631_size_1799_depth_28,compile_MED,794.001
192,21_add192_err_0.0184631_size_1799_depth_28,timing_K16,181.403
192,21_add192_err_0.0184631_size_1799_depth_28,timing_K64,181.4
192,25_add192_err_0.0267792_size_1775_depth_28,compile_ER,181.42
192,25_add192_err_0.0267792_size_1775_depth_28,compile_MED,46.053
192,28_add192_err_0.0333099_size_1758_depth_28,compile_ER,181.226
192,28_add192_err_0.0333099_size_1758_depth_28,timing_K16,181.152
192,28_add192_err_0.0333099_size_1758_depth_28,timing_K64,181.171
192,30_add192_err_0.0512085_size_1751_depth_28,compile_ER,181.238
192,30_add192_err_0.0512085_size_1751_depth_28,timing_K16,184.947
192,30_add192_err_0.0512085_size_1751_depth_28,timing_K64,181.126
