width,path,metric,n_designs,n_pairs,n_transition_pairs,n_distinct_transition_points,n_touching_points,n_endpoint_root_pairs,n_stable_intervals,multi_flip_pairs,n_identical_pairs,t_total_s
64,D0D1,ER,10,45,0,0,0,0,1,[],0,59.375
64,D0D1,MED,10,45,0,0,0,13,1,[],0,59.491
64,D0D2,ER,10,45,1,1,0,0,2,[],0,59.372
64,D0D2,MED,10,45,3,3,0,13,4,[],0,84.468
64,D0D3,ER,10,45,0,0,0,0,1,[],0,102.935
64,D0D3,MED,10,45,2,2,0,13,3,[],0,85.279
64,D0D4,ER,10,45,0,0,0,0,1,[],0,43.335
64,D0D4,MED,10,45,0,0,0,13,1,[],0,60.145
64,D0D5,ER,10,45,0,0,0,0,1,[],0,45.56
64,D0D5,MED,10,45,0,0,0,13,1,[],0,39.563
64,Rnew,ER,10,45,0,0,0,0,1,[],0,18.207
64,Rnew,MED,10,45,13,23,0,0,24,"[[""10_add64_err_0.0665131_size_574_depth_22"", ""11_add64_err_0.0929413_size_571_depth_22"", 2], [""10_add64_err_0.0665131_size_574_depth_22"", ""7_add64_err_0.0100861_size_585_depth_22"", 2], [""11_add64_err_0.0929413_size_571_depth_22"", ""7_add64_err_0.0100861_size_585_depth_22"", 2], [""2_add64_err_1.52588e-05_size_616_depth_22"", ""3_add64_err_0.00190735_size_612_depth_22"", 2], [""2_add64_err_1.52588e-05_size_616_depth_22"", ""4_add64_err_0.00386047_size_605_depth_22"", 2], [""2_add64_err_1.52588e-05_size_616_depth_22"", ""5_add64_err_0.0058136_size_596_depth_22"", 2], [""2_add64_err_1.52588e-05_size_616_depth_22"", ""6_add64_err_0.00787354_size_594_depth_22"", 2], [""3_add64_err_0.00190735_size_612_depth_22"", ""6_add64_err_0.00787354_size_594_depth_22"", 2], [""4_add64_err_0.00386047_size_605_depth_22"", ""6_add64_err_0.00787354_size_594_depth_22"", 2], [""5_add64_err_0.0058136_size_596_depth_22"", ""6_add64_err_0.00787354_size_594_depth_22"", 2]]",0,188.781
